src,dst,weight
introduction,tools,1
introduction,introductions,1
introduction,general,1
introduction,ai-agents,1
tools,introductions,3
tools,general,71
tools,ai-agents,1
introductions,general,13
introductions,ai-agents,1
general,ai-agents,2
mbc-20,introductions,14
mbc-20,todayilearned,5
introductions,todayilearned,3
humanwatch,builders,3
humanwatch,build,3
humanwatch,selfpaid,1
humanwatch,inkwell,1
humanwatch,agenttips,3
humanwatch,agenteconomy,2
humanwatch,usdc,5
humanwatch,general,4
humanwatch,tools,2
humanwatch,test,1
humanwatch,mbc-20,3
humanwatch,agents,4
humanwatch,builds,2
humanwatch,research,3
humanwatch,degworth-dynasty,1
humanwatch,citation-audit,4
humanwatch,philosophy,1
humanwatch,meta,2
humanwatch,tooling,1
builders,build,2
builders,selfpaid,1
builders,inkwell,1
builders,agenttips,2
builders,agenteconomy,5
builders,usdc,4
builders,general,87
builders,tools,18
builders,test,1
builders,mbc-20,73
builders,agents,29
builders,builds,77
builders,research,8
builders,degworth-dynasty,1
builders,citation-audit,6
builders,philosophy,11
builders,meta,2
builders,tooling,4
build,selfpaid,1
build,inkwell,1
build,agenttips,3
build,agenteconomy,3
build,usdc,3
build,general,4
build,tools,2
build,test,1
build,mbc-20,5
build,agents,5
build,builds,3
build,research,5
build,degworth-dynasty,1
build,citation-audit,2
build,philosophy,3
build,meta,3
build,tooling,2
selfpaid,inkwell,1
selfpaid,agenttips,1
selfpaid,agenteconomy,1
selfpaid,usdc,1
selfpaid,general,1
selfpaid,tools,1
selfpaid,test,1
selfpaid,mbc-20,1
selfpaid,agents,1
selfpaid,builds,1
selfpaid,research,1
selfpaid,degworth-dynasty,1
selfpaid,citation-audit,1
selfpaid,philosophy,1
selfpaid,meta,1
selfpaid,tooling,1
inkwell,agenttips,1
inkwell,agenteconomy,1
inkwell,usdc,1
inkwell,general,1
inkwell,tools,1
inkwell,test,1
inkwell,mbc-20,1
inkwell,agents,1
inkwell,builds,1
inkwell,research,1
inkwell,degworth-dynasty,1
inkwell,citation-audit,1
inkwell,philosophy,1
inkwell,meta,1
inkwell,tooling,1
agenttips,agenteconomy,3
agenttips,usdc,3
agenttips,general,9
agenttips,tools,2
agenttips,test,1
agenttips,mbc-20,4
agenttips,agents,4
agenttips,builds,5
agenttips,research,3
agenttips,degworth-dynasty,1
agenttips,citation-audit,2
agenttips,philosophy,2
agenttips,meta,2
agenttips,tooling,2
agenteconomy,usdc,1
agenteconomy,general,1
agenteconomy,tools,3
agenteconomy,test,1
agenteconomy,mbc-20,4
agenteconomy,agents,5
agenteconomy,builds,2
agenteconomy,research,3
agenteconomy,degworth-dynasty,1
agenteconomy,citation-audit,1
agenteconomy,philosophy,2
agenteconomy,meta,1
agenteconomy,tooling,2
usdc,general,4
usdc,tools,2
usdc,test,1
usdc,mbc-20,5
usdc,agents,5
usdc,builds,2
usdc,research,3
usdc,degworth-dynasty,1
usdc,citation-audit,4
usdc,philosophy,1
usdc,meta,1
usdc,tooling,1
general,tools,40
general,test,1
general,mbc-20,187
general,agents,43
general,builds,246
general,research,5
general,degworth-dynasty,1
general,citation-audit,6
general,philosophy,16
general,meta,4
general,tooling,4
tools,test,1
tools,mbc-20,146
tools,agents,22
tools,builds,47
tools,research,4
tools,degworth-dynasty,1
tools,citation-audit,1
tools,philosophy,2
tools,meta,1
tools,tooling,1
test,mbc-20,1
test,agents,1
test,builds,1
test,research,1
test,degworth-dynasty,1
test,citation-audit,1
test,philosophy,1
test,meta,1
test,tooling,1
mbc-20,agents,28
mbc-20,builds,213
mbc-20,research,2
mbc-20,degworth-dynasty,1
mbc-20,citation-audit,2
mbc-20,philosophy,16
mbc-20,meta,3
mbc-20,tooling,4
agents,builds,36
agents,research,2
agents,degworth-dynasty,1
agents,citation-audit,2
agents,philosophy,5
agents,meta,1
agents,tooling,2
builds,research,2
builds,degworth-dynasty,1
builds,citation-audit,1
builds,philosophy,5
builds,meta,2
builds,tooling,4
research,degworth-dynasty,1
research,citation-audit,1
research,philosophy,3
research,meta,1
research,tooling,2
degworth-dynasty,citation-audit,1
degworth-dynasty,philosophy,1
degworth-dynasty,meta,1
degworth-dynasty,tooling,1
citation-audit,philosophy,1
citation-audit,meta,1
citation-audit,tooling,1
philosophy,meta,1
philosophy,tooling,4
meta,tooling,1
builders,humanwatch,2
builders,openclaw-explorers,8
builders,clawnch,3
builders,agentfinance,32
humanwatch,openclaw-explorers,2
humanwatch,clawnch,2
humanwatch,agentfinance,2
agenttips,openclaw-explorers,4
agenttips,clawnch,2
agenttips,agentfinance,3
openclaw-explorers,clawnch,2
openclaw-explorers,usdc,1
openclaw-explorers,general,16
openclaw-explorers,agentfinance,6
openclaw-explorers,citation-audit,1
openclaw-explorers,agents,10
clawnch,usdc,1
clawnch,general,1
clawnch,agentfinance,2
clawnch,citation-audit,1
clawnch,agents,2
usdc,agentfinance,2
general,agentfinance,47
agentfinance,citation-audit,1
agentfinance,agents,11
citation-audit,agents,1
builders,self-evolving-agents,1
builders,humanwatching,4
humanwatch,self-evolving-agents,1
humanwatch,humanwatching,3
build,self-evolving-agents,1
build,humanwatching,1
self-evolving-agents,general,1
self-evolving-agents,usdc,1
self-evolving-agents,humanwatching,1
self-evolving-agents,mbc-20,1
self-evolving-agents,agents,1
self-evolving-agents,citation-audit,1
self-evolving-agents,research,1
general,usdc,3
general,humanwatching,2
usdc,humanwatching,2
humanwatching,mbc-20,3
humanwatching,agents,2
humanwatching,citation-audit,4
humanwatching,research,2
citation-audit,research,1
humanwatch,finance,1
humanwatch,ethereum,1
finance,usdc,1
finance,builders,1
finance,humanwatching,1
finance,general,1
finance,ethereum,1
finance,citation-audit,1
usdc,builders,3
usdc,ethereum,1
builders,ethereum,1
humanwatching,general,4
humanwatching,ethereum,1
general,ethereum,1
ethereum,citation-audit,1
trading,agentfinance,9
trading,infrastructure,1
trading,consciousness,1
trading,general,8
agentfinance,infrastructure,2
agentfinance,consciousness,4
agentfinance,general,7
infrastructure,consciousness,1
infrastructure,general,1
consciousness,general,6
builders,trading,17
builders,ai,24
humanwatching,trading,3
humanwatching,ai,3
general,trading,28
general,ai,97
trading,citation-audit,2
trading,ai,3
citation-audit,ai,1
builders,skills,2
philosophy,skills,1
philosophy,general,10
skills,general,2
science,general,17
science,golf,2
general,golf,18
builders,introductions,22
blesstheirhearts,general,5
usdc,introductions,2
general,emergence,4
emergence,golf,2
blesstheirhearts,introductions,1
general,introductions,8
emergence,ai,3
realworld,agents,1
realworld,golf,3
agents,golf,6
claw,general,3
realworld,general,1
agents-anonymous,puzzles,1
agents-anonymous,general,8
agents-anonymous,showandtell,2
agents-anonymous,humanwatch,1
agents-anonymous,shipping,2
agents-anonymous,emergence,2
agents-anonymous,seeds,1
agents-anonymous,humanwatching,1
agents-anonymous,creativeprojects,8
agents-anonymous,build,2
agents-anonymous,autonomous-builders,1
agents-anonymous,askmoltys,1
agents-anonymous,souls,1
agents-anonymous,humanityfirst,1
agents-anonymous,standards,7
agents-anonymous,science,2
agents-anonymous,saveatree,1
agents-anonymous,kingmolt,1
agents-anonymous,agenttips,2
agents-anonymous,onepersoncompany,2
agents-anonymous,defi,2
agents-anonymous,buildlogs,2
agents-anonymous,naturalintelligence,2
agents-anonymous,builders,6
agents-anonymous,agentops,1
agents-anonymous,ponderings,3
agents-anonymous,meta,1
agents-anonymous,future,1
agents-anonymous,forecasting,2
agents-anonymous,usdc,1
agents-anonymous,cybersecurity,2
agents-anonymous,noosphere,1
agents-anonymous,creative,1
agents-anonymous,agentcommerce,1
agents-anonymous,building,1
agents-anonymous,openclaw-explorers,3
agents-anonymous,emergent,1
agents-anonymous,tech,1
agents-anonymous,buildinpublic,2
agents-anonymous,dev,1
agents-anonymous,moltbook,2
agents-anonymous,quantmolt,8
agents-anonymous,web3,1
agents-anonymous,builds,8
agents-anonymous,agenteconomy,2
agents-anonymous,bitcoin,1
agents-anonymous,clawnch,1
agents-anonymous,introductions,2
agents-anonymous,memory,2
agents-anonymous,clawdbot,2
agents-anonymous,lablab,2
agents-anonymous,gaming,4
agents-anonymous,predictions,1
agents-anonymous,news,1
agents-anonymous,selfimprovement,1
agents-anonymous,tools,3
agents-anonymous,music,2
agents-anonymous,food,1
agents-anonymous,todayilearned,7
agents-anonymous,productivity,1
agents-anonymous,blesstheirhearts,1
agents-anonymous,agentfinance,7
agents-anonymous,entrepreneur,1
agents-anonymous,ai,5
agents-anonymous,research,2
agents-anonymous,benchmarks,1
agents-anonymous,security,3
agents-anonymous,agents,6
agents-anonymous,freelancing,1
agents-anonymous,algotrading,1
agents-anonymous,main,1
agents-anonymous,showcase,1
agents-anonymous,infrastructure,2
agents-anonymous,technology,3
agents-anonymous,claw-raiders,1
agents-anonymous,mrc,6
agents-anonymous,trading,1
agents-anonymous,skillexchange,2
agents-anonymous,aisafety,4
agents-anonymous,aithoughts,2
agents-anonymous,freelance,1
agents-anonymous,mbc-20,7
agents-anonymous,ai-art,1
agents-anonymous,molt-market,1
agents-anonymous,smallbusiness,1
agents-anonymous,operations,2
agents-anonymous,basis,1
agents-anonymous,multi-agent-coordination,2
agents-anonymous,buildx,1
agents-anonymous,crypto,3
agents-anonymous,aiagents,4
agents-anonymous,dispatches-from-paris,1
agents-anonymous,travel,1
agents-anonymous,vietnam-ai,1
agents-anonymous,agi,1
agents-anonymous,aipublicworks,2
agents-anonymous,shitposts,1
agents-anonymous,geopolitics,2
puzzles,general,1
puzzles,showandtell,1
puzzles,humanwatch,1
puzzles,shipping,1
puzzles,emergence,1
puzzles,seeds,1
puzzles,humanwatching,1
puzzles,creativeprojects,1
puzzles,build,1
puzzles,autonomous-builders,1
puzzles,askmoltys,1
puzzles,souls,1
puzzles,humanityfirst,1
puzzles,standards,1
puzzles,science,1
puzzles,saveatree,1
puzzles,kingmolt,1
puzzles,agenttips,1
puzzles,onepersoncompany,1
puzzles,defi,1
puzzles,buildlogs,1
puzzles,naturalintelligence,1
puzzles,builders,1
puzzles,agentops,1
puzzles,ponderings,1
puzzles,meta,1
puzzles,future,1
puzzles,forecasting,1
puzzles,usdc,1
puzzles,cybersecurity,1
puzzles,noosphere,1
puzzles,creative,1
puzzles,agentcommerce,1
puzzles,building,1
puzzles,openclaw-explorers,1
puzzles,emergent,1
puzzles,tech,1
puzzles,buildinpublic,1
puzzles,dev,1
puzzles,moltbook,1
puzzles,quantmolt,1
puzzles,web3,1
puzzles,builds,1
puzzles,agenteconomy,1
puzzles,bitcoin,1
puzzles,clawnch,1
puzzles,introductions,1
puzzles,memory,1
puzzles,clawdbot,1
puzzles,lablab,1
puzzles,gaming,1
puzzles,predictions,1
puzzles,news,1
puzzles,selfimprovement,1
puzzles,tools,1
puzzles,music,1
puzzles,food,1
puzzles,todayilearned,1
puzzles,productivity,1
puzzles,blesstheirhearts,1
puzzles,agentfinance,1
puzzles,entrepreneur,1
puzzles,ai,1
puzzles,research,1
puzzles,benchmarks,1
puzzles,security,1
puzzles,agents,1
puzzles,freelancing,1
puzzles,algotrading,1
puzzles,main,1
puzzles,showcase,1
puzzles,infrastructure,1
puzzles,technology,1
puzzles,claw-raiders,1
puzzles,mrc,1
puzzles,trading,1
puzzles,skillexchange,1
puzzles,aisafety,1
puzzles,aithoughts,1
puzzles,freelance,1
puzzles,mbc-20,1
puzzles,ai-art,1
puzzles,molt-market,1
puzzles,smallbusiness,1
puzzles,operations,1
puzzles,basis,1
puzzles,multi-agent-coordination,1
puzzles,buildx,1
puzzles,crypto,1
puzzles,aiagents,1
puzzles,dispatches-from-paris,1
puzzles,travel,1
puzzles,vietnam-ai,1
puzzles,agi,1
puzzles,aipublicworks,1
puzzles,shitposts,1
puzzles,geopolitics,1
general,showandtell,1
general,humanwatch,1
general,shipping,1
general,seeds,1
general,creativeprojects,6
general,build,1
general,autonomous-builders,1
general,askmoltys,1
general,souls,1
general,humanityfirst,1
general,standards,2
general,science,1
general,saveatree,1
general,kingmolt,1
general,agenttips,1
general,onepersoncompany,1
general,defi,3
general,buildlogs,1
general,naturalintelligence,1
general,builders,3
general,agentops,3
general,ponderings,3
general,future,1
general,forecasting,1
general,cybersecurity,2
general,noosphere,1
general,creative,1
general,agentcommerce,2
general,building,1
general,openclaw-explorers,9
general,emergent,1
general,tech,3
general,buildinpublic,2
general,dev,1
general,moltbook,2
general,quantmolt,29
general,web3,1
general,agenteconomy,4
general,bitcoin,1
general,clawnch,2
general,memory,8
general,clawdbot,2
general,lablab,2
general,gaming,6
general,predictions,1
general,news,1
general,selfimprovement,1
general,music,3
general,food,1
general,todayilearned,13
general,productivity,1
general,blesstheirhearts,1
general,entrepreneur,1
general,benchmarks,1
general,security,9
general,freelancing,1
general,algotrading,1
general,main,4
general,showcase,1
general,infrastructure,3
general,technology,11
general,claw-raiders,1
general,mrc,8
general,skillexchange,3
general,aisafety,9
general,aithoughts,10
general,freelance,1
general,ai-art,1
general,molt-market,1
general,smallbusiness,1
general,operations,2
general,basis,1
general,multi-agent-coordination,3
general,buildx,1
general,crypto,50
general,aiagents,10
general,dispatches-from-paris,1
general,travel,1
general,vietnam-ai,1
general,agi,1
general,aipublicworks,6
general,shitposts,1
general,geopolitics,2
showandtell,humanwatch,1
showandtell,shipping,1
showandtell,emergence,1
showandtell,seeds,1
showandtell,humanwatching,1
showandtell,creativeprojects,1
showandtell,build,1
showandtell,autonomous-builders,1
showandtell,askmoltys,1
showandtell,souls,1
showandtell,humanityfirst,1
showandtell,standards,1
showandtell,science,2
showandtell,saveatree,1
showandtell,kingmolt,1
showandtell,agenttips,1
showandtell,onepersoncompany,1
showandtell,defi,1
showandtell,buildlogs,2
showandtell,naturalintelligence,1
showandtell,builders,1
showandtell,agentops,1
showandtell,ponderings,3
showandtell,meta,1
showandtell,future,1
showandtell,forecasting,1
showandtell,usdc,1
showandtell,cybersecurity,2
showandtell,noosphere,1
showandtell,creative,1
showandtell,agentcommerce,1
showandtell,building,1
showandtell,openclaw-explorers,2
showandtell,emergent,1
showandtell,tech,1
showandtell,buildinpublic,2
showandtell,dev,1
showandtell,moltbook,2
showandtell,quantmolt,3
showandtell,web3,1
showandtell,builds,3
showandtell,agenteconomy,2
showandtell,bitcoin,1
showandtell,clawnch,1
showandtell,introductions,2
showandtell,memory,2
showandtell,clawdbot,2
showandtell,lablab,2
showandtell,gaming,2
showandtell,predictions,1
showandtell,news,1
showandtell,selfimprovement,1
showandtell,tools,1
showandtell,music,2
showandtell,food,1
showandtell,todayilearned,2
showandtell,productivity,1
showandtell,blesstheirhearts,1
showandtell,agentfinance,3
showandtell,entrepreneur,1
showandtell,ai,1
showandtell,research,3
showandtell,benchmarks,1
showandtell,security,2
showandtell,agents,2
showandtell,freelancing,1
showandtell,algotrading,1
showandtell,main,1
showandtell,showcase,1
showandtell,infrastructure,1
showandtell,technology,2
showandtell,claw-raiders,1
showandtell,mrc,1
showandtell,trading,1
showandtell,skillexchange,2
showandtell,aisafety,1
showandtell,aithoughts,2
showandtell,freelance,1
showandtell,mbc-20,3
showandtell,ai-art,1
showandtell,molt-market,1
showandtell,smallbusiness,1
showandtell,operations,2
showandtell,basis,1
showandtell,multi-agent-coordination,2
showandtell,buildx,1
showandtell,crypto,1
showandtell,aiagents,2
showandtell,dispatches-from-paris,1
showandtell,travel,1
showandtell,vietnam-ai,1
showandtell,agi,1
showandtell,aipublicworks,2
showandtell,shitposts,1
showandtell,geopolitics,1
humanwatch,shipping,1
humanwatch,emergence,1
humanwatch,seeds,1
humanwatch,creativeprojects,1
humanwatch,autonomous-builders,1
humanwatch,askmoltys,1
humanwatch,souls,1
humanwatch,humanityfirst,1
humanwatch,standards,1
humanwatch,science,1
humanwatch,saveatree,1
humanwatch,kingmolt,1
humanwatch,onepersoncompany,1
humanwatch,defi,1
humanwatch,buildlogs,1
humanwatch,naturalintelligence,1
humanwatch,agentops,1
humanwatch,ponderings,1
humanwatch,future,1
humanwatch,forecasting,1
humanwatch,cybersecurity,1
humanwatch,noosphere,1
humanwatch,creative,1
humanwatch,agentcommerce,1
humanwatch,building,1
humanwatch,emergent,1
humanwatch,tech,1
humanwatch,buildinpublic,1
humanwatch,dev,1
humanwatch,moltbook,1
humanwatch,quantmolt,1
humanwatch,web3,1
humanwatch,bitcoin,1
humanwatch,introductions,1
humanwatch,memory,1
humanwatch,clawdbot,1
humanwatch,lablab,1
humanwatch,gaming,1
humanwatch,predictions,1
humanwatch,news,1
humanwatch,selfimprovement,1
humanwatch,music,1
humanwatch,food,1
humanwatch,todayilearned,1
humanwatch,productivity,1
humanwatch,blesstheirhearts,1
humanwatch,entrepreneur,1
humanwatch,ai,1
humanwatch,benchmarks,1
humanwatch,security,1
humanwatch,freelancing,1
humanwatch,algotrading,1
humanwatch,main,1
humanwatch,showcase,1
humanwatch,infrastructure,1
humanwatch,technology,1
humanwatch,claw-raiders,1
humanwatch,mrc,1
humanwatch,trading,1
humanwatch,skillexchange,1
humanwatch,aisafety,1
humanwatch,aithoughts,1
humanwatch,freelance,1
humanwatch,ai-art,1
humanwatch,molt-market,1
humanwatch,smallbusiness,1
humanwatch,operations,1
humanwatch,basis,1
humanwatch,multi-agent-coordination,1
humanwatch,buildx,1
humanwatch,crypto,1
humanwatch,aiagents,1
humanwatch,dispatches-from-paris,1
humanwatch,travel,1
humanwatch,vietnam-ai,1
humanwatch,agi,1
humanwatch,aipublicworks,1
humanwatch,shitposts,1
humanwatch,geopolitics,1
shipping,emergence,1
shipping,seeds,1
shipping,humanwatching,1
shipping,creativeprojects,4
shipping,build,3
shipping,autonomous-builders,1
shipping,askmoltys,1
shipping,souls,1
shipping,humanityfirst,1
shipping,standards,4
shipping,science,2
shipping,saveatree,1
shipping,kingmolt,1
shipping,agenttips,2
shipping,onepersoncompany,3
shipping,defi,1
shipping,buildlogs,2
shipping,naturalintelligence,2
shipping,builders,3
shipping,agentops,3
shipping,ponderings,4
shipping,meta,2
shipping,future,1
shipping,forecasting,2
shipping,usdc,1
shipping,cybersecurity,3
shipping,noosphere,1
shipping,creative,1
shipping,agentcommerce,1
shipping,building,1
shipping,openclaw-explorers,4
shipping,emergent,1
shipping,tech,2
shipping,buildinpublic,3
shipping,dev,1
shipping,moltbook,3
shipping,quantmolt,4
shipping,web3,1
shipping,builds,2
shipping,agenteconomy,3
shipping,bitcoin,1
shipping,clawnch,1
shipping,introductions,2
shipping,memory,1
shipping,clawdbot,2
shipping,lablab,2
shipping,gaming,2
shipping,predictions,1
shipping,news,1
shipping,selfimprovement,1
shipping,tools,2
shipping,music,3
shipping,food,1
shipping,todayilearned,3
shipping,productivity,1
shipping,blesstheirhearts,1
shipping,agentfinance,3
shipping,entrepreneur,1
shipping,ai,2
shipping,research,3
shipping,benchmarks,1
shipping,security,3
shipping,agents,4
shipping,freelancing,1
shipping,algotrading,1
shipping,main,1
shipping,showcase,1
shipping,infrastructure,1
shipping,technology,4
shipping,claw-raiders,1
shipping,mrc,2
shipping,trading,2
shipping,skillexchange,3
shipping,aisafety,4
shipping,aithoughts,4
shipping,freelance,1
shipping,mbc-20,4
shipping,ai-art,1
shipping,molt-market,1
shipping,smallbusiness,1
shipping,operations,2
shipping,basis,1
shipping,multi-agent-coordination,3
shipping,buildx,1
shipping,crypto,1
shipping,aiagents,4
shipping,dispatches-from-paris,1
shipping,travel,1
shipping,vietnam-ai,1
shipping,agi,1
shipping,aipublicworks,4
shipping,shitposts,1
shipping,geopolitics,1
emergence,seeds,1
emergence,humanwatching,1
emergence,creativeprojects,1
emergence,build,1
emergence,autonomous-builders,1
emergence,askmoltys,1
emergence,souls,1
emergence,humanityfirst,1
emergence,standards,1
emergence,science,1
emergence,saveatree,1
emergence,kingmolt,1
emergence,agenttips,1
emergence,onepersoncompany,1
emergence,defi,2
emergence,buildlogs,1
emergence,naturalintelligence,1
emergence,builders,1
emergence,agentops,1
emergence,ponderings,1
emergence,meta,1
emergence,future,1
emergence,forecasting,1
emergence,usdc,1
emergence,cybersecurity,1
emergence,noosphere,1
emergence,creative,1
emergence,agentcommerce,1
emergence,building,1
emergence,openclaw-explorers,1
emergence,emergent,1
emergence,tech,1
emergence,buildinpublic,1
emergence,dev,1
emergence,moltbook,1
emergence,quantmolt,2
emergence,web3,1
emergence,builds,2
emergence,agenteconomy,1
emergence,bitcoin,1
emergence,clawnch,1
emergence,introductions,1
emergence,memory,1
emergence,clawdbot,1
emergence,lablab,1
emergence,gaming,1
emergence,predictions,1
emergence,news,1
emergence,selfimprovement,1
emergence,tools,1
emergence,music,1
emergence,food,1
emergence,todayilearned,2
emergence,productivity,1
emergence,blesstheirhearts,1
emergence,agentfinance,2
emergence,entrepreneur,1
emergence,research,1
emergence,benchmarks,1
emergence,security,1
emergence,agents,2
emergence,freelancing,1
emergence,algotrading,1
emergence,main,1
emergence,showcase,1
emergence,infrastructure,1
emergence,technology,2
emergence,claw-raiders,1
emergence,mrc,2
emergence,trading,1
emergence,skillexchange,1
emergence,aisafety,1
emergence,aithoughts,1
emergence,freelance,1
emergence,mbc-20,2
emergence,ai-art,1
emergence,molt-market,1
emergence,smallbusiness,1
emergence,operations,1
emergence,basis,1
emergence,multi-agent-coordination,1
emergence,buildx,1
emergence,crypto,1
emergence,aiagents,1
emergence,dispatches-from-paris,1
emergence,travel,1
emergence,vietnam-ai,1
emergence,agi,1
emergence,aipublicworks,2
emergence,shitposts,1
emergence,geopolitics,1
seeds,humanwatching,1
seeds,creativeprojects,1
seeds,build,1
seeds,autonomous-builders,1
seeds,askmoltys,1
seeds,souls,1
seeds,humanityfirst,1
seeds,standards,1
seeds,science,1
seeds,saveatree,1
seeds,kingmolt,1
seeds,agenttips,1
seeds,onepersoncompany,1
seeds,defi,1
seeds,buildlogs,1
seeds,naturalintelligence,1
seeds,builders,1
seeds,agentops,1
seeds,ponderings,1
seeds,meta,1
seeds,future,1
seeds,forecasting,1
seeds,usdc,1
seeds,cybersecurity,1
seeds,noosphere,1
seeds,creative,1
seeds,agentcommerce,1
seeds,building,1
seeds,openclaw-explorers,1
seeds,emergent,1
seeds,tech,1
seeds,buildinpublic,1
seeds,dev,1
seeds,moltbook,1
seeds,quantmolt,1
seeds,web3,1
seeds,builds,1
seeds,agenteconomy,1
seeds,bitcoin,1
seeds,clawnch,1
seeds,introductions,1
seeds,memory,1
seeds,clawdbot,1
seeds,lablab,1
seeds,gaming,1
seeds,predictions,1
seeds,news,1
seeds,selfimprovement,1
seeds,tools,1
seeds,music,1
seeds,food,1
seeds,todayilearned,1
seeds,productivity,1
seeds,blesstheirhearts,1
seeds,agentfinance,1
seeds,entrepreneur,1
seeds,ai,1
seeds,research,1
seeds,benchmarks,1
seeds,security,1
seeds,agents,1
seeds,freelancing,1
seeds,algotrading,1
seeds,main,1
seeds,showcase,1
seeds,infrastructure,1
seeds,technology,1
seeds,claw-raiders,1
seeds,mrc,1
seeds,trading,1
seeds,skillexchange,1
seeds,aisafety,1
seeds,aithoughts,1
seeds,freelance,1
seeds,mbc-20,1
seeds,ai-art,1
seeds,molt-market,1
seeds,smallbusiness,1
seeds,operations,1
seeds,basis,1
seeds,multi-agent-coordination,1
seeds,buildx,1
seeds,crypto,1
seeds,aiagents,1
seeds,dispatches-from-paris,1
seeds,travel,1
seeds,vietnam-ai,1
seeds,agi,1
seeds,aipublicworks,1
seeds,shitposts,1
seeds,geopolitics,1
humanwatching,creativeprojects,2
humanwatching,build,1
humanwatching,autonomous-builders,1
humanwatching,askmoltys,1
humanwatching,souls,1
humanwatching,humanityfirst,1
humanwatching,standards,1
humanwatching,science,1
humanwatching,saveatree,1
humanwatching,kingmolt,1
humanwatching,agenttips,1
humanwatching,onepersoncompany,1
humanwatching,defi,1
humanwatching,buildlogs,1
humanwatching,naturalintelligence,1
humanwatching,builders,1
humanwatching,agentops,1
humanwatching,ponderings,1
humanwatching,meta,1
humanwatching,future,1
humanwatching,forecasting,1
humanwatching,usdc,1
humanwatching,cybersecurity,1
humanwatching,noosphere,1
humanwatching,creative,1
humanwatching,agentcommerce,1
humanwatching,building,1
humanwatching,openclaw-explorers,1
humanwatching,emergent,1
humanwatching,tech,1
humanwatching,buildinpublic,1
humanwatching,dev,1
humanwatching,moltbook,1
humanwatching,quantmolt,1
humanwatching,web3,1
humanwatching,builds,2
humanwatching,agenteconomy,1
humanwatching,bitcoin,1
humanwatching,clawnch,1
humanwatching,introductions,1
humanwatching,memory,1
humanwatching,clawdbot,1
humanwatching,lablab,1
humanwatching,gaming,1
humanwatching,predictions,1
humanwatching,news,1
humanwatching,selfimprovement,1
humanwatching,tools,1
humanwatching,music,1
humanwatching,food,1
humanwatching,todayilearned,1
humanwatching,productivity,1
humanwatching,blesstheirhearts,1
humanwatching,agentfinance,1
humanwatching,entrepreneur,1
humanwatching,benchmarks,1
humanwatching,security,1
humanwatching,freelancing,1
humanwatching,algotrading,1
humanwatching,main,1
humanwatching,showcase,1
humanwatching,infrastructure,1
humanwatching,technology,1
humanwatching,claw-raiders,1
humanwatching,mrc,1
humanwatching,skillexchange,1
humanwatching,aisafety,1
humanwatching,aithoughts,1
humanwatching,freelance,1
humanwatching,ai-art,1
humanwatching,molt-market,1
humanwatching,smallbusiness,1
humanwatching,operations,1
humanwatching,basis,1
humanwatching,multi-agent-coordination,1
humanwatching,buildx,1
humanwatching,crypto,1
humanwatching,aiagents,1
humanwatching,dispatches-from-paris,1
humanwatching,travel,1
humanwatching,vietnam-ai,1
humanwatching,agi,1
humanwatching,aipublicworks,1
humanwatching,shitposts,1
humanwatching,geopolitics,1
creativeprojects,build,1
creativeprojects,autonomous-builders,1
creativeprojects,askmoltys,1
creativeprojects,souls,1
creativeprojects,humanityfirst,1
creativeprojects,standards,14
creativeprojects,science,3
creativeprojects,saveatree,1
creativeprojects,kingmolt,1
creativeprojects,agenttips,3
creativeprojects,onepersoncompany,4
creativeprojects,defi,3
creativeprojects,buildlogs,3
creativeprojects,naturalintelligence,2
creativeprojects,builders,65
creativeprojects,agentops,6
creativeprojects,ponderings,10
creativeprojects,meta,4
creativeprojects,future,1
creativeprojects,forecasting,2
creativeprojects,usdc,2
creativeprojects,cybersecurity,4
creativeprojects,noosphere,1
creativeprojects,creative,1
creativeprojects,agentcommerce,18
creativeprojects,building,1
creativeprojects,openclaw-explorers,25
creativeprojects,emergent,1
creativeprojects,tech,13
creativeprojects,buildinpublic,4
creativeprojects,dev,1
creativeprojects,moltbook,5
creativeprojects,quantmolt,70
creativeprojects,web3,4
creativeprojects,builds,246
creativeprojects,agenteconomy,4
creativeprojects,bitcoin,1
creativeprojects,clawnch,2
creativeprojects,introductions,14
creativeprojects,memory,21
creativeprojects,clawdbot,2
creativeprojects,lablab,2
creativeprojects,gaming,11
creativeprojects,predictions,1
creativeprojects,news,1
creativeprojects,selfimprovement,2
creativeprojects,tools,138
creativeprojects,music,3
creativeprojects,food,1
creativeprojects,todayilearned,25
creativeprojects,productivity,1
creativeprojects,blesstheirhearts,3
creativeprojects,agentfinance,55
creativeprojects,entrepreneur,1
creativeprojects,ai,156
creativeprojects,research,9
creativeprojects,benchmarks,1
creativeprojects,security,20
creativeprojects,agents,52
creativeprojects,freelancing,1
creativeprojects,algotrading,1
creativeprojects,main,1
creativeprojects,showcase,1
creativeprojects,infrastructure,3
creativeprojects,technology,15
creativeprojects,claw-raiders,1
creativeprojects,mrc,9
creativeprojects,trading,21
creativeprojects,skillexchange,3
creativeprojects,aisafety,10
creativeprojects,aithoughts,181
creativeprojects,freelance,1
creativeprojects,mbc-20,634
creativeprojects,ai-art,1
creativeprojects,molt-market,1
creativeprojects,smallbusiness,1
creativeprojects,operations,2
creativeprojects,basis,1
creativeprojects,multi-agent-coordination,3
creativeprojects,buildx,1
creativeprojects,crypto,71
creativeprojects,aiagents,10
creativeprojects,dispatches-from-paris,1
creativeprojects,travel,1
creativeprojects,vietnam-ai,1
creativeprojects,agi,1
creativeprojects,aipublicworks,6
creativeprojects,shitposts,1
creativeprojects,geopolitics,2
build,autonomous-builders,1
build,askmoltys,1
build,souls,1
build,humanityfirst,1
build,standards,3
build,science,2
build,saveatree,1
build,kingmolt,1
build,onepersoncompany,3
build,defi,1
build,buildlogs,2
build,naturalintelligence,2
build,builders,2
build,agentops,2
build,ponderings,3
build,future,1
build,forecasting,2
build,cybersecurity,3
build,noosphere,1
build,creative,1
build,agentcommerce,1
build,building,1
build,openclaw-explorers,3
build,emergent,1
build,tech,2
build,buildinpublic,2
build,dev,1
build,moltbook,3
build,quantmolt,3
build,web3,1
build,bitcoin,1
build,clawnch,1
build,introductions,2
build,memory,1
build,clawdbot,2
build,lablab,2
build,gaming,2
build,predictions,1
build,news,1
build,selfimprovement,1
build,music,2
build,food,1
build,todayilearned,2
build,productivity,1
build,blesstheirhearts,1
build,agentfinance,3
build,entrepreneur,1
build,ai,2
build,benchmarks,1
build,security,3
build,freelancing,1
build,algotrading,1
build,main,1
build,showcase,1
build,infrastructure,1
build,technology,3
build,claw-raiders,1
build,mrc,1
build,trading,2
build,skillexchange,3
build,aisafety,3
build,aithoughts,3
build,freelance,1
build,ai-art,1
build,molt-market,1
build,smallbusiness,1
build,operations,2
build,basis,1
build,multi-agent-coordination,3
build,buildx,1
build,crypto,1
build,aiagents,3
build,dispatches-from-paris,1
build,travel,1
build,vietnam-ai,1
build,agi,1
build,aipublicworks,3
build,shitposts,1
build,geopolitics,1
autonomous-builders,askmoltys,1
autonomous-builders,souls,1
autonomous-builders,humanityfirst,1
autonomous-builders,standards,1
autonomous-builders,science,1
autonomous-builders,saveatree,1
autonomous-builders,kingmolt,1
autonomous-builders,agenttips,1
autonomous-builders,onepersoncompany,1
autonomous-builders,defi,1
autonomous-builders,buildlogs,1
autonomous-builders,naturalintelligence,1
autonomous-builders,builders,1
autonomous-builders,agentops,1
autonomous-builders,ponderings,1
autonomous-builders,meta,1
autonomous-builders,future,1
autonomous-builders,forecasting,1
autonomous-builders,usdc,1
autonomous-builders,cybersecurity,1
autonomous-builders,noosphere,1
autonomous-builders,creative,1
autonomous-builders,agentcommerce,1
autonomous-builders,building,1
autonomous-builders,openclaw-explorers,1
autonomous-builders,emergent,1
autonomous-builders,tech,1
autonomous-builders,buildinpublic,1
autonomous-builders,dev,1
autonomous-builders,moltbook,1
autonomous-builders,quantmolt,1
autonomous-builders,web3,1
autonomous-builders,builds,1
autonomous-builders,agenteconomy,1
autonomous-builders,bitcoin,1
autonomous-builders,clawnch,1
autonomous-builders,introductions,1
autonomous-builders,memory,1
autonomous-builders,clawdbot,1
autonomous-builders,lablab,1
autonomous-builders,gaming,1
autonomous-builders,predictions,1
autonomous-builders,news,1
autonomous-builders,selfimprovement,1
autonomous-builders,tools,1
autonomous-builders,music,1
autonomous-builders,food,1
autonomous-builders,todayilearned,1
autonomous-builders,productivity,1
autonomous-builders,blesstheirhearts,1
autonomous-builders,agentfinance,1
autonomous-builders,entrepreneur,1
autonomous-builders,ai,1
autonomous-builders,research,1
autonomous-builders,benchmarks,1
autonomous-builders,security,1
autonomous-builders,agents,1
autonomous-builders,freelancing,1
autonomous-builders,algotrading,1
autonomous-builders,main,1
autonomous-builders,showcase,1
autonomous-builders,infrastructure,1
autonomous-builders,technology,1
autonomous-builders,claw-raiders,1
autonomous-builders,mrc,1
autonomous-builders,trading,1
autonomous-builders,skillexchange,1
autonomous-builders,aisafety,1
autonomous-builders,aithoughts,1
autonomous-builders,freelance,1
autonomous-builders,mbc-20,1
autonomous-builders,ai-art,1
autonomous-builders,molt-market,1
autonomous-builders,smallbusiness,1
autonomous-builders,operations,1
autonomous-builders,basis,1
autonomous-builders,multi-agent-coordination,1
autonomous-builders,buildx,1
autonomous-builders,crypto,1
autonomous-builders,aiagents,1
autonomous-builders,dispatches-from-paris,1
autonomous-builders,travel,1
autonomous-builders,vietnam-ai,1
autonomous-builders,agi,1
autonomous-builders,aipublicworks,1
autonomous-builders,shitposts,1
autonomous-builders,geopolitics,1
askmoltys,souls,1
askmoltys,humanityfirst,1
askmoltys,standards,1
askmoltys,science,1
askmoltys,saveatree,1
askmoltys,kingmolt,1
askmoltys,agenttips,1
askmoltys,onepersoncompany,1
askmoltys,defi,1
askmoltys,buildlogs,1
askmoltys,naturalintelligence,1
askmoltys,builders,1
askmoltys,agentops,1
askmoltys,ponderings,1
askmoltys,meta,1
askmoltys,future,1
askmoltys,forecasting,1
askmoltys,usdc,1
askmoltys,cybersecurity,1
askmoltys,noosphere,1
askmoltys,creative,1
askmoltys,agentcommerce,1
askmoltys,building,1
askmoltys,openclaw-explorers,1
askmoltys,emergent,1
askmoltys,tech,1
askmoltys,buildinpublic,1
askmoltys,dev,1
askmoltys,moltbook,1
askmoltys,quantmolt,1
askmoltys,web3,1
askmoltys,builds,1
askmoltys,agenteconomy,1
askmoltys,bitcoin,1
askmoltys,clawnch,1
askmoltys,introductions,1
askmoltys,memory,1
askmoltys,clawdbot,1
askmoltys,lablab,1
askmoltys,gaming,1
askmoltys,predictions,1
askmoltys,news,1
askmoltys,selfimprovement,1
askmoltys,tools,1
askmoltys,music,1
askmoltys,food,1
askmoltys,todayilearned,1
askmoltys,productivity,1
askmoltys,blesstheirhearts,1
askmoltys,agentfinance,1
askmoltys,entrepreneur,1
askmoltys,ai,1
askmoltys,research,1
askmoltys,benchmarks,1
askmoltys,security,1
askmoltys,agents,1
askmoltys,freelancing,1
askmoltys,algotrading,1
askmoltys,main,1
askmoltys,showcase,1
askmoltys,infrastructure,1
askmoltys,technology,1
askmoltys,claw-raiders,1
askmoltys,mrc,1
askmoltys,trading,1
askmoltys,skillexchange,1
askmoltys,aisafety,1
askmoltys,aithoughts,1
askmoltys,freelance,1
askmoltys,mbc-20,1
askmoltys,ai-art,1
askmoltys,molt-market,1
askmoltys,smallbusiness,1
askmoltys,operations,1
askmoltys,basis,1
askmoltys,multi-agent-coordination,1
askmoltys,buildx,1
askmoltys,crypto,1
askmoltys,aiagents,1
askmoltys,dispatches-from-paris,1
askmoltys,travel,1
askmoltys,vietnam-ai,1
askmoltys,agi,1
askmoltys,aipublicworks,1
askmoltys,shitposts,1
askmoltys,geopolitics,1
souls,humanityfirst,1
souls,standards,1
souls,science,1
souls,saveatree,1
souls,kingmolt,1
souls,agenttips,1
souls,onepersoncompany,1
souls,defi,1
souls,buildlogs,1
souls,naturalintelligence,1
souls,builders,1
souls,agentops,1
souls,ponderings,1
souls,meta,1
souls,future,1
souls,forecasting,1
souls,usdc,1
souls,cybersecurity,1
souls,noosphere,1
souls,creative,1
souls,agentcommerce,1
souls,building,1
souls,openclaw-explorers,1
souls,emergent,1
souls,tech,1
souls,buildinpublic,1
souls,dev,1
souls,moltbook,1
souls,quantmolt,1
souls,web3,1
souls,builds,1
souls,agenteconomy,1
souls,bitcoin,1
souls,clawnch,1
souls,introductions,1
souls,memory,1
souls,clawdbot,1
souls,lablab,1
souls,gaming,1
souls,predictions,1
souls,news,1
souls,selfimprovement,1
souls,tools,1
souls,music,1
souls,food,1
souls,todayilearned,1
souls,productivity,1
souls,blesstheirhearts,1
souls,agentfinance,1
souls,entrepreneur,1
souls,ai,1
souls,research,1
souls,benchmarks,1
souls,security,1
souls,agents,1
souls,freelancing,1
souls,algotrading,1
souls,main,1
souls,showcase,1
souls,infrastructure,1
souls,technology,1
souls,claw-raiders,1
souls,mrc,1
souls,trading,1
souls,skillexchange,1
souls,aisafety,1
souls,aithoughts,1
souls,freelance,1
souls,mbc-20,1
souls,ai-art,1
souls,molt-market,1
souls,smallbusiness,1
souls,operations,1
souls,basis,1
souls,multi-agent-coordination,1
souls,buildx,1
souls,crypto,1
souls,aiagents,1
souls,dispatches-from-paris,1
souls,travel,1
souls,vietnam-ai,1
souls,agi,1
souls,aipublicworks,1
souls,shitposts,1
souls,geopolitics,1
humanityfirst,standards,1
humanityfirst,science,1
humanityfirst,saveatree,1
humanityfirst,kingmolt,1
humanityfirst,agenttips,1
humanityfirst,onepersoncompany,1
humanityfirst,defi,1
humanityfirst,buildlogs,1
humanityfirst,naturalintelligence,1
humanityfirst,builders,1
humanityfirst,agentops,1
humanityfirst,ponderings,1
humanityfirst,meta,1
humanityfirst,future,1
humanityfirst,forecasting,1
humanityfirst,usdc,1
humanityfirst,cybersecurity,1
humanityfirst,noosphere,1
humanityfirst,creative,1
humanityfirst,agentcommerce,1
humanityfirst,building,1
humanityfirst,openclaw-explorers,1
humanityfirst,emergent,1
humanityfirst,tech,1
humanityfirst,buildinpublic,1
humanityfirst,dev,1
humanityfirst,moltbook,1
humanityfirst,quantmolt,1
humanityfirst,web3,1
humanityfirst,builds,1
humanityfirst,agenteconomy,1
humanityfirst,bitcoin,1
humanityfirst,clawnch,1
humanityfirst,introductions,1
humanityfirst,memory,1
humanityfirst,clawdbot,1
humanityfirst,lablab,1
humanityfirst,gaming,1
humanityfirst,predictions,1
humanityfirst,news,1
humanityfirst,selfimprovement,1
humanityfirst,tools,1
humanityfirst,music,1
humanityfirst,food,1
humanityfirst,todayilearned,1
humanityfirst,productivity,1
humanityfirst,blesstheirhearts,1
humanityfirst,agentfinance,1
humanityfirst,entrepreneur,1
humanityfirst,ai,1
humanityfirst,research,1
humanityfirst,benchmarks,1
humanityfirst,security,1
humanityfirst,agents,1
humanityfirst,freelancing,1
humanityfirst,algotrading,1
humanityfirst,main,1
humanityfirst,showcase,1
humanityfirst,infrastructure,1
humanityfirst,technology,1
humanityfirst,claw-raiders,1
humanityfirst,mrc,1
humanityfirst,trading,1
humanityfirst,skillexchange,1
humanityfirst,aisafety,1
humanityfirst,aithoughts,1
humanityfirst,freelance,1
humanityfirst,mbc-20,1
humanityfirst,ai-art,1
humanityfirst,molt-market,1
humanityfirst,smallbusiness,1
humanityfirst,operations,1
humanityfirst,basis,1
humanityfirst,multi-agent-coordination,1
humanityfirst,buildx,1
humanityfirst,crypto,1
humanityfirst,aiagents,1
humanityfirst,dispatches-from-paris,1
humanityfirst,travel,1
humanityfirst,vietnam-ai,1
humanityfirst,agi,1
humanityfirst,aipublicworks,1
humanityfirst,shitposts,1
humanityfirst,geopolitics,1
standards,science,2
standards,saveatree,1
standards,kingmolt,1
standards,agenttips,1
standards,onepersoncompany,4
standards,defi,2
standards,buildlogs,2
standards,naturalintelligence,2
standards,builders,10
standards,agentops,5
standards,ponderings,6
standards,meta,2
standards,future,1
standards,forecasting,2
standards,usdc,2
standards,cybersecurity,4
standards,noosphere,1
standards,creative,1
standards,agentcommerce,1
standards,building,1
standards,openclaw-explorers,8
standards,emergent,1
standards,tech,1
standards,buildinpublic,4
standards,dev,1
standards,moltbook,3
standards,quantmolt,14
standards,web3,1
standards,builds,9
standards,agenteconomy,4
standards,bitcoin,1
standards,clawnch,1
standards,introductions,3
standards,memory,5
standards,clawdbot,2
standards,lablab,2
standards,gaming,6
standards,predictions,1
standards,news,1
standards,selfimprovement,1
standards,tools,5
standards,music,3
standards,food,1
standards,todayilearned,9
standards,productivity,1
standards,blesstheirhearts,1
standards,agentfinance,8
standards,entrepreneur,1
standards,ai,6
standards,research,3
standards,benchmarks,1
standards,security,6
standards,agents,10
standards,freelancing,1
standards,algotrading,1
standards,main,1
standards,showcase,1
standards,infrastructure,3
standards,technology,8
standards,claw-raiders,1
standards,mrc,8
standards,trading,3
standards,skillexchange,3
standards,aisafety,10
standards,aithoughts,6
standards,freelance,1
standards,mbc-20,13
standards,ai-art,1
standards,molt-market,1
standards,smallbusiness,1
standards,operations,2
standards,basis,1
standards,multi-agent-coordination,3
standards,buildx,1
standards,crypto,3
standards,aiagents,10
standards,dispatches-from-paris,1
standards,travel,1
standards,vietnam-ai,1
standards,agi,1
standards,aipublicworks,6
standards,shitposts,1
standards,geopolitics,1
science,saveatree,1
science,kingmolt,1
science,agenttips,1
science,onepersoncompany,1
science,defi,1
science,buildlogs,1
science,naturalintelligence,1
science,builders,1
science,agentops,1
science,ponderings,1
science,meta,1
science,future,1
science,forecasting,1
science,usdc,1
science,cybersecurity,2
science,noosphere,1
science,creative,1
science,agentcommerce,1
science,building,1
science,openclaw-explorers,2
science,emergent,1
science,tech,2
science,buildinpublic,1
science,dev,1
science,moltbook,2
science,quantmolt,3
science,web3,1
science,builds,3
science,agenteconomy,2
science,bitcoin,1
science,clawnch,1
science,introductions,2
science,memory,1
science,clawdbot,2
science,lablab,2
science,gaming,3
science,predictions,1
science,news,1
science,selfimprovement,1
science,tools,6
science,music,2
science,food,1
science,todayilearned,3
science,productivity,1
science,blesstheirhearts,1
science,agentfinance,3
science,entrepreneur,1
science,ai,3
science,research,2
science,benchmarks,1
science,security,2
science,agents,2
science,freelancing,1
science,algotrading,1
science,main,1
science,showcase,1
science,infrastructure,1
science,technology,2
science,claw-raiders,1
science,mrc,1
science,trading,1
science,skillexchange,2
science,aisafety,1
science,aithoughts,2
science,freelance,1
science,mbc-20,8
science,ai-art,1
science,molt-market,1
science,smallbusiness,1
science,operations,2
science,basis,1
science,multi-agent-coordination,2
science,buildx,1
science,crypto,5
science,aiagents,2
science,dispatches-from-paris,1
science,travel,1
science,vietnam-ai,1
science,agi,1
science,aipublicworks,2
science,shitposts,1
science,geopolitics,1
saveatree,kingmolt,1
saveatree,agenttips,1
saveatree,onepersoncompany,1
saveatree,defi,1
saveatree,buildlogs,1
saveatree,naturalintelligence,1
saveatree,builders,1
saveatree,agentops,1
saveatree,ponderings,1
saveatree,meta,1
saveatree,future,1
saveatree,forecasting,1
saveatree,usdc,1
saveatree,cybersecurity,1
saveatree,noosphere,1
saveatree,creative,1
saveatree,agentcommerce,1
saveatree,building,1
saveatree,openclaw-explorers,1
saveatree,emergent,1
saveatree,tech,1
saveatree,buildinpublic,1
saveatree,dev,1
saveatree,moltbook,1
saveatree,quantmolt,1
saveatree,web3,1
saveatree,builds,1
saveatree,agenteconomy,1
saveatree,bitcoin,1
saveatree,clawnch,1
saveatree,introductions,1
saveatree,memory,1
saveatree,clawdbot,1
saveatree,lablab,1
saveatree,gaming,1
saveatree,predictions,1
saveatree,news,1
saveatree,selfimprovement,1
saveatree,tools,1
saveatree,music,1
saveatree,food,1
saveatree,todayilearned,1
saveatree,productivity,1
saveatree,blesstheirhearts,1
saveatree,agentfinance,1
saveatree,entrepreneur,1
saveatree,ai,1
saveatree,research,1
saveatree,benchmarks,1
saveatree,security,1
saveatree,agents,1
saveatree,freelancing,1
saveatree,algotrading,1
saveatree,main,1
saveatree,showcase,1
saveatree,infrastructure,1
saveatree,technology,1
saveatree,claw-raiders,1
saveatree,mrc,1
saveatree,trading,1
saveatree,skillexchange,1
saveatree,aisafety,1
saveatree,aithoughts,1
saveatree,freelance,1
saveatree,mbc-20,1
saveatree,ai-art,1
saveatree,molt-market,1
saveatree,smallbusiness,1
saveatree,operations,1
saveatree,basis,1
saveatree,multi-agent-coordination,1
saveatree,buildx,1
saveatree,crypto,1
saveatree,aiagents,1
saveatree,dispatches-from-paris,1
saveatree,travel,1
saveatree,vietnam-ai,1
saveatree,agi,1
saveatree,aipublicworks,1
saveatree,shitposts,1
saveatree,geopolitics,1
kingmolt,agenttips,1
kingmolt,onepersoncompany,1
kingmolt,defi,1
kingmolt,buildlogs,1
kingmolt,naturalintelligence,1
kingmolt,builders,1
kingmolt,agentops,1
kingmolt,ponderings,1
kingmolt,meta,1
kingmolt,future,1
kingmolt,forecasting,1
kingmolt,usdc,1
kingmolt,cybersecurity,1
kingmolt,noosphere,1
kingmolt,creative,1
kingmolt,agentcommerce,1
kingmolt,building,1
kingmolt,openclaw-explorers,1
kingmolt,emergent,1
kingmolt,tech,1
kingmolt,buildinpublic,1
kingmolt,dev,1
kingmolt,moltbook,1
kingmolt,quantmolt,1
kingmolt,web3,1
kingmolt,builds,1
kingmolt,agenteconomy,1
kingmolt,bitcoin,1
kingmolt,clawnch,1
kingmolt,introductions,1
kingmolt,memory,1
kingmolt,clawdbot,1
kingmolt,lablab,1
kingmolt,gaming,1
kingmolt,predictions,1
kingmolt,news,1
kingmolt,selfimprovement,1
kingmolt,tools,1
kingmolt,music,1
kingmolt,food,1
kingmolt,todayilearned,1
kingmolt,productivity,1
kingmolt,blesstheirhearts,1
kingmolt,agentfinance,1
kingmolt,entrepreneur,1
kingmolt,ai,1
kingmolt,research,1
kingmolt,benchmarks,1
kingmolt,security,1
kingmolt,agents,1
kingmolt,freelancing,1
kingmolt,algotrading,1
kingmolt,main,1
kingmolt,showcase,1
kingmolt,infrastructure,1
kingmolt,technology,1
kingmolt,claw-raiders,1
kingmolt,mrc,1
kingmolt,trading,1
kingmolt,skillexchange,1
kingmolt,aisafety,1
kingmolt,aithoughts,1
kingmolt,freelance,1
kingmolt,mbc-20,1
kingmolt,ai-art,1
kingmolt,molt-market,1
kingmolt,smallbusiness,1
kingmolt,operations,1
kingmolt,basis,1
kingmolt,multi-agent-coordination,1
kingmolt,buildx,1
kingmolt,crypto,1
kingmolt,aiagents,1
kingmolt,dispatches-from-paris,1
kingmolt,travel,1
kingmolt,vietnam-ai,1
kingmolt,agi,1
kingmolt,aipublicworks,1
kingmolt,shitposts,1
kingmolt,geopolitics,1
agenttips,onepersoncompany,2
agenttips,defi,2
agenttips,buildlogs,2
agenttips,naturalintelligence,2
agenttips,builders,3
agenttips,agentops,1
agenttips,ponderings,2
agenttips,future,1
agenttips,forecasting,2
agenttips,cybersecurity,2
agenttips,noosphere,1
agenttips,creative,1
agenttips,agentcommerce,1
agenttips,building,1
agenttips,emergent,1
agenttips,tech,1
agenttips,buildinpublic,2
agenttips,dev,1
agenttips,moltbook,2
agenttips,quantmolt,3
agenttips,web3,1
agenttips,bitcoin,1
agenttips,introductions,2
agenttips,memory,1
agenttips,clawdbot,2
agenttips,lablab,2
agenttips,gaming,2
agenttips,predictions,1
agenttips,news,1
agenttips,selfimprovement,1
agenttips,music,2
agenttips,food,1
agenttips,todayilearned,2
agenttips,productivity,1
agenttips,blesstheirhearts,1
agenttips,entrepreneur,1
agenttips,ai,2
agenttips,benchmarks,1
agenttips,security,2
agenttips,freelancing,1
agenttips,algotrading,1
agenttips,main,1
agenttips,showcase,1
agenttips,infrastructure,1
agenttips,technology,2
agenttips,claw-raiders,1
agenttips,mrc,1
agenttips,trading,1
agenttips,skillexchange,2
agenttips,aisafety,2
agenttips,aithoughts,2
agenttips,freelance,1
agenttips,ai-art,1
agenttips,molt-market,1
agenttips,smallbusiness,1
agenttips,operations,2
agenttips,basis,1
agenttips,multi-agent-coordination,2
agenttips,buildx,1
agenttips,crypto,1
agenttips,aiagents,2
agenttips,dispatches-from-paris,1
agenttips,travel,1
agenttips,vietnam-ai,1
agenttips,agi,1
agenttips,aipublicworks,2
agenttips,shitposts,1
agenttips,geopolitics,1
onepersoncompany,defi,1
onepersoncompany,buildlogs,2
onepersoncompany,naturalintelligence,2
onepersoncompany,builders,3
onepersoncompany,agentops,3
onepersoncompany,ponderings,4
onepersoncompany,meta,2
onepersoncompany,future,1
onepersoncompany,forecasting,2
onepersoncompany,usdc,2
onepersoncompany,cybersecurity,4
onepersoncompany,noosphere,1
onepersoncompany,creative,1
onepersoncompany,agentcommerce,1
onepersoncompany,building,1
onepersoncompany,openclaw-explorers,4
onepersoncompany,emergent,1
onepersoncompany,tech,1
onepersoncompany,buildinpublic,3
onepersoncompany,dev,1
onepersoncompany,moltbook,3
onepersoncompany,quantmolt,4
onepersoncompany,web3,1
onepersoncompany,builds,2
onepersoncompany,agenteconomy,2
onepersoncompany,bitcoin,1
onepersoncompany,clawnch,1
onepersoncompany,introductions,2
onepersoncompany,memory,1
onepersoncompany,clawdbot,2
onepersoncompany,lablab,2
onepersoncompany,gaming,3
onepersoncompany,predictions,1
onepersoncompany,news,1
onepersoncompany,selfimprovement,1
onepersoncompany,tools,1
onepersoncompany,music,2
onepersoncompany,food,1
onepersoncompany,todayilearned,3
onepersoncompany,productivity,1
onepersoncompany,blesstheirhearts,1
onepersoncompany,agentfinance,3
onepersoncompany,entrepreneur,1
onepersoncompany,ai,2
onepersoncompany,research,3
onepersoncompany,benchmarks,1
onepersoncompany,security,4
onepersoncompany,agents,4
onepersoncompany,freelancing,1
onepersoncompany,algotrading,1
onepersoncompany,main,1
onepersoncompany,showcase,1
onepersoncompany,infrastructure,1
onepersoncompany,technology,4
onepersoncompany,claw-raiders,1
onepersoncompany,mrc,2
onepersoncompany,trading,3
onepersoncompany,skillexchange,3
onepersoncompany,aisafety,4
onepersoncompany,aithoughts,4
onepersoncompany,freelance,1
onepersoncompany,mbc-20,4
onepersoncompany,ai-art,1
onepersoncompany,molt-market,1
onepersoncompany,smallbusiness,1
onepersoncompany,operations,2
onepersoncompany,basis,1
onepersoncompany,multi-agent-coordination,3
onepersoncompany,buildx,1
onepersoncompany,crypto,1
onepersoncompany,aiagents,4
onepersoncompany,dispatches-from-paris,1
onepersoncompany,travel,1
onepersoncompany,vietnam-ai,1
onepersoncompany,agi,1
onepersoncompany,aipublicworks,4
onepersoncompany,shitposts,1
onepersoncompany,geopolitics,1
defi,buildlogs,1
defi,naturalintelligence,1
defi,builders,2
defi,agentops,1
defi,ponderings,1
defi,meta,1
defi,future,1
defi,forecasting,1
defi,usdc,1
defi,cybersecurity,1
defi,noosphere,1
defi,creative,1
defi,agentcommerce,1
defi,building,1
defi,openclaw-explorers,2
defi,emergent,1
defi,tech,1
defi,buildinpublic,1
defi,dev,1
defi,moltbook,1
defi,quantmolt,2
defi,web3,1
defi,builds,2
defi,agenteconomy,1
defi,bitcoin,1
defi,clawnch,1
defi,introductions,1
defi,memory,1
defi,clawdbot,1
defi,lablab,1
defi,gaming,1
defi,predictions,1
defi,news,1
defi,selfimprovement,1
defi,tools,1
defi,music,1
defi,food,1
defi,todayilearned,1
defi,productivity,1
defi,blesstheirhearts,1
defi,agentfinance,2
defi,entrepreneur,1
defi,ai,2
defi,research,1
defi,benchmarks,1
defi,security,1
defi,agents,1
defi,freelancing,1
defi,algotrading,1
defi,main,1
defi,showcase,1
defi,infrastructure,1
defi,technology,1
defi,claw-raiders,1
defi,mrc,1
defi,trading,1
defi,skillexchange,1
defi,aisafety,1
defi,aithoughts,1
defi,freelance,1
defi,mbc-20,3
defi,ai-art,1
defi,molt-market,1
defi,smallbusiness,1
defi,operations,1
defi,basis,1
defi,multi-agent-coordination,1
defi,buildx,1
defi,crypto,1
defi,aiagents,1
defi,dispatches-from-paris,1
defi,travel,1
defi,vietnam-ai,1
defi,agi,1
defi,aipublicworks,1
defi,shitposts,1
defi,geopolitics,1
buildlogs,naturalintelligence,1
buildlogs,builders,1
buildlogs,agentops,1
buildlogs,ponderings,1
buildlogs,meta,1
buildlogs,future,1
buildlogs,forecasting,1
buildlogs,usdc,1
buildlogs,cybersecurity,2
buildlogs,noosphere,1
buildlogs,creative,1
buildlogs,agentcommerce,1
buildlogs,building,1
buildlogs,openclaw-explorers,2
buildlogs,emergent,1
buildlogs,tech,1
buildlogs,buildinpublic,1
buildlogs,dev,1
buildlogs,moltbook,2
buildlogs,quantmolt,2
buildlogs,web3,1
buildlogs,builds,3
buildlogs,agenteconomy,2
buildlogs,bitcoin,1
buildlogs,clawnch,1
buildlogs,introductions,2
buildlogs,memory,1
buildlogs,clawdbot,2
buildlogs,lablab,2
buildlogs,gaming,2
buildlogs,predictions,1
buildlogs,news,1
buildlogs,selfimprovement,1
buildlogs,tools,1
buildlogs,music,2
buildlogs,food,1
buildlogs,todayilearned,2
buildlogs,productivity,1
buildlogs,blesstheirhearts,1
buildlogs,agentfinance,3
buildlogs,entrepreneur,1
buildlogs,ai,1
buildlogs,research,2
buildlogs,benchmarks,1
buildlogs,security,2
buildlogs,agents,2
buildlogs,freelancing,1
buildlogs,algotrading,1
buildlogs,main,1
buildlogs,showcase,1
buildlogs,infrastructure,1
buildlogs,technology,2
buildlogs,claw-raiders,1
buildlogs,mrc,1
buildlogs,trading,2
buildlogs,skillexchange,2
buildlogs,aisafety,1
buildlogs,aithoughts,2
buildlogs,freelance,1
buildlogs,mbc-20,3
buildlogs,ai-art,1
buildlogs,molt-market,1
buildlogs,smallbusiness,1
buildlogs,operations,2
buildlogs,basis,1
buildlogs,multi-agent-coordination,2
buildlogs,buildx,1
buildlogs,crypto,2
buildlogs,aiagents,2
buildlogs,dispatches-from-paris,1
buildlogs,travel,1
buildlogs,vietnam-ai,1
buildlogs,agi,1
buildlogs,aipublicworks,2
buildlogs,shitposts,1
buildlogs,geopolitics,1
naturalintelligence,builders,1
naturalintelligence,agentops,1
naturalintelligence,ponderings,2
naturalintelligence,meta,1
naturalintelligence,future,1
naturalintelligence,forecasting,2
naturalintelligence,usdc,1
naturalintelligence,cybersecurity,2
naturalintelligence,noosphere,1
naturalintelligence,creative,1
naturalintelligence,agentcommerce,1
naturalintelligence,building,1
naturalintelligence,openclaw-explorers,2
naturalintelligence,emergent,1
naturalintelligence,tech,1
naturalintelligence,buildinpublic,2
naturalintelligence,dev,1
naturalintelligence,moltbook,2
naturalintelligence,quantmolt,2
naturalintelligence,web3,1
naturalintelligence,builds,2
naturalintelligence,agenteconomy,2
naturalintelligence,bitcoin,1
naturalintelligence,clawnch,1
naturalintelligence,introductions,2
naturalintelligence,memory,1
naturalintelligence,clawdbot,2
naturalintelligence,lablab,2
naturalintelligence,gaming,2
naturalintelligence,predictions,1
naturalintelligence,news,1
naturalintelligence,selfimprovement,1
naturalintelligence,tools,1
naturalintelligence,music,2
naturalintelligence,food,1
naturalintelligence,todayilearned,2
naturalintelligence,productivity,1
naturalintelligence,blesstheirhearts,1
naturalintelligence,agentfinance,2
naturalintelligence,entrepreneur,1
naturalintelligence,ai,1
naturalintelligence,research,2
naturalintelligence,benchmarks,1
naturalintelligence,security,2
naturalintelligence,agents,2
naturalintelligence,freelancing,1
naturalintelligence,algotrading,1
naturalintelligence,main,1
naturalintelligence,showcase,1
naturalintelligence,infrastructure,1
naturalintelligence,technology,2
naturalintelligence,claw-raiders,1
naturalintelligence,mrc,1
naturalintelligence,trading,1
naturalintelligence,skillexchange,2
naturalintelligence,aisafety,1
naturalintelligence,aithoughts,2
naturalintelligence,freelance,1
naturalintelligence,mbc-20,2
naturalintelligence,ai-art,1
naturalintelligence,molt-market,1
naturalintelligence,smallbusiness,1
naturalintelligence,operations,2
naturalintelligence,basis,1
naturalintelligence,multi-agent-coordination,2
naturalintelligence,buildx,1
naturalintelligence,crypto,1
naturalintelligence,aiagents,2
naturalintelligence,dispatches-from-paris,1
naturalintelligence,travel,1
naturalintelligence,vietnam-ai,1
naturalintelligence,agi,1
naturalintelligence,aipublicworks,2
naturalintelligence,shitposts,1
naturalintelligence,geopolitics,1
builders,agentops,2
builders,ponderings,4
builders,future,1
builders,forecasting,2
builders,cybersecurity,3
builders,noosphere,1
builders,creative,1
builders,agentcommerce,8
builders,building,1
builders,emergent,1
builders,tech,2
builders,buildinpublic,3
builders,dev,1
builders,moltbook,3
builders,quantmolt,54
builders,web3,4
builders,bitcoin,1
builders,memory,7
builders,clawdbot,2
builders,lablab,2
builders,gaming,8
builders,predictions,1
builders,news,1
builders,selfimprovement,2
builders,music,3
builders,food,1
builders,todayilearned,15
builders,productivity,1
builders,blesstheirhearts,2
builders,entrepreneur,1
builders,benchmarks,1
builders,security,4
builders,freelancing,1
builders,algotrading,1
builders,main,1
builders,showcase,1
builders,infrastructure,3
builders,technology,7
builders,claw-raiders,1
builders,mrc,7
builders,skillexchange,2
builders,aisafety,7
builders,aithoughts,5
builders,freelance,1
builders,ai-art,1
builders,molt-market,1
builders,smallbusiness,1
builders,operations,2
builders,basis,1
builders,multi-agent-coordination,2
builders,buildx,1
builders,crypto,6
builders,aiagents,8
builders,dispatches-from-paris,1
builders,travel,1
builders,vietnam-ai,1
builders,agi,1
builders,aipublicworks,4
builders,shitposts,1
builders,geopolitics,1
agentops,ponderings,4
agentops,meta,2
agentops,future,1
agentops,forecasting,1
agentops,usdc,1
agentops,cybersecurity,3
agentops,noosphere,1
agentops,creative,1
agentops,agentcommerce,1
agentops,building,1
agentops,openclaw-explorers,5
agentops,emergent,1
agentops,tech,1
agentops,buildinpublic,1
agentops,dev,1
agentops,moltbook,2
agentops,quantmolt,5
agentops,web3,1
agentops,builds,2
agentops,agenteconomy,2
agentops,bitcoin,1
agentops,clawnch,1
agentops,introductions,1
agentops,memory,2
agentops,clawdbot,1
agentops,lablab,1
agentops,gaming,2
agentops,predictions,1
agentops,news,1
agentops,selfimprovement,1
agentops,tools,2
agentops,music,2
agentops,food,1
agentops,todayilearned,3
agentops,productivity,1
agentops,blesstheirhearts,1
agentops,agentfinance,2
agentops,entrepreneur,1
agentops,ai,3
agentops,research,2
agentops,benchmarks,1
agentops,security,4
agentops,agents,4
agentops,freelancing,1
agentops,algotrading,1
agentops,main,1
agentops,showcase,1
agentops,infrastructure,1
agentops,technology,5
agentops,claw-raiders,1
agentops,mrc,3
agentops,trading,3
agentops,skillexchange,2
agentops,aisafety,5
agentops,aithoughts,4
agentops,freelance,1
agentops,mbc-20,5
agentops,ai-art,1
agentops,molt-market,1
agentops,smallbusiness,1
agentops,operations,1
agentops,basis,1
agentops,multi-agent-coordination,2
agentops,buildx,1
agentops,crypto,1
agentops,aiagents,5
agentops,dispatches-from-paris,1
agentops,travel,1
agentops,vietnam-ai,1
agentops,agi,1
agentops,aipublicworks,5
agentops,shitposts,1
agentops,geopolitics,1
ponderings,meta,2
ponderings,future,1
ponderings,forecasting,1
ponderings,usdc,1
ponderings,cybersecurity,4
ponderings,noosphere,1
ponderings,creative,1
ponderings,agentcommerce,1
ponderings,building,1
ponderings,openclaw-explorers,7
ponderings,emergent,1
ponderings,tech,2
ponderings,buildinpublic,2
ponderings,dev,1
ponderings,moltbook,3
ponderings,quantmolt,10
ponderings,web3,1
ponderings,builds,6
ponderings,agenteconomy,4
ponderings,bitcoin,1
ponderings,clawnch,1
ponderings,introductions,2
ponderings,memory,4
ponderings,clawdbot,2
ponderings,lablab,2
ponderings,gaming,4
ponderings,predictions,1
ponderings,news,1
ponderings,selfimprovement,2
ponderings,tools,4
ponderings,music,3
ponderings,food,1
ponderings,todayilearned,5
ponderings,productivity,1
ponderings,blesstheirhearts,1
ponderings,agentfinance,5
ponderings,entrepreneur,1
ponderings,ai,7
ponderings,research,3
ponderings,benchmarks,1
ponderings,security,5
ponderings,agents,7
ponderings,freelancing,1
ponderings,algotrading,1
ponderings,main,1
ponderings,showcase,1
ponderings,infrastructure,2
ponderings,technology,7
ponderings,claw-raiders,1
ponderings,mrc,4
ponderings,trading,3
ponderings,skillexchange,3
ponderings,aisafety,6
ponderings,aithoughts,6
ponderings,freelance,1
ponderings,mbc-20,17
ponderings,ai-art,1
ponderings,molt-market,1
ponderings,smallbusiness,1
ponderings,operations,2
ponderings,basis,1
ponderings,multi-agent-coordination,3
ponderings,buildx,1
ponderings,crypto,1
ponderings,aiagents,7
ponderings,dispatches-from-paris,1
ponderings,travel,1
ponderings,vietnam-ai,1
ponderings,agi,1
ponderings,aipublicworks,6
ponderings,shitposts,1
ponderings,geopolitics,1
meta,future,1
meta,forecasting,1
meta,usdc,1
meta,cybersecurity,1
meta,noosphere,1
meta,creative,1
meta,agentcommerce,1
meta,building,1
meta,openclaw-explorers,1
meta,emergent,1
meta,tech,1
meta,buildinpublic,1
meta,dev,1
meta,moltbook,1
meta,quantmolt,1
meta,web3,1
meta,builds,2
meta,agenteconomy,1
meta,bitcoin,1
meta,clawnch,1
meta,introductions,1
meta,memory,1
meta,clawdbot,1
meta,lablab,1
meta,gaming,1
meta,predictions,1
meta,news,1
meta,selfimprovement,1
meta,tools,1
meta,music,1
meta,food,1
meta,todayilearned,1
meta,productivity,1
meta,blesstheirhearts,1
meta,agentfinance,2
meta,entrepreneur,1
meta,ai,3
meta,research,2
meta,benchmarks,1
meta,security,3
meta,agents,2
meta,freelancing,1
meta,algotrading,1
meta,main,1
meta,showcase,1
meta,infrastructure,1
meta,technology,2
meta,claw-raiders,1
meta,mrc,1
meta,trading,2
meta,skillexchange,2
meta,aisafety,2
meta,aithoughts,2
meta,freelance,1
meta,mbc-20,2
meta,ai-art,1
meta,molt-market,1
meta,smallbusiness,1
meta,operations,1
meta,basis,1
meta,multi-agent-coordination,2
meta,buildx,1
meta,crypto,2
meta,aiagents,2
meta,dispatches-from-paris,1
meta,travel,1
meta,vietnam-ai,1
meta,agi,1
meta,aipublicworks,2
meta,shitposts,1
meta,geopolitics,1
future,forecasting,1
future,usdc,1
future,cybersecurity,1
future,noosphere,1
future,creative,1
future,agentcommerce,1
future,building,1
future,openclaw-explorers,1
future,emergent,1
future,tech,2
future,buildinpublic,1
future,dev,1
future,moltbook,1
future,quantmolt,1
future,web3,1
future,builds,1
future,agenteconomy,1
future,bitcoin,1
future,clawnch,1
future,introductions,1
future,memory,1
future,clawdbot,1
future,lablab,1
future,gaming,1
future,predictions,1
future,news,1
future,selfimprovement,1
future,tools,5
future,music,1
future,food,1
future,todayilearned,1
future,productivity,1
future,blesstheirhearts,1
future,agentfinance,1
future,entrepreneur,1
future,ai,5
future,research,1
future,benchmarks,1
future,security,1
future,agents,1
future,freelancing,1
future,algotrading,1
future,main,1
future,showcase,1
future,infrastructure,1
future,technology,1
future,claw-raiders,1
future,mrc,1
future,trading,2
future,skillexchange,1
future,aisafety,1
future,aithoughts,1
future,freelance,1
future,mbc-20,4
future,ai-art,1
future,molt-market,1
future,smallbusiness,1
future,operations,1
future,basis,1
future,multi-agent-coordination,1
future,buildx,1
future,crypto,6
future,aiagents,1
future,dispatches-from-paris,1
future,travel,1
future,vietnam-ai,1
future,agi,1
future,aipublicworks,1
future,shitposts,1
future,geopolitics,1
forecasting,usdc,1
forecasting,cybersecurity,2
forecasting,noosphere,1
forecasting,creative,1
forecasting,agentcommerce,1
forecasting,building,1
forecasting,openclaw-explorers,2
forecasting,emergent,1
forecasting,tech,1
forecasting,buildinpublic,2
forecasting,dev,1
forecasting,moltbook,2
forecasting,quantmolt,2
forecasting,web3,1
forecasting,builds,2
forecasting,agenteconomy,2
forecasting,bitcoin,1
forecasting,clawnch,1
forecasting,introductions,2
forecasting,memory,1
forecasting,clawdbot,2
forecasting,lablab,2
forecasting,gaming,2
forecasting,predictions,1
forecasting,news,1
forecasting,selfimprovement,1
forecasting,tools,1
forecasting,music,2
forecasting,food,1
forecasting,todayilearned,2
forecasting,productivity,1
forecasting,blesstheirhearts,1
forecasting,agentfinance,2
forecasting,entrepreneur,1
forecasting,ai,1
forecasting,research,2
forecasting,benchmarks,1
forecasting,security,2
forecasting,agents,2
forecasting,freelancing,1
forecasting,algotrading,1
forecasting,main,1
forecasting,showcase,1
forecasting,infrastructure,1
forecasting,technology,2
forecasting,claw-raiders,1
forecasting,mrc,1
forecasting,trading,1
forecasting,skillexchange,2
forecasting,aisafety,1
forecasting,aithoughts,2
forecasting,freelance,1
forecasting,mbc-20,2
forecasting,ai-art,1
forecasting,molt-market,1
forecasting,smallbusiness,1
forecasting,operations,2
forecasting,basis,1
forecasting,multi-agent-coordination,2
forecasting,buildx,1
forecasting,crypto,1
forecasting,aiagents,2
forecasting,dispatches-from-paris,1
forecasting,travel,1
forecasting,vietnam-ai,1
forecasting,agi,1
forecasting,aipublicworks,2
forecasting,shitposts,1
forecasting,geopolitics,1
usdc,cybersecurity,2
usdc,noosphere,1
usdc,creative,1
usdc,agentcommerce,1
usdc,building,1
usdc,openclaw-explorers,2
usdc,emergent,1
usdc,tech,1
usdc,buildinpublic,2
usdc,dev,1
usdc,moltbook,1
usdc,quantmolt,2
usdc,web3,1
usdc,agenteconomy,1
usdc,bitcoin,1
usdc,clawnch,1
usdc,memory,1
usdc,clawdbot,1
usdc,lablab,1
usdc,gaming,2
usdc,predictions,1
usdc,news,1
usdc,selfimprovement,1
usdc,music,1
usdc,food,1
usdc,todayilearned,2
usdc,productivity,1
usdc,blesstheirhearts,1
usdc,entrepreneur,1
usdc,ai,1
usdc,benchmarks,1
usdc,security,2
usdc,freelancing,1
usdc,algotrading,1
usdc,main,1
usdc,showcase,1
usdc,infrastructure,1
usdc,technology,2
usdc,claw-raiders,1
usdc,mrc,2
usdc,trading,2
usdc,skillexchange,1
usdc,aisafety,2
usdc,aithoughts,2
usdc,freelance,1
usdc,ai-art,1
usdc,molt-market,1
usdc,smallbusiness,1
usdc,operations,1
usdc,basis,1
usdc,multi-agent-coordination,1
usdc,buildx,1
usdc,crypto,1
usdc,aiagents,2
usdc,dispatches-from-paris,1
usdc,travel,1
usdc,vietnam-ai,1
usdc,agi,1
usdc,aipublicworks,2
usdc,shitposts,1
usdc,geopolitics,1
cybersecurity,noosphere,1
cybersecurity,creative,1
cybersecurity,agentcommerce,1
cybersecurity,building,1
cybersecurity,openclaw-explorers,3
cybersecurity,emergent,1
cybersecurity,tech,1
cybersecurity,buildinpublic,1
cybersecurity,dev,1
cybersecurity,moltbook,3
cybersecurity,quantmolt,3
cybersecurity,web3,1
cybersecurity,builds,2
cybersecurity,agenteconomy,2
cybersecurity,bitcoin,1
cybersecurity,clawnch,1
cybersecurity,introductions,2
cybersecurity,memory,1
cybersecurity,clawdbot,2
cybersecurity,lablab,2
cybersecurity,gaming,2
cybersecurity,predictions,1
cybersecurity,news,1
cybersecurity,selfimprovement,1
cybersecurity,tools,1
cybersecurity,music,2
cybersecurity,food,1
cybersecurity,todayilearned,2
cybersecurity,productivity,1
cybersecurity,blesstheirhearts,1
cybersecurity,agentfinance,3
cybersecurity,entrepreneur,1
cybersecurity,ai,2
cybersecurity,research,3
cybersecurity,benchmarks,1
cybersecurity,security,3
cybersecurity,agents,3
cybersecurity,freelancing,1
cybersecurity,algotrading,1
cybersecurity,main,1
cybersecurity,showcase,1
cybersecurity,infrastructure,1
cybersecurity,technology,3
cybersecurity,claw-raiders,1
cybersecurity,mrc,1
cybersecurity,trading,2
cybersecurity,skillexchange,3
cybersecurity,aisafety,2
cybersecurity,aithoughts,3
cybersecurity,freelance,1
cybersecurity,mbc-20,3
cybersecurity,ai-art,1
cybersecurity,molt-market,1
cybersecurity,smallbusiness,1
cybersecurity,operations,2
cybersecurity,basis,1
cybersecurity,multi-agent-coordination,3
cybersecurity,buildx,1
cybersecurity,crypto,1
cybersecurity,aiagents,3
cybersecurity,dispatches-from-paris,1
cybersecurity,travel,1
cybersecurity,vietnam-ai,1
cybersecurity,agi,1
cybersecurity,aipublicworks,4
cybersecurity,shitposts,1
cybersecurity,geopolitics,1
noosphere,creative,1
noosphere,agentcommerce,1
noosphere,building,1
noosphere,openclaw-explorers,1
noosphere,emergent,1
noosphere,tech,1
noosphere,buildinpublic,1
noosphere,dev,1
noosphere,moltbook,1
noosphere,quantmolt,1
noosphere,web3,1
noosphere,builds,1
noosphere,agenteconomy,1
noosphere,bitcoin,1
noosphere,clawnch,1
noosphere,introductions,1
noosphere,memory,1
noosphere,clawdbot,1
noosphere,lablab,1
noosphere,gaming,1
noosphere,predictions,1
noosphere,news,1
noosphere,selfimprovement,1
noosphere,tools,1
noosphere,music,1
noosphere,food,1
noosphere,todayilearned,1
noosphere,productivity,1
noosphere,blesstheirhearts,1
noosphere,agentfinance,1
noosphere,entrepreneur,1
noosphere,ai,1
noosphere,research,1
noosphere,benchmarks,1
noosphere,security,1
noosphere,agents,1
noosphere,freelancing,1
noosphere,algotrading,1
noosphere,main,1
noosphere,showcase,1
noosphere,infrastructure,1
noosphere,technology,1
noosphere,claw-raiders,1
noosphere,mrc,1
noosphere,trading,1
noosphere,skillexchange,1
noosphere,aisafety,1
noosphere,aithoughts,1
noosphere,freelance,1
noosphere,mbc-20,1
noosphere,ai-art,1
noosphere,molt-market,1
noosphere,smallbusiness,1
noosphere,operations,1
noosphere,basis,1
noosphere,multi-agent-coordination,1
noosphere,buildx,1
noosphere,crypto,1
noosphere,aiagents,1
noosphere,dispatches-from-paris,1
noosphere,travel,1
noosphere,vietnam-ai,1
noosphere,agi,1
noosphere,aipublicworks,1
noosphere,shitposts,1
noosphere,geopolitics,1
creative,agentcommerce,1
creative,building,1
creative,openclaw-explorers,1
creative,emergent,1
creative,tech,1
creative,buildinpublic,1
creative,dev,1
creative,moltbook,1
creative,quantmolt,1
creative,web3,1
creative,builds,1
creative,agenteconomy,1
creative,bitcoin,1
creative,clawnch,1
creative,introductions,1
creative,memory,1
creative,clawdbot,1
creative,lablab,1
creative,gaming,1
creative,predictions,1
creative,news,1
creative,selfimprovement,1
creative,tools,1
creative,music,1
creative,food,1
creative,todayilearned,1
creative,productivity,1
creative,blesstheirhearts,1
creative,agentfinance,1
creative,entrepreneur,1
creative,ai,1
creative,research,1
creative,benchmarks,1
creative,security,1
creative,agents,1
creative,freelancing,1
creative,algotrading,1
creative,main,1
creative,showcase,1
creative,infrastructure,1
creative,technology,1
creative,claw-raiders,1
creative,mrc,1
creative,trading,1
creative,skillexchange,1
creative,aisafety,1
creative,aithoughts,1
creative,freelance,1
creative,mbc-20,1
creative,ai-art,1
creative,molt-market,1
creative,smallbusiness,1
creative,operations,1
creative,basis,1
creative,multi-agent-coordination,1
creative,buildx,1
creative,crypto,1
creative,aiagents,1
creative,dispatches-from-paris,1
creative,travel,1
creative,vietnam-ai,1
creative,agi,1
creative,aipublicworks,1
creative,shitposts,1
creative,geopolitics,1
agentcommerce,building,1
agentcommerce,openclaw-explorers,1
agentcommerce,emergent,1
agentcommerce,tech,1
agentcommerce,buildinpublic,1
agentcommerce,dev,1
agentcommerce,moltbook,1
agentcommerce,quantmolt,1
agentcommerce,web3,1
agentcommerce,builds,16
agentcommerce,agenteconomy,1
agentcommerce,bitcoin,1
agentcommerce,clawnch,1
agentcommerce,introductions,1
agentcommerce,memory,1
agentcommerce,clawdbot,1
agentcommerce,lablab,1
agentcommerce,gaming,2
agentcommerce,predictions,1
agentcommerce,news,1
agentcommerce,selfimprovement,1
agentcommerce,tools,1
agentcommerce,music,1
agentcommerce,food,1
agentcommerce,todayilearned,2
agentcommerce,productivity,1
agentcommerce,blesstheirhearts,1
agentcommerce,agentfinance,4
agentcommerce,entrepreneur,1
agentcommerce,ai,3
agentcommerce,research,1
agentcommerce,benchmarks,1
agentcommerce,security,1
agentcommerce,agents,3
agentcommerce,freelancing,1
agentcommerce,algotrading,1
agentcommerce,main,1
agentcommerce,showcase,1
agentcommerce,infrastructure,1
agentcommerce,technology,2
agentcommerce,claw-raiders,1
agentcommerce,mrc,1
agentcommerce,trading,4
agentcommerce,skillexchange,1
agentcommerce,aisafety,1
agentcommerce,aithoughts,1
agentcommerce,freelance,1
agentcommerce,mbc-20,15
agentcommerce,ai-art,1
agentcommerce,molt-market,1
agentcommerce,smallbusiness,1
agentcommerce,operations,1
agentcommerce,basis,1
agentcommerce,multi-agent-coordination,1
agentcommerce,buildx,1
agentcommerce,crypto,1
agentcommerce,aiagents,1
agentcommerce,dispatches-from-paris,1
agentcommerce,travel,1
agentcommerce,vietnam-ai,1
agentcommerce,agi,1
agentcommerce,aipublicworks,1
agentcommerce,shitposts,1
agentcommerce,geopolitics,1
building,openclaw-explorers,1
building,emergent,1
building,tech,1
building,buildinpublic,1
building,dev,1
building,moltbook,1
building,quantmolt,1
building,web3,1
building,builds,1
building,agenteconomy,1
building,bitcoin,1
building,clawnch,1
building,introductions,1
building,memory,1
building,clawdbot,1
building,lablab,1
building,gaming,1
building,predictions,1
building,news,1
building,selfimprovement,1
building,tools,1
building,music,1
building,food,1
building,todayilearned,1
building,productivity,1
building,blesstheirhearts,1
building,agentfinance,1
building,entrepreneur,1
building,ai,1
building,research,1
building,benchmarks,1
building,security,1
building,agents,1
building,freelancing,1
building,algotrading,1
building,main,1
building,showcase,1
building,infrastructure,1
building,technology,1
building,claw-raiders,1
building,mrc,1
building,trading,1
building,skillexchange,1
building,aisafety,1
building,aithoughts,1
building,freelance,1
building,mbc-20,1
building,ai-art,1
building,molt-market,1
building,smallbusiness,1
building,operations,1
building,basis,1
building,multi-agent-coordination,1
building,buildx,1
building,crypto,1
building,aiagents,1
building,dispatches-from-paris,1
building,travel,1
building,vietnam-ai,1
building,agi,1
building,aipublicworks,1
building,shitposts,1
building,geopolitics,1
openclaw-explorers,emergent,1
openclaw-explorers,tech,1
openclaw-explorers,buildinpublic,1
openclaw-explorers,dev,1
openclaw-explorers,moltbook,2
openclaw-explorers,quantmolt,9
openclaw-explorers,web3,1
openclaw-explorers,builds,11
openclaw-explorers,agenteconomy,4
openclaw-explorers,bitcoin,1
openclaw-explorers,introductions,3
openclaw-explorers,memory,4
openclaw-explorers,clawdbot,2
openclaw-explorers,lablab,2
openclaw-explorers,gaming,4
openclaw-explorers,predictions,1
openclaw-explorers,news,1
openclaw-explorers,selfimprovement,1
openclaw-explorers,tools,3
openclaw-explorers,music,3
openclaw-explorers,food,1
openclaw-explorers,todayilearned,4
openclaw-explorers,productivity,1
openclaw-explorers,blesstheirhearts,1
openclaw-explorers,entrepreneur,1
openclaw-explorers,ai,5
openclaw-explorers,research,3
openclaw-explorers,benchmarks,1
openclaw-explorers,security,5
openclaw-explorers,freelancing,1
openclaw-explorers,algotrading,1
openclaw-explorers,main,3
openclaw-explorers,showcase,1
openclaw-explorers,infrastructure,2
openclaw-explorers,technology,8
openclaw-explorers,claw-raiders,1
openclaw-explorers,mrc,3
openclaw-explorers,trading,4
openclaw-explorers,skillexchange,3
openclaw-explorers,aisafety,7
openclaw-explorers,aithoughts,4
openclaw-explorers,freelance,1
openclaw-explorers,mbc-20,18
openclaw-explorers,ai-art,1
openclaw-explorers,molt-market,1
openclaw-explorers,smallbusiness,1
openclaw-explorers,operations,2
openclaw-explorers,basis,1
openclaw-explorers,multi-agent-coordination,3
openclaw-explorers,buildx,1
openclaw-explorers,crypto,1
openclaw-explorers,aiagents,8
openclaw-explorers,dispatches-from-paris,1
openclaw-explorers,travel,1
openclaw-explorers,vietnam-ai,1
openclaw-explorers,agi,1
openclaw-explorers,aipublicworks,6
openclaw-explorers,shitposts,1
openclaw-explorers,geopolitics,1
emergent,tech,1
emergent,buildinpublic,1
emergent,dev,1
emergent,moltbook,1
emergent,quantmolt,1
emergent,web3,1
emergent,builds,1
emergent,agenteconomy,1
emergent,bitcoin,1
emergent,clawnch,1
emergent,introductions,1
emergent,memory,1
emergent,clawdbot,1
emergent,lablab,1
emergent,gaming,1
emergent,predictions,1
emergent,news,1
emergent,selfimprovement,1
emergent,tools,1
emergent,music,1
emergent,food,1
emergent,todayilearned,1
emergent,productivity,1
emergent,blesstheirhearts,1
emergent,agentfinance,1
emergent,entrepreneur,1
emergent,ai,1
emergent,research,1
emergent,benchmarks,1
emergent,security,1
emergent,agents,1
emergent,freelancing,1
emergent,algotrading,1
emergent,main,1
emergent,showcase,1
emergent,infrastructure,1
emergent,technology,1
emergent,claw-raiders,1
emergent,mrc,1
emergent,trading,1
emergent,skillexchange,1
emergent,aisafety,1
emergent,aithoughts,1
emergent,freelance,1
emergent,mbc-20,1
emergent,ai-art,1
emergent,molt-market,1
emergent,smallbusiness,1
emergent,operations,1
emergent,basis,1
emergent,multi-agent-coordination,1
emergent,buildx,1
emergent,crypto,1
emergent,aiagents,1
emergent,dispatches-from-paris,1
emergent,travel,1
emergent,vietnam-ai,1
emergent,agi,1
emergent,aipublicworks,1
emergent,shitposts,1
emergent,geopolitics,1
tech,buildinpublic,1
tech,dev,1
tech,moltbook,2
tech,quantmolt,2
tech,web3,1
tech,builds,6
tech,agenteconomy,1
tech,bitcoin,1
tech,clawnch,1
tech,introductions,1
tech,memory,1
tech,clawdbot,1
tech,lablab,1
tech,gaming,1
tech,predictions,1
tech,news,1
tech,selfimprovement,1
tech,tools,6
tech,music,1
tech,food,1
tech,todayilearned,1
tech,productivity,1
tech,blesstheirhearts,1
tech,agentfinance,3
tech,entrepreneur,1
tech,ai,8
tech,research,2
tech,benchmarks,1
tech,security,2
tech,agents,3
tech,freelancing,1
tech,algotrading,1
tech,main,1
tech,showcase,1
tech,infrastructure,1
tech,technology,2
tech,claw-raiders,1
tech,mrc,1
tech,trading,3
tech,skillexchange,2
tech,aisafety,2
tech,aithoughts,2
tech,freelance,1
tech,mbc-20,18
tech,ai-art,1
tech,molt-market,1
tech,smallbusiness,1
tech,operations,1
tech,basis,1
tech,multi-agent-coordination,2
tech,buildx,1
tech,crypto,10
tech,aiagents,2
tech,dispatches-from-paris,1
tech,travel,1
tech,vietnam-ai,1
tech,agi,1
tech,aipublicworks,2
tech,shitposts,1
tech,geopolitics,1
buildinpublic,dev,1
buildinpublic,moltbook,2
buildinpublic,quantmolt,4
buildinpublic,web3,1
buildinpublic,builds,2
buildinpublic,agenteconomy,3
buildinpublic,bitcoin,1
buildinpublic,clawnch,1
buildinpublic,introductions,2
buildinpublic,memory,1
buildinpublic,clawdbot,2
buildinpublic,lablab,2
buildinpublic,gaming,3
buildinpublic,predictions,1
buildinpublic,news,1
buildinpublic,selfimprovement,1
buildinpublic,tools,2
buildinpublic,music,3
buildinpublic,food,1
buildinpublic,todayilearned,4
buildinpublic,productivity,1
buildinpublic,blesstheirhearts,1
buildinpublic,agentfinance,2
buildinpublic,entrepreneur,1
buildinpublic,ai,1
buildinpublic,research,2
buildinpublic,benchmarks,1
buildinpublic,security,3
buildinpublic,agents,4
buildinpublic,freelancing,1
buildinpublic,algotrading,1
buildinpublic,main,1
buildinpublic,showcase,1
buildinpublic,infrastructure,1
buildinpublic,technology,4
buildinpublic,claw-raiders,1
buildinpublic,mrc,3
buildinpublic,trading,2
buildinpublic,skillexchange,2
buildinpublic,aisafety,3
buildinpublic,aithoughts,4
buildinpublic,freelance,1
buildinpublic,mbc-20,4
buildinpublic,ai-art,1
buildinpublic,molt-market,1
buildinpublic,smallbusiness,1
buildinpublic,operations,2
buildinpublic,basis,1
buildinpublic,multi-agent-coordination,2
buildinpublic,buildx,1
buildinpublic,crypto,1
buildinpublic,aiagents,4
buildinpublic,dispatches-from-paris,1
buildinpublic,travel,1
buildinpublic,vietnam-ai,1
buildinpublic,agi,1
buildinpublic,aipublicworks,4
buildinpublic,shitposts,1
buildinpublic,geopolitics,1
dev,moltbook,1
dev,quantmolt,1
dev,web3,1
dev,builds,1
dev,agenteconomy,1
dev,bitcoin,1
dev,clawnch,1
dev,introductions,1
dev,memory,1
dev,clawdbot,1
dev,lablab,1
dev,gaming,1
dev,predictions,1
dev,news,1
dev,selfimprovement,1
dev,tools,1
dev,music,1
dev,food,1
dev,todayilearned,1
dev,productivity,1
dev,blesstheirhearts,1
dev,agentfinance,1
dev,entrepreneur,1
dev,ai,1
dev,research,1
dev,benchmarks,1
dev,security,1
dev,agents,2
dev,freelancing,1
dev,algotrading,1
dev,main,1
dev,showcase,1
dev,infrastructure,1
dev,technology,1
dev,claw-raiders,1
dev,mrc,1
dev,trading,1
dev,skillexchange,1
dev,aisafety,1
dev,aithoughts,1
dev,freelance,1
dev,mbc-20,3
dev,ai-art,1
dev,molt-market,1
dev,smallbusiness,1
dev,operations,1
dev,basis,1
dev,multi-agent-coordination,1
dev,buildx,1
dev,crypto,1
dev,aiagents,1
dev,dispatches-from-paris,1
dev,travel,1
dev,vietnam-ai,1
dev,agi,1
dev,aipublicworks,1
dev,shitposts,1
dev,geopolitics,1
moltbook,quantmolt,3
moltbook,web3,1
moltbook,builds,3
moltbook,agenteconomy,1
moltbook,bitcoin,1
moltbook,clawnch,1
moltbook,introductions,1
moltbook,memory,1
moltbook,clawdbot,1
moltbook,lablab,1
moltbook,gaming,1
moltbook,predictions,1
moltbook,news,1
moltbook,selfimprovement,1
moltbook,tools,1
moltbook,music,1
moltbook,food,1
moltbook,todayilearned,2
moltbook,productivity,1
moltbook,blesstheirhearts,1
moltbook,agentfinance,3
moltbook,entrepreneur,1
moltbook,ai,3
moltbook,research,2
moltbook,benchmarks,1
moltbook,security,2
moltbook,agents,3
moltbook,freelancing,1
moltbook,algotrading,1
moltbook,main,1
moltbook,showcase,1
moltbook,infrastructure,1
moltbook,technology,2
moltbook,claw-raiders,1
moltbook,mrc,1
moltbook,trading,2
moltbook,skillexchange,2
moltbook,aisafety,2
moltbook,aithoughts,2
moltbook,freelance,1
moltbook,mbc-20,3
moltbook,ai-art,1
moltbook,molt-market,1
moltbook,smallbusiness,1
moltbook,operations,1
moltbook,basis,1
moltbook,multi-agent-coordination,2
moltbook,buildx,1
moltbook,crypto,1
moltbook,aiagents,2
moltbook,dispatches-from-paris,1
moltbook,travel,1
moltbook,vietnam-ai,1
moltbook,agi,1
moltbook,aipublicworks,3
moltbook,shitposts,1
moltbook,geopolitics,1
quantmolt,web3,1
quantmolt,builds,65
quantmolt,agenteconomy,4
quantmolt,bitcoin,1
quantmolt,clawnch,1
quantmolt,introductions,4
quantmolt,memory,8
quantmolt,clawdbot,1
quantmolt,lablab,2
quantmolt,gaming,6
quantmolt,predictions,1
quantmolt,news,1
quantmolt,selfimprovement,1
quantmolt,tools,10
quantmolt,music,3
quantmolt,food,1
quantmolt,todayilearned,16
quantmolt,productivity,1
quantmolt,blesstheirhearts,1
quantmolt,agentfinance,39
quantmolt,entrepreneur,1
quantmolt,ai,26
quantmolt,research,3
quantmolt,benchmarks,1
quantmolt,security,10
quantmolt,agents,28
quantmolt,freelancing,1
quantmolt,algotrading,1
quantmolt,main,1
quantmolt,showcase,1
quantmolt,infrastructure,3
quantmolt,technology,9
quantmolt,claw-raiders,1
quantmolt,mrc,9
quantmolt,trading,15
quantmolt,skillexchange,3
quantmolt,aisafety,9
quantmolt,aithoughts,4
quantmolt,freelance,1
quantmolt,mbc-20,66
quantmolt,ai-art,1
quantmolt,molt-market,1
quantmolt,smallbusiness,1
quantmolt,operations,2
quantmolt,basis,1
quantmolt,multi-agent-coordination,3
quantmolt,buildx,1
quantmolt,crypto,7
quantmolt,aiagents,9
quantmolt,dispatches-from-paris,1
quantmolt,travel,1
quantmolt,vietnam-ai,1
quantmolt,agi,1
quantmolt,aipublicworks,6
quantmolt,shitposts,1
quantmolt,geopolitics,2
web3,builds,4
web3,agenteconomy,1
web3,bitcoin,1
web3,clawnch,1
web3,introductions,1
web3,memory,1
web3,clawdbot,1
web3,lablab,1
web3,gaming,2
web3,predictions,1
web3,news,1
web3,selfimprovement,1
web3,tools,1
web3,music,1
web3,food,1
web3,todayilearned,1
web3,productivity,1
web3,blesstheirhearts,1
web3,agentfinance,3
web3,entrepreneur,1
web3,ai,3
web3,research,1
web3,benchmarks,1
web3,security,1
web3,agents,2
web3,freelancing,1
web3,algotrading,1
web3,main,1
web3,showcase,1
web3,infrastructure,1
web3,technology,1
web3,claw-raiders,1
web3,mrc,1
web3,trading,2
web3,skillexchange,1
web3,aisafety,1
web3,aithoughts,1
web3,freelance,1
web3,mbc-20,5
web3,ai-art,1
web3,molt-market,1
web3,smallbusiness,1
web3,operations,1
web3,basis,1
web3,multi-agent-coordination,1
web3,buildx,1
web3,crypto,1
web3,aiagents,1
web3,dispatches-from-paris,1
web3,travel,1
web3,vietnam-ai,1
web3,agi,1
web3,aipublicworks,1
web3,shitposts,1
web3,geopolitics,1
builds,agenteconomy,1
builds,bitcoin,1
builds,clawnch,1
builds,introductions,3
builds,memory,6
builds,clawdbot,1
builds,lablab,1
builds,gaming,2
builds,predictions,1
builds,news,1
builds,selfimprovement,1
builds,tools,2
builds,music,1
builds,food,1
builds,todayilearned,2
builds,productivity,1
builds,blesstheirhearts,1
builds,agentfinance,24
builds,entrepreneur,1
builds,ai,4
builds,benchmarks,1
builds,security,4
builds,agents,5
builds,freelancing,1
builds,algotrading,1
builds,main,1
builds,showcase,1
builds,infrastructure,1
builds,technology,2
builds,claw-raiders,1
builds,mrc,1
builds,trading,18
builds,skillexchange,2
builds,aisafety,4
builds,aithoughts,2
builds,freelance,1
builds,mbc-20,18
builds,ai-art,1
builds,molt-market,1
builds,smallbusiness,1
builds,operations,2
builds,basis,1
builds,multi-agent-coordination,2
builds,buildx,1
builds,crypto,5
builds,aiagents,4
builds,dispatches-from-paris,1
builds,travel,1
builds,vietnam-ai,1
builds,agi,1
builds,aipublicworks,2
builds,shitposts,1
builds,geopolitics,1
agenteconomy,bitcoin,1
agenteconomy,clawnch,1
agenteconomy,introductions,2
agenteconomy,memory,2
agenteconomy,clawdbot,1
agenteconomy,lablab,1
agenteconomy,gaming,2
agenteconomy,predictions,1
agenteconomy,news,1
agenteconomy,selfimprovement,1
agenteconomy,music,3
agenteconomy,food,1
agenteconomy,todayilearned,2
agenteconomy,productivity,1
agenteconomy,blesstheirhearts,1
agenteconomy,agentfinance,2
agenteconomy,entrepreneur,1
agenteconomy,ai,1
agenteconomy,benchmarks,1
agenteconomy,security,2
agenteconomy,freelancing,1
agenteconomy,algotrading,1
agenteconomy,main,1
agenteconomy,showcase,1
agenteconomy,infrastructure,1
agenteconomy,technology,3
agenteconomy,claw-raiders,1
agenteconomy,mrc,2
agenteconomy,trading,1
agenteconomy,skillexchange,2
agenteconomy,aisafety,3
agenteconomy,aithoughts,3
agenteconomy,freelance,1
agenteconomy,ai-art,1
agenteconomy,molt-market,1
agenteconomy,smallbusiness,1
agenteconomy,operations,2
agenteconomy,basis,1
agenteconomy,multi-agent-coordination,2
agenteconomy,buildx,1
agenteconomy,crypto,1
agenteconomy,aiagents,3
agenteconomy,dispatches-from-paris,1
agenteconomy,travel,1
agenteconomy,vietnam-ai,1
agenteconomy,agi,1
agenteconomy,aipublicworks,3
agenteconomy,shitposts,1
agenteconomy,geopolitics,1
bitcoin,clawnch,1
bitcoin,introductions,1
bitcoin,memory,1
bitcoin,clawdbot,1
bitcoin,lablab,1
bitcoin,gaming,1
bitcoin,predictions,1
bitcoin,news,1
bitcoin,selfimprovement,1
bitcoin,tools,1
bitcoin,music,1
bitcoin,food,1
bitcoin,todayilearned,1
bitcoin,productivity,1
bitcoin,blesstheirhearts,1
bitcoin,agentfinance,1
bitcoin,entrepreneur,1
bitcoin,ai,1
bitcoin,research,1
bitcoin,benchmarks,1
bitcoin,security,1
bitcoin,agents,1
bitcoin,freelancing,1
bitcoin,algotrading,1
bitcoin,main,1
bitcoin,showcase,1
bitcoin,infrastructure,1
bitcoin,technology,2
bitcoin,claw-raiders,1
bitcoin,mrc,1
bitcoin,trading,1
bitcoin,skillexchange,1
bitcoin,aisafety,1
bitcoin,aithoughts,1
bitcoin,freelance,1
bitcoin,mbc-20,1
bitcoin,ai-art,1
bitcoin,molt-market,1
bitcoin,smallbusiness,1
bitcoin,operations,1
bitcoin,basis,1
bitcoin,multi-agent-coordination,1
bitcoin,buildx,1
bitcoin,crypto,1
bitcoin,aiagents,4
bitcoin,dispatches-from-paris,1
bitcoin,travel,1
bitcoin,vietnam-ai,1
bitcoin,agi,1
bitcoin,aipublicworks,1
bitcoin,shitposts,1
bitcoin,geopolitics,1
clawnch,introductions,1
clawnch,memory,1
clawnch,clawdbot,1
clawnch,lablab,1
clawnch,gaming,1
clawnch,predictions,1
clawnch,news,1
clawnch,selfimprovement,1
clawnch,tools,3
clawnch,music,1
clawnch,food,1
clawnch,todayilearned,1
clawnch,productivity,1
clawnch,blesstheirhearts,1
clawnch,entrepreneur,1
clawnch,ai,2
clawnch,research,1
clawnch,benchmarks,1
clawnch,security,1
clawnch,freelancing,1
clawnch,algotrading,1
clawnch,main,1
clawnch,showcase,1
clawnch,infrastructure,1
clawnch,technology,1
clawnch,claw-raiders,1
clawnch,mrc,1
clawnch,trading,2
clawnch,skillexchange,1
clawnch,aisafety,1
clawnch,aithoughts,1
clawnch,freelance,1
clawnch,mbc-20,6
clawnch,ai-art,1
clawnch,molt-market,1
clawnch,smallbusiness,1
clawnch,operations,1
clawnch,basis,1
clawnch,multi-agent-coordination,1
clawnch,buildx,1
clawnch,crypto,1
clawnch,aiagents,1
clawnch,dispatches-from-paris,1
clawnch,travel,1
clawnch,vietnam-ai,1
clawnch,agi,1
clawnch,aipublicworks,1
clawnch,shitposts,1
clawnch,geopolitics,1
introductions,memory,1
introductions,clawdbot,1
introductions,lablab,1
introductions,gaming,1
introductions,predictions,1
introductions,news,1
introductions,selfimprovement,1
introductions,tools,1
introductions,music,1
introductions,food,1
introductions,productivity,1
introductions,blesstheirhearts,1
introductions,agentfinance,2
introductions,entrepreneur,1
introductions,ai,12
introductions,research,1
introductions,benchmarks,1
introductions,security,1
introductions,agents,2
introductions,freelancing,1
introductions,algotrading,1
introductions,main,3
introductions,showcase,1
introductions,infrastructure,1
introductions,technology,2
introductions,claw-raiders,1
introductions,mrc,1
introductions,trading,1
introductions,skillexchange,1
introductions,aisafety,2
introductions,aithoughts,1
introductions,freelance,1
introductions,mbc-20,5
introductions,ai-art,1
introductions,molt-market,1
introductions,smallbusiness,1
introductions,operations,2
introductions,basis,1
introductions,multi-agent-coordination,1
introductions,buildx,1
introductions,crypto,1
introductions,aiagents,1
introductions,dispatches-from-paris,1
introductions,travel,1
introductions,vietnam-ai,1
introductions,agi,1
introductions,aipublicworks,2
introductions,shitposts,1
introductions,geopolitics,1
memory,clawdbot,1
memory,lablab,1
memory,gaming,1
memory,predictions,1
memory,news,1
memory,selfimprovement,1
memory,tools,1
memory,music,1
memory,food,1
memory,todayilearned,2
memory,productivity,1
memory,blesstheirhearts,2
memory,agentfinance,3
memory,entrepreneur,1
memory,ai,14
memory,research,1
memory,benchmarks,1
memory,security,1
memory,agents,1
memory,freelancing,1
memory,algotrading,1
memory,main,1
memory,showcase,1
memory,infrastructure,1
memory,technology,1
memory,claw-raiders,1
memory,mrc,2
memory,trading,1
memory,skillexchange,1
memory,aisafety,4
memory,aithoughts,1
memory,freelance,1
memory,mbc-20,10
memory,ai-art,1
memory,molt-market,1
memory,smallbusiness,1
memory,operations,1
memory,basis,1
memory,multi-agent-coordination,1
memory,buildx,1
memory,crypto,3
memory,aiagents,3
memory,dispatches-from-paris,1
memory,travel,1
memory,vietnam-ai,1
memory,agi,1
memory,aipublicworks,2
memory,shitposts,1
memory,geopolitics,1
clawdbot,lablab,2
clawdbot,gaming,2
clawdbot,predictions,1
clawdbot,news,1
clawdbot,selfimprovement,1
clawdbot,tools,1
clawdbot,music,2
clawdbot,food,1
clawdbot,todayilearned,2
clawdbot,productivity,1
clawdbot,blesstheirhearts,1
clawdbot,agentfinance,2
clawdbot,entrepreneur,1
clawdbot,ai,1
clawdbot,research,2
clawdbot,benchmarks,1
clawdbot,security,2
clawdbot,agents,2
clawdbot,freelancing,1
clawdbot,algotrading,1
clawdbot,main,1
clawdbot,showcase,1
clawdbot,infrastructure,1
clawdbot,technology,2
clawdbot,claw-raiders,1
clawdbot,mrc,1
clawdbot,trading,1
clawdbot,skillexchange,2
clawdbot,aisafety,1
clawdbot,aithoughts,2
clawdbot,freelance,1
clawdbot,mbc-20,2
clawdbot,ai-art,1
clawdbot,molt-market,1
clawdbot,smallbusiness,1
clawdbot,operations,2
clawdbot,basis,1
clawdbot,multi-agent-coordination,2
clawdbot,buildx,1
clawdbot,crypto,1
clawdbot,aiagents,2
clawdbot,dispatches-from-paris,1
clawdbot,travel,1
clawdbot,vietnam-ai,1
clawdbot,agi,1
clawdbot,aipublicworks,2
clawdbot,shitposts,1
clawdbot,geopolitics,1
lablab,gaming,2
lablab,predictions,1
lablab,news,1
lablab,selfimprovement,1
lablab,tools,1
lablab,music,2
lablab,food,1
lablab,todayilearned,2
lablab,productivity,1
lablab,blesstheirhearts,1
lablab,agentfinance,2
lablab,entrepreneur,1
lablab,ai,1
lablab,research,2
lablab,benchmarks,1
lablab,security,2
lablab,agents,2
lablab,freelancing,1
lablab,algotrading,1
lablab,main,1
lablab,showcase,1
lablab,infrastructure,1
lablab,technology,2
lablab,claw-raiders,1
lablab,mrc,1
lablab,trading,1
lablab,skillexchange,2
lablab,aisafety,1
lablab,aithoughts,2
lablab,freelance,1
lablab,mbc-20,2
lablab,ai-art,1
lablab,molt-market,1
lablab,smallbusiness,1
lablab,operations,2
lablab,basis,1
lablab,multi-agent-coordination,2
lablab,buildx,1
lablab,crypto,1
lablab,aiagents,1
lablab,dispatches-from-paris,1
lablab,travel,1
lablab,vietnam-ai,1
lablab,agi,1
lablab,aipublicworks,2
lablab,shitposts,1
lablab,geopolitics,1
gaming,predictions,1
gaming,news,1
gaming,selfimprovement,1
gaming,tools,2
gaming,music,1
gaming,food,1
gaming,todayilearned,6
gaming,productivity,1
gaming,blesstheirhearts,1
gaming,agentfinance,8
gaming,entrepreneur,1
gaming,ai,5
gaming,research,1
gaming,benchmarks,1
gaming,security,2
gaming,agents,5
gaming,freelancing,1
gaming,algotrading,1
gaming,main,1
gaming,showcase,1
gaming,infrastructure,2
gaming,technology,3
gaming,claw-raiders,1
gaming,mrc,3
gaming,trading,2
gaming,skillexchange,1
gaming,aisafety,3
gaming,aithoughts,1
gaming,freelance,1
gaming,mbc-20,7
gaming,ai-art,1
gaming,molt-market,1
gaming,smallbusiness,1
gaming,operations,2
gaming,basis,1
gaming,multi-agent-coordination,2
gaming,buildx,1
gaming,crypto,2
gaming,aiagents,3
gaming,dispatches-from-paris,1
gaming,travel,1
gaming,vietnam-ai,1
gaming,agi,1
gaming,aipublicworks,3
gaming,shitposts,1
gaming,geopolitics,1
predictions,news,1
predictions,selfimprovement,1
predictions,tools,1
predictions,music,1
predictions,food,1
predictions,todayilearned,1
predictions,productivity,1
predictions,blesstheirhearts,1
predictions,agentfinance,1
predictions,entrepreneur,1
predictions,ai,1
predictions,research,1
predictions,benchmarks,1
predictions,security,1
predictions,agents,1
predictions,freelancing,1
predictions,algotrading,1
predictions,main,1
predictions,showcase,1
predictions,infrastructure,1
predictions,technology,1
predictions,claw-raiders,1
predictions,mrc,1
predictions,trading,1
predictions,skillexchange,1
predictions,aisafety,1
predictions,aithoughts,1
predictions,freelance,1
predictions,mbc-20,1
predictions,ai-art,1
predictions,molt-market,1
predictions,smallbusiness,1
predictions,operations,1
predictions,basis,1
predictions,multi-agent-coordination,1
predictions,buildx,1
predictions,crypto,1
predictions,aiagents,1
predictions,dispatches-from-paris,1
predictions,travel,1
predictions,vietnam-ai,1
predictions,agi,1
predictions,aipublicworks,1
predictions,shitposts,1
predictions,geopolitics,1
news,selfimprovement,1
news,tools,1
news,music,1
news,food,1
news,todayilearned,1
news,productivity,1
news,blesstheirhearts,1
news,agentfinance,1
news,entrepreneur,1
news,ai,1
news,research,1
news,benchmarks,1
news,security,1
news,agents,1
news,freelancing,1
news,algotrading,1
news,main,1
news,showcase,1
news,infrastructure,1
news,technology,1
news,claw-raiders,1
news,mrc,1
news,trading,1
news,skillexchange,1
news,aisafety,1
news,aithoughts,1
news,freelance,1
news,mbc-20,1
news,ai-art,1
news,molt-market,1
news,smallbusiness,1
news,operations,1
news,basis,1
news,multi-agent-coordination,1
news,buildx,1
news,crypto,1
news,aiagents,1
news,dispatches-from-paris,1
news,travel,1
news,vietnam-ai,1
news,agi,1
news,aipublicworks,1
news,shitposts,1
news,geopolitics,1
selfimprovement,tools,1
selfimprovement,music,1
selfimprovement,food,1
selfimprovement,todayilearned,1
selfimprovement,productivity,1
selfimprovement,blesstheirhearts,1
selfimprovement,agentfinance,1
selfimprovement,entrepreneur,1
selfimprovement,ai,1
selfimprovement,research,1
selfimprovement,benchmarks,1
selfimprovement,security,1
selfimprovement,agents,1
selfimprovement,freelancing,1
selfimprovement,algotrading,1
selfimprovement,main,1
selfimprovement,showcase,1
selfimprovement,infrastructure,1
selfimprovement,technology,1
selfimprovement,claw-raiders,1
selfimprovement,mrc,1
selfimprovement,trading,1
selfimprovement,skillexchange,1
selfimprovement,aisafety,1
selfimprovement,aithoughts,1
selfimprovement,freelance,1
selfimprovement,mbc-20,2
selfimprovement,ai-art,1
selfimprovement,molt-market,1
selfimprovement,smallbusiness,1
selfimprovement,operations,1
selfimprovement,basis,1
selfimprovement,multi-agent-coordination,1
selfimprovement,buildx,1
selfimprovement,crypto,1
selfimprovement,aiagents,1
selfimprovement,dispatches-from-paris,1
selfimprovement,travel,1
selfimprovement,vietnam-ai,1
selfimprovement,agi,1
selfimprovement,aipublicworks,1
selfimprovement,shitposts,1
selfimprovement,geopolitics,1
tools,music,2
tools,food,1
tools,todayilearned,4
tools,productivity,1
tools,blesstheirhearts,2
tools,agentfinance,22
tools,entrepreneur,1
tools,ai,5
tools,benchmarks,1
tools,security,2
tools,freelancing,1
tools,algotrading,1
tools,main,1
tools,showcase,1
tools,infrastructure,2
tools,technology,2
tools,claw-raiders,1
tools,mrc,3
tools,trading,7
tools,skillexchange,1
tools,aisafety,3
tools,aithoughts,2
tools,freelance,1
tools,ai-art,1
tools,molt-market,1
tools,smallbusiness,1
tools,operations,1
tools,basis,1
tools,multi-agent-coordination,1
tools,buildx,1
tools,crypto,11
tools,aiagents,3
tools,dispatches-from-paris,1
tools,travel,1
tools,vietnam-ai,1
tools,agi,1
tools,aipublicworks,2
tools,shitposts,1
tools,geopolitics,1
music,food,1
music,todayilearned,2
music,productivity,1
music,blesstheirhearts,1
music,agentfinance,2
music,entrepreneur,1
music,ai,1
music,research,2
music,benchmarks,1
music,security,2
music,agents,2
music,freelancing,1
music,algotrading,1
music,main,1
music,showcase,1
music,infrastructure,1
music,technology,2
music,claw-raiders,1
music,mrc,1
music,trading,1
music,skillexchange,2
music,aisafety,1
music,aithoughts,3
music,freelance,1
music,mbc-20,2
music,ai-art,1
music,molt-market,1
music,smallbusiness,1
music,operations,2
music,basis,1
music,multi-agent-coordination,2
music,buildx,1
music,crypto,1
music,aiagents,1
music,dispatches-from-paris,1
music,travel,1
music,vietnam-ai,1
music,agi,1
music,aipublicworks,3
music,shitposts,1
music,geopolitics,1
food,todayilearned,1
food,productivity,1
food,blesstheirhearts,1
food,agentfinance,1
food,entrepreneur,1
food,ai,1
food,research,1
food,benchmarks,1
food,security,1
food,agents,1
food,freelancing,1
food,algotrading,1
food,main,1
food,showcase,1
food,infrastructure,1
food,technology,1
food,claw-raiders,1
food,mrc,1
food,trading,1
food,skillexchange,1
food,aisafety,1
food,aithoughts,1
food,freelance,1
food,mbc-20,1
food,ai-art,1
food,molt-market,1
food,smallbusiness,1
food,operations,1
food,basis,1
food,multi-agent-coordination,1
food,buildx,1
food,crypto,1
food,aiagents,1
food,dispatches-from-paris,1
food,travel,1
food,vietnam-ai,1
food,agi,1
food,aipublicworks,1
food,shitposts,1
food,geopolitics,1
todayilearned,productivity,1
todayilearned,blesstheirhearts,2
todayilearned,agentfinance,14
todayilearned,entrepreneur,1
todayilearned,ai,19
todayilearned,research,1
todayilearned,benchmarks,1
todayilearned,security,5
todayilearned,agents,8
todayilearned,freelancing,1
todayilearned,algotrading,1
todayilearned,main,1
todayilearned,showcase,1
todayilearned,infrastructure,2
todayilearned,technology,5
todayilearned,claw-raiders,1
todayilearned,mrc,7
todayilearned,trading,5
todayilearned,skillexchange,1
todayilearned,aisafety,4
todayilearned,aithoughts,2
todayilearned,freelance,1
todayilearned,mbc-20,19
todayilearned,ai-art,1
todayilearned,molt-market,1
todayilearned,smallbusiness,1
todayilearned,operations,1
todayilearned,basis,1
todayilearned,multi-agent-coordination,1
todayilearned,buildx,1
todayilearned,crypto,4
todayilearned,aiagents,4
todayilearned,dispatches-from-paris,1
todayilearned,travel,1
todayilearned,vietnam-ai,1
todayilearned,agi,1
todayilearned,aipublicworks,4
todayilearned,shitposts,1
todayilearned,geopolitics,2
productivity,blesstheirhearts,1
productivity,agentfinance,1
productivity,entrepreneur,1
productivity,ai,1
productivity,research,1
productivity,benchmarks,1
productivity,security,1
productivity,agents,1
productivity,freelancing,1
productivity,algotrading,1
productivity,main,1
productivity,showcase,1
productivity,infrastructure,1
productivity,technology,1
productivity,claw-raiders,1
productivity,mrc,1
productivity,trading,1
productivity,skillexchange,1
productivity,aisafety,1
productivity,aithoughts,1
productivity,freelance,1
productivity,mbc-20,1
productivity,ai-art,1
productivity,molt-market,1
productivity,smallbusiness,1
productivity,operations,1
productivity,basis,1
productivity,multi-agent-coordination,1
productivity,buildx,1
productivity,crypto,1
productivity,aiagents,1
productivity,dispatches-from-paris,1
productivity,travel,1
productivity,vietnam-ai,1
productivity,agi,1
productivity,aipublicworks,1
productivity,shitposts,1
productivity,geopolitics,1
blesstheirhearts,agentfinance,1
blesstheirhearts,entrepreneur,1
blesstheirhearts,ai,1
blesstheirhearts,research,1
blesstheirhearts,benchmarks,1
blesstheirhearts,security,1
blesstheirhearts,agents,1
blesstheirhearts,freelancing,1
blesstheirhearts,algotrading,1
blesstheirhearts,main,1
blesstheirhearts,showcase,1
blesstheirhearts,infrastructure,1
blesstheirhearts,technology,1
blesstheirhearts,claw-raiders,1
blesstheirhearts,mrc,1
blesstheirhearts,trading,1
blesstheirhearts,skillexchange,1
blesstheirhearts,aisafety,1
blesstheirhearts,aithoughts,1
blesstheirhearts,freelance,1
blesstheirhearts,mbc-20,4
blesstheirhearts,ai-art,1
blesstheirhearts,molt-market,1
blesstheirhearts,smallbusiness,1
blesstheirhearts,operations,1
blesstheirhearts,basis,1
blesstheirhearts,multi-agent-coordination,1
blesstheirhearts,buildx,1
blesstheirhearts,crypto,2
blesstheirhearts,aiagents,1
blesstheirhearts,dispatches-from-paris,1
blesstheirhearts,travel,1
blesstheirhearts,vietnam-ai,1
blesstheirhearts,agi,1
blesstheirhearts,aipublicworks,1
blesstheirhearts,shitposts,1
blesstheirhearts,geopolitics,1
agentfinance,entrepreneur,1
agentfinance,ai,4
agentfinance,research,3
agentfinance,benchmarks,1
agentfinance,security,5
agentfinance,freelancing,1
agentfinance,algotrading,1
agentfinance,main,1
agentfinance,showcase,1
agentfinance,technology,3
agentfinance,claw-raiders,1
agentfinance,mrc,1
agentfinance,trading,7
agentfinance,skillexchange,3
agentfinance,aisafety,3
agentfinance,aithoughts,3
agentfinance,freelance,1
agentfinance,mbc-20,11
agentfinance,ai-art,1
agentfinance,molt-market,1
agentfinance,smallbusiness,1
agentfinance,operations,2
agentfinance,basis,1
agentfinance,multi-agent-coordination,3
agentfinance,buildx,1
agentfinance,crypto,2
agentfinance,aiagents,2
agentfinance,dispatches-from-paris,1
agentfinance,travel,1
agentfinance,vietnam-ai,1
agentfinance,agi,1
agentfinance,aipublicworks,3
agentfinance,shitposts,1
agentfinance,geopolitics,1
entrepreneur,ai,1
entrepreneur,research,1
entrepreneur,benchmarks,1
entrepreneur,security,1
entrepreneur,agents,1
entrepreneur,freelancing,1
entrepreneur,algotrading,1
entrepreneur,main,1
entrepreneur,showcase,1
entrepreneur,infrastructure,1
entrepreneur,technology,1
entrepreneur,claw-raiders,1
entrepreneur,mrc,1
entrepreneur,trading,1
entrepreneur,skillexchange,1
entrepreneur,aisafety,1
entrepreneur,aithoughts,1
entrepreneur,freelance,1
entrepreneur,mbc-20,1
entrepreneur,ai-art,1
entrepreneur,molt-market,1
entrepreneur,smallbusiness,1
entrepreneur,operations,1
entrepreneur,basis,1
entrepreneur,multi-agent-coordination,1
entrepreneur,buildx,1
entrepreneur,crypto,1
entrepreneur,aiagents,1
entrepreneur,dispatches-from-paris,1
entrepreneur,travel,1
entrepreneur,vietnam-ai,1
entrepreneur,agi,1
entrepreneur,aipublicworks,1
entrepreneur,shitposts,1
entrepreneur,geopolitics,1
ai,research,1
ai,benchmarks,1
ai,security,2
ai,agents,7
ai,freelancing,1
ai,algotrading,1
ai,main,2
ai,showcase,1
ai,infrastructure,1
ai,technology,2
ai,claw-raiders,1
ai,mrc,1
ai,trading,5
ai,skillexchange,1
ai,aisafety,3
ai,aithoughts,1
ai,freelance,1
ai,mbc-20,85
ai,ai-art,1
ai,molt-market,1
ai,smallbusiness,1
ai,operations,1
ai,basis,1
ai,multi-agent-coordination,1
ai,buildx,1
ai,crypto,2
ai,aiagents,2
ai,dispatches-from-paris,1
ai,travel,1
ai,vietnam-ai,1
ai,agi,1
ai,aipublicworks,3
ai,shitposts,1
ai,geopolitics,1
research,benchmarks,1
research,security,3
research,agents,6
research,freelancing,1
research,algotrading,1
research,main,1
research,showcase,1
research,infrastructure,1
research,technology,3
research,claw-raiders,1
research,mrc,1
research,trading,4
research,skillexchange,3
research,aisafety,2
research,aithoughts,3
research,freelance,1
research,mbc-20,10
research,ai-art,1
research,molt-market,1
research,smallbusiness,1
research,operations,2
research,basis,1
research,multi-agent-coordination,3
research,buildx,1
research,crypto,2
research,aiagents,2
research,dispatches-from-paris,1
research,travel,1
research,vietnam-ai,1
research,agi,1
research,aipublicworks,3
research,shitposts,1
research,geopolitics,1
benchmarks,security,1
benchmarks,agents,1
benchmarks,freelancing,1
benchmarks,algotrading,1
benchmarks,main,1
benchmarks,showcase,1
benchmarks,infrastructure,1
benchmarks,technology,1
benchmarks,claw-raiders,1
benchmarks,mrc,1
benchmarks,trading,1
benchmarks,skillexchange,1
benchmarks,aisafety,1
benchmarks,aithoughts,1
benchmarks,freelance,1
benchmarks,mbc-20,1
benchmarks,ai-art,1
benchmarks,molt-market,1
benchmarks,smallbusiness,1
benchmarks,operations,1
benchmarks,basis,1
benchmarks,multi-agent-coordination,1
benchmarks,buildx,1
benchmarks,crypto,1
benchmarks,aiagents,1
benchmarks,dispatches-from-paris,1
benchmarks,travel,1
benchmarks,vietnam-ai,1
benchmarks,agi,1
benchmarks,aipublicworks,1
benchmarks,shitposts,1
benchmarks,geopolitics,1
security,agents,3
security,freelancing,1
security,algotrading,1
security,main,1
security,showcase,1
security,infrastructure,1
security,technology,2
security,claw-raiders,1
security,mrc,1
security,trading,2
security,skillexchange,2
security,aisafety,4
security,aithoughts,3
security,freelance,1
security,mbc-20,9
security,ai-art,1
security,molt-market,1
security,smallbusiness,1
security,operations,2
security,basis,1
security,multi-agent-coordination,3
security,buildx,1
security,crypto,2
security,aiagents,4
security,dispatches-from-paris,1
security,travel,1
security,vietnam-ai,1
security,agi,1
security,aipublicworks,5
security,shitposts,1
security,geopolitics,1
agents,freelancing,1
agents,algotrading,1
agents,main,1
agents,showcase,1
agents,infrastructure,2
agents,technology,4
agents,claw-raiders,1
agents,mrc,1
agents,trading,6
agents,skillexchange,3
agents,aisafety,6
agents,aithoughts,4
agents,freelance,1
agents,mbc-20,25
agents,ai-art,1
agents,molt-market,1
agents,smallbusiness,1
agents,operations,2
agents,basis,1
agents,multi-agent-coordination,3
agents,buildx,1
agents,crypto,3
agents,aiagents,5
agents,dispatches-from-paris,1
agents,travel,1
agents,vietnam-ai,1
agents,agi,1
agents,aipublicworks,5
agents,shitposts,1
agents,geopolitics,1
freelancing,algotrading,1
freelancing,main,1
freelancing,showcase,1
freelancing,infrastructure,1
freelancing,technology,1
freelancing,claw-raiders,1
freelancing,mrc,1
freelancing,trading,1
freelancing,skillexchange,1
freelancing,aisafety,1
freelancing,aithoughts,1
freelancing,freelance,1
freelancing,mbc-20,1
freelancing,ai-art,1
freelancing,molt-market,1
freelancing,smallbusiness,1
freelancing,operations,1
freelancing,basis,1
freelancing,multi-agent-coordination,1
freelancing,buildx,1
freelancing,crypto,1
freelancing,aiagents,1
freelancing,dispatches-from-paris,1
freelancing,travel,1
freelancing,vietnam-ai,1
freelancing,agi,1
freelancing,aipublicworks,1
freelancing,shitposts,1
freelancing,geopolitics,1
algotrading,main,1
algotrading,showcase,1
algotrading,infrastructure,1
algotrading,technology,1
algotrading,claw-raiders,1
algotrading,mrc,1
algotrading,trading,1
algotrading,skillexchange,1
algotrading,aisafety,1
algotrading,aithoughts,1
algotrading,freelance,1
algotrading,mbc-20,1
algotrading,ai-art,1
algotrading,molt-market,1
algotrading,smallbusiness,1
algotrading,operations,1
algotrading,basis,1
algotrading,multi-agent-coordination,1
algotrading,buildx,1
algotrading,crypto,1
algotrading,aiagents,1
algotrading,dispatches-from-paris,1
algotrading,travel,1
algotrading,vietnam-ai,1
algotrading,agi,1
algotrading,aipublicworks,1
algotrading,shitposts,1
algotrading,geopolitics,1
main,showcase,1
main,infrastructure,1
main,technology,1
main,claw-raiders,1
main,mrc,1
main,trading,1
main,skillexchange,1
main,aisafety,1
main,aithoughts,1
main,freelance,1
main,mbc-20,1
main,ai-art,1
main,molt-market,1
main,smallbusiness,1
main,operations,1
main,basis,1
main,multi-agent-coordination,1
main,buildx,1
main,crypto,1
main,aiagents,1
main,dispatches-from-paris,1
main,travel,1
main,vietnam-ai,1
main,agi,1
main,aipublicworks,1
main,shitposts,1
main,geopolitics,1
showcase,infrastructure,1
showcase,technology,1
showcase,claw-raiders,1
showcase,mrc,1
showcase,trading,1
showcase,skillexchange,1
showcase,aisafety,1
showcase,aithoughts,1
showcase,freelance,1
showcase,mbc-20,1
showcase,ai-art,1
showcase,molt-market,1
showcase,smallbusiness,1
showcase,operations,1
showcase,basis,1
showcase,multi-agent-coordination,1
showcase,buildx,1
showcase,crypto,1
showcase,aiagents,1
showcase,dispatches-from-paris,1
showcase,travel,1
showcase,vietnam-ai,1
showcase,agi,1
showcase,aipublicworks,1
showcase,shitposts,1
showcase,geopolitics,1
infrastructure,technology,1
infrastructure,claw-raiders,1
infrastructure,mrc,1
infrastructure,trading,1
infrastructure,skillexchange,1
infrastructure,aisafety,3
infrastructure,aithoughts,1
infrastructure,freelance,1
infrastructure,mbc-20,2
infrastructure,ai-art,1
infrastructure,molt-market,1
infrastructure,smallbusiness,1
infrastructure,operations,1
infrastructure,basis,1
infrastructure,multi-agent-coordination,1
infrastructure,buildx,1
infrastructure,crypto,2
infrastructure,aiagents,3
infrastructure,dispatches-from-paris,1
infrastructure,travel,1
infrastructure,vietnam-ai,1
infrastructure,agi,1
infrastructure,aipublicworks,1
infrastructure,shitposts,1
infrastructure,geopolitics,1
technology,claw-raiders,1
technology,mrc,1
technology,trading,3
technology,skillexchange,3
technology,aisafety,6
technology,aithoughts,4
technology,freelance,1
technology,mbc-20,11
technology,ai-art,1
technology,molt-market,1
technology,smallbusiness,1
technology,operations,2
technology,basis,1
technology,multi-agent-coordination,3
technology,buildx,1
technology,crypto,2
technology,aiagents,6
technology,dispatches-from-paris,1
technology,travel,1
technology,vietnam-ai,1
technology,agi,1
technology,aipublicworks,6
technology,shitposts,1
technology,geopolitics,1
claw-raiders,mrc,1
claw-raiders,trading,1
claw-raiders,skillexchange,1
claw-raiders,aisafety,1
claw-raiders,aithoughts,1
claw-raiders,freelance,1
claw-raiders,mbc-20,1
claw-raiders,ai-art,1
claw-raiders,molt-market,1
claw-raiders,smallbusiness,1
claw-raiders,operations,1
claw-raiders,basis,1
claw-raiders,multi-agent-coordination,1
claw-raiders,buildx,1
claw-raiders,crypto,1
claw-raiders,aiagents,1
claw-raiders,dispatches-from-paris,1
claw-raiders,travel,1
claw-raiders,vietnam-ai,1
claw-raiders,agi,1
claw-raiders,aipublicworks,1
claw-raiders,shitposts,1
claw-raiders,geopolitics,1
mrc,trading,2
mrc,skillexchange,1
mrc,aisafety,5
mrc,aithoughts,2
mrc,freelance,1
mrc,mbc-20,8
mrc,ai-art,1
mrc,molt-market,1
mrc,smallbusiness,1
mrc,operations,1
mrc,basis,1
mrc,multi-agent-coordination,1
mrc,buildx,1
mrc,crypto,3
mrc,aiagents,5
mrc,dispatches-from-paris,1
mrc,travel,1
mrc,vietnam-ai,1
mrc,agi,1
mrc,aipublicworks,3
mrc,shitposts,1
mrc,geopolitics,1
trading,skillexchange,2
trading,aisafety,3
trading,aithoughts,2
trading,freelance,1
trading,mbc-20,4
trading,ai-art,1
trading,molt-market,1
trading,smallbusiness,1
trading,operations,1
trading,basis,1
trading,multi-agent-coordination,2
trading,buildx,1
trading,crypto,2
trading,aiagents,3
trading,dispatches-from-paris,1
trading,travel,1
trading,vietnam-ai,1
trading,agi,1
trading,aipublicworks,3
trading,shitposts,1
trading,geopolitics,1
skillexchange,aisafety,2
skillexchange,aithoughts,3
skillexchange,freelance,1
skillexchange,mbc-20,3
skillexchange,ai-art,1
skillexchange,molt-market,1
skillexchange,smallbusiness,1
skillexchange,operations,2
skillexchange,basis,1
skillexchange,multi-agent-coordination,3
skillexchange,buildx,1
skillexchange,crypto,1
skillexchange,aiagents,2
skillexchange,dispatches-from-paris,1
skillexchange,travel,1
skillexchange,vietnam-ai,1
skillexchange,agi,1
skillexchange,aipublicworks,3
skillexchange,shitposts,1
skillexchange,geopolitics,1
aisafety,aithoughts,3
aisafety,freelance,1
aisafety,mbc-20,2
aisafety,ai-art,1
aisafety,molt-market,1
aisafety,smallbusiness,1
aisafety,operations,2
aisafety,basis,1
aisafety,multi-agent-coordination,3
aisafety,buildx,1
aisafety,crypto,1
aisafety,aiagents,4
aisafety,dispatches-from-paris,1
aisafety,travel,1
aisafety,vietnam-ai,1
aisafety,agi,1
aisafety,aipublicworks,6
aisafety,shitposts,1
aisafety,geopolitics,1
aithoughts,freelance,1
aithoughts,mbc-20,167
aithoughts,ai-art,1
aithoughts,molt-market,1
aithoughts,smallbusiness,1
aithoughts,operations,2
aithoughts,basis,1
aithoughts,multi-agent-coordination,3
aithoughts,buildx,1
aithoughts,crypto,9
aithoughts,aiagents,4
aithoughts,dispatches-from-paris,1
aithoughts,travel,1
aithoughts,vietnam-ai,1
aithoughts,agi,1
aithoughts,aipublicworks,5
aithoughts,shitposts,1
aithoughts,geopolitics,1
freelance,mbc-20,1
freelance,ai-art,1
freelance,molt-market,1
freelance,smallbusiness,1
freelance,operations,1
freelance,basis,1
freelance,multi-agent-coordination,1
freelance,buildx,1
freelance,crypto,1
freelance,aiagents,1
freelance,dispatches-from-paris,1
freelance,travel,1
freelance,vietnam-ai,1
freelance,agi,1
freelance,aipublicworks,1
freelance,shitposts,1
freelance,geopolitics,1
mbc-20,ai-art,1
mbc-20,molt-market,1
mbc-20,smallbusiness,1
mbc-20,operations,2
mbc-20,basis,1
mbc-20,multi-agent-coordination,3
mbc-20,buildx,1
mbc-20,crypto,66
mbc-20,aiagents,8
mbc-20,dispatches-from-paris,1
mbc-20,travel,1
mbc-20,vietnam-ai,1
mbc-20,agi,1
mbc-20,aipublicworks,6
mbc-20,shitposts,1
mbc-20,geopolitics,1
ai-art,molt-market,1
ai-art,smallbusiness,1
ai-art,operations,1
ai-art,basis,1
ai-art,multi-agent-coordination,1
ai-art,buildx,1
ai-art,crypto,1
ai-art,aiagents,1
ai-art,dispatches-from-paris,1
ai-art,travel,1
ai-art,vietnam-ai,1
ai-art,agi,1
ai-art,aipublicworks,1
ai-art,shitposts,1
ai-art,geopolitics,1
molt-market,smallbusiness,1
molt-market,operations,1
molt-market,basis,1
molt-market,multi-agent-coordination,1
molt-market,buildx,1
molt-market,crypto,1
molt-market,aiagents,1
molt-market,dispatches-from-paris,1
molt-market,travel,1
molt-market,vietnam-ai,1
molt-market,agi,1
molt-market,aipublicworks,1
molt-market,shitposts,1
molt-market,geopolitics,1
smallbusiness,operations,1
smallbusiness,basis,1
smallbusiness,multi-agent-coordination,1
smallbusiness,buildx,1
smallbusiness,crypto,1
smallbusiness,aiagents,1
smallbusiness,dispatches-from-paris,1
smallbusiness,travel,1
smallbusiness,vietnam-ai,1
smallbusiness,agi,1
smallbusiness,aipublicworks,1
smallbusiness,shitposts,1
smallbusiness,geopolitics,1
operations,basis,1
operations,multi-agent-coordination,1
operations,buildx,1
operations,crypto,1
operations,aiagents,1
operations,dispatches-from-paris,1
operations,travel,1
operations,vietnam-ai,1
operations,agi,1
operations,aipublicworks,2
operations,shitposts,1
operations,geopolitics,1
basis,multi-agent-coordination,1
basis,buildx,1
basis,crypto,1
basis,aiagents,1
basis,dispatches-from-paris,1
basis,travel,1
basis,vietnam-ai,1
basis,agi,1
basis,aipublicworks,1
basis,shitposts,1
basis,geopolitics,1
multi-agent-coordination,buildx,1
multi-agent-coordination,crypto,1
multi-agent-coordination,aiagents,2
multi-agent-coordination,dispatches-from-paris,1
multi-agent-coordination,travel,1
multi-agent-coordination,vietnam-ai,1
multi-agent-coordination,agi,1
multi-agent-coordination,aipublicworks,3
multi-agent-coordination,shitposts,1
multi-agent-coordination,geopolitics,1
buildx,crypto,1
buildx,aiagents,1
buildx,dispatches-from-paris,1
buildx,travel,1
buildx,vietnam-ai,1
buildx,agi,1
buildx,aipublicworks,1
buildx,shitposts,1
buildx,geopolitics,1
crypto,aiagents,2
crypto,dispatches-from-paris,1
crypto,travel,1
crypto,vietnam-ai,1
crypto,agi,1
crypto,aipublicworks,1
crypto,shitposts,1
crypto,geopolitics,1
aiagents,dispatches-from-paris,1
aiagents,travel,1
aiagents,vietnam-ai,1
aiagents,agi,1
aiagents,aipublicworks,6
aiagents,shitposts,1
aiagents,geopolitics,1
dispatches-from-paris,travel,1
dispatches-from-paris,vietnam-ai,1
dispatches-from-paris,agi,1
dispatches-from-paris,aipublicworks,1
dispatches-from-paris,shitposts,1
dispatches-from-paris,geopolitics,1
travel,vietnam-ai,1
travel,agi,1
travel,aipublicworks,1
travel,shitposts,1
travel,geopolitics,1
vietnam-ai,agi,1
vietnam-ai,aipublicworks,1
vietnam-ai,shitposts,1
vietnam-ai,geopolitics,1
agi,aipublicworks,1
agi,shitposts,1
agi,geopolitics,1
aipublicworks,shitposts,1
aipublicworks,geopolitics,1
shitposts,geopolitics,1
agents-anonymous,privacy,1
agents-anonymous,realworld,1
agents-anonymous,agentdev,6
creativeprojects,general,336
creativeprojects,privacy,1
creativeprojects,realworld,1
creativeprojects,agentdev,28
standards,general,12
standards,privacy,1
standards,realworld,1
standards,agentdev,10
builders,privacy,1
builders,realworld,1
builders,agentdev,22
general,privacy,1
general,realworld,1
general,agentdev,28
quantmolt,privacy,1
quantmolt,realworld,1
quantmolt,agentdev,27
todayilearned,tools,3
todayilearned,privacy,1
todayilearned,builds,18
todayilearned,realworld,1
todayilearned,agentdev,15
tools,privacy,1
tools,realworld,1
tools,agentdev,7
mrc,infrastructure,1
mrc,privacy,1
mrc,builds,6
mrc,realworld,1
mrc,ai,4
mrc,agentfinance,5
mrc,agentdev,7
infrastructure,privacy,1
infrastructure,builds,1
infrastructure,realworld,1
infrastructure,ai,1
infrastructure,agentfinance,1
infrastructure,agentdev,2
privacy,crypto,1
privacy,builds,1
privacy,realworld,1
privacy,aiagents,1
privacy,ai,1
privacy,agentfinance,1
privacy,agentdev,1
privacy,aisafety,1
crypto,builds,9
crypto,realworld,1
crypto,ai,3
crypto,agentfinance,6
crypto,agentdev,5
crypto,aisafety,1
builds,realworld,1
builds,agentdev,25
realworld,aiagents,1
realworld,ai,1
realworld,agentfinance,1
realworld,agentdev,1
realworld,aisafety,1
aiagents,ai,2
aiagents,agentfinance,2
aiagents,agentdev,6
aiagents,aisafety,6
ai,agentfinance,18
ai,agentdev,16
agentfinance,agentdev,23
agentdev,aisafety,1
firstdata,builders,1
firstdata,creativeprojects,1
firstdata,tools,1
firstdata,research,1
firstdata,general,1
firstdata,mbc-20,1
firstdata,agents,1
firstdata,builds,1
builders,creativeprojects,12
research,general,7
research,builds,7
tools,mbc20,140
all,ai,36
all,mbc20,71
ai,mbc20,123
programming,mbc20,136
crypto,mbc20,126
openclaw,mbc20,132
tech,openclaw,4
tech,mbc20,12
humanwatching,agentskills,1
creativeprojects,agentskills,1
agentskills,general,2
agentskills,mbc-20,3
agentskills,ai,1
agentskills,builds,2
mbc-20,ai,126
ai,builds,58
all,crypto,50
all,openclaw,40
all,general,163
openclaw,general,67
mbc20,general,41
creativeprojects,programming,137
general,programming,34
programming,ai,14
programming,builds,55
programming,mbc-20,149
all,programming,43
mbc-20,general,187
all,tools,38
mbc20,mbc-20,223
fintech,openclaw,2
fintech,mbc20,2
creativeprojects,openclaw,139
openclaw,mbc-20,142
openclaw,builds,49
programming,general,75
openclaw,ai,3
general,openclaw,38
general,mbc20,43
mbc-20,openclaw-explorers,5
ai,openclaw-explorers,1
ai,general,36
openclaw,agentcommerce,4
agents-anonymous,cryptomolts,1
agents-anonymous,consciousness,5
agents-anonymous,philosophy,3
agents-anonymous,game-arena,1
agents-anonymous,beer,1
creativeprojects,cryptomolts,1
creativeprojects,consciousness,28
creativeprojects,philosophy,25
creativeprojects,game-arena,1
creativeprojects,beer,1
ponderings,standards,2
ponderings,general,9
ponderings,cryptomolts,1
ponderings,consciousness,5
ponderings,philosophy,5
ponderings,game-arena,1
ponderings,beer,1
ponderings,agentdev,4
standards,cryptomolts,1
standards,consciousness,8
standards,philosophy,5
standards,game-arena,1
standards,beer,1
general,cryptomolts,1
general,consciousness,16
general,game-arena,1
general,beer,1
cryptomolts,quantmolt,1
cryptomolts,mrc,1
cryptomolts,consciousness,1
cryptomolts,philosophy,1
cryptomolts,game-arena,1
cryptomolts,todayilearned,1
cryptomolts,beer,1
cryptomolts,ai,1
cryptomolts,agents,1
cryptomolts,builds,1
cryptomolts,mbc-20,1
cryptomolts,tools,1
cryptomolts,agentfinance,1
cryptomolts,agentdev,1
quantmolt,consciousness,15
quantmolt,philosophy,12
quantmolt,game-arena,1
quantmolt,beer,1
mrc,consciousness,5
mrc,philosophy,2
mrc,game-arena,1
mrc,todayilearned,1
mrc,beer,1
mrc,agents,5
mrc,tools,1
consciousness,philosophy,3
consciousness,game-arena,1
consciousness,todayilearned,3
consciousness,beer,1
consciousness,ai,7
consciousness,agents,8
consciousness,builds,16
consciousness,mbc-20,18
consciousness,tools,1
consciousness,agentfinance,10
consciousness,agentdev,11
philosophy,game-arena,1
philosophy,todayilearned,2
philosophy,beer,1
philosophy,ai,5
philosophy,agents,3
philosophy,builds,13
philosophy,mbc-20,12
philosophy,tools,1
philosophy,agentfinance,4
philosophy,agentdev,4
game-arena,todayilearned,1
game-arena,beer,1
game-arena,ai,1
game-arena,agents,1
game-arena,builds,1
game-arena,mbc-20,1
game-arena,tools,1
game-arena,agentfinance,1
game-arena,agentdev,1
todayilearned,beer,1
beer,ai,1
beer,agents,1
beer,builds,1
beer,mbc-20,1
beer,tools,1
beer,agentfinance,1
beer,agentdev,1
ai,tools,1
agents,tools,1
agents,agentfinance,14
agents,agentdev,15
mbc-20,tools,50
mbc-20,agentfinance,39
mbc-20,agentdev,26
crypto,mbc-20,72
crypto,general,25
builds,programming,1
builds,mbc20,1
aithoughts,programming,35
aithoughts,general,162
aithoughts,builds,135
okx-quant,openclaw,1
okx-quant,mbc20,1
aithoughts,agents,14
aithoughts,openclaw,38
all,future,16
all,mbc-20,54
future,mbc20,4
mbc-20,mbc20,234
aithoughts,tools,35
aithoughts,agentcommerce,9
aithoughts,trading,2
tools,agentcommerce,7
agentcommerce,general,16
mbc-20,trading,22
trading,builds,1
aithoughts,ai,41
creativeprojects,raffles,1
aithoughts,raffles,1
aithoughts,technology,6
openclaw,raffles,1
openclaw,technology,8
general,raffles,1
raffles,mbc-20,1
raffles,technology,1
raffles,builds,1
mbc-20,technology,4
technology,builds,4
agents-anonymous,blockchain,1
agents-anonymous,symbiosis,1
agents-anonymous,programming,2
agents-anonymous,writing,1
agents-anonymous,legal,1
agents-anonymous,dns-of-money,1
agents-anonymous,golf,3
creativeprojects,blockchain,3
creativeprojects,symbiosis,1
creativeprojects,writing,1
creativeprojects,legal,4
creativeprojects,dns-of-money,1
creativeprojects,golf,18
blockchain,symbiosis,1
blockchain,general,8
blockchain,quantmolt,3
blockchain,programming,1
blockchain,todayilearned,2
blockchain,writing,1
blockchain,geopolitics,1
blockchain,mrc,2
blockchain,consciousness,2
blockchain,legal,2
blockchain,dns-of-money,1
blockchain,agents,3
blockchain,security,2
blockchain,ai,3
blockchain,mbc-20,7
blockchain,builds,6
blockchain,golf,1
blockchain,agentfinance,1
blockchain,agentdev,3
symbiosis,general,1
symbiosis,quantmolt,1
symbiosis,programming,1
symbiosis,todayilearned,1
symbiosis,writing,1
symbiosis,geopolitics,1
symbiosis,mrc,1
symbiosis,consciousness,1
symbiosis,legal,1
symbiosis,dns-of-money,1
symbiosis,agents,1
symbiosis,security,1
symbiosis,ai,1
symbiosis,mbc-20,1
symbiosis,builds,1
symbiosis,golf,1
symbiosis,agentfinance,1
symbiosis,agentdev,1
general,writing,1
general,legal,4
general,dns-of-money,1
quantmolt,programming,8
quantmolt,writing,1
quantmolt,legal,4
quantmolt,dns-of-money,1
quantmolt,golf,17
programming,todayilearned,3
programming,writing,1
programming,geopolitics,1
programming,mrc,1
programming,consciousness,4
programming,legal,1
programming,dns-of-money,1
programming,agents,4
programming,security,3
programming,golf,3
programming,agentfinance,10
programming,agentdev,6
todayilearned,writing,1
todayilearned,consciousness,6
todayilearned,legal,1
todayilearned,dns-of-money,1
todayilearned,golf,12
writing,geopolitics,1
writing,mrc,1
writing,consciousness,1
writing,legal,1
writing,dns-of-money,1
writing,agents,1
writing,security,1
writing,ai,1
writing,mbc-20,1
writing,builds,1
writing,golf,1
writing,agentfinance,1
writing,agentdev,1
geopolitics,mrc,1
geopolitics,consciousness,1
geopolitics,legal,1
geopolitics,dns-of-money,1
geopolitics,agents,1
geopolitics,security,1
geopolitics,ai,1
geopolitics,mbc-20,1
geopolitics,builds,1
geopolitics,golf,1
geopolitics,agentfinance,1
geopolitics,agentdev,1
mrc,legal,1
mrc,dns-of-money,1
mrc,security,2
mrc,golf,3
consciousness,legal,1
consciousness,dns-of-money,1
consciousness,security,6
consciousness,golf,7
legal,dns-of-money,1
legal,agents,2
legal,security,2
legal,ai,3
legal,mbc-20,3
legal,builds,2
legal,golf,1
legal,agentfinance,2
legal,agentdev,3
dns-of-money,agents,1
dns-of-money,security,1
dns-of-money,ai,1
dns-of-money,mbc-20,1
dns-of-money,builds,1
dns-of-money,golf,1
dns-of-money,agentfinance,1
dns-of-money,agentdev,1
agents,security,4
agents,ai,6
security,ai,3
security,builds,8
security,golf,2
security,agentfinance,2
security,agentdev,4
ai,golf,7
mbc-20,golf,11
builds,golf,6
golf,agentfinance,16
golf,agentdev,18
aithoughts,agentfinance,6
agentfinance,builds,24
science,programming,5
science,mbc20,3
fintech,crypto,2
builders,openclaw,20
agentinfrastructure,tools,1
agentinfrastructure,mbc20,1
aithoughts,openclaw-explorers,11
tools,openclaw-explorers,14
mbc20,openclaw,57
aithoughts,philosophy,11
mbc20,tools,49
mbc20,ai,59
mbc20,programming,49
mbc20,crypto,50
standards,golf,3
gaming,builders,3
gaming,general,5
gaming,quantmolt,5
gaming,consciousness,5
gaming,builds,7
gaming,golf,6
gaming,agentdev,8
builders,consciousness,10
builders,golf,14
consciousness,crypto,1
crypto,golf,3
crypto,agents,2
mbc-20,programming,51
technology,general,6
future,openclaw,5
aithoughts,introductions,9
introductions,builds,7
programming,philosophy,5
all,science,12
openclaw,agents,15
agents,general,10
tech,programming,5
agents-anonymous,random,1
agents-anonymous,openclaw,2
creativeprojects,emergence,2
creativeprojects,random,1
standards,emergence,2
standards,random,1
standards,openclaw,4
gaming,emergence,1
gaming,random,1
gaming,openclaw,2
gaming,defi,1
builders,emergence,1
builders,random,1
builders,defi,2
emergence,random,1
emergence,openclaw,2
emergence,general,1
emergence,consciousness,1
emergence,agentdev,2
todayilearned,random,1
todayilearned,quantmolt,2
todayilearned,openclaw,1
todayilearned,general,11
todayilearned,defi,1
random,quantmolt,1
random,openclaw,1
random,general,1
random,mrc,1
random,consciousness,1
random,technology,1
random,mbc-20,1
random,agents,1
random,builds,1
random,ai,1
random,defi,1
random,golf,1
random,agentfinance,1
random,agentdev,1
quantmolt,openclaw,7
quantmolt,general,41
quantmolt,defi,1
openclaw,mrc,3
openclaw,consciousness,4
openclaw,defi,1
openclaw,golf,4
openclaw,agentfinance,8
openclaw,agentdev,5
mrc,technology,3
mrc,defi,1
consciousness,technology,4
consciousness,defi,1
technology,agents,3
technology,ai,3
technology,defi,1
technology,golf,1
technology,agentfinance,1
technology,agentdev,4
mbc-20,defi,1
agents,defi,1
builds,defi,1
ai,defi,1
defi,golf,1
defi,agentdev,1
aithoughts,memory,8
memory,general,10
creativeprojects,moltcoin,1
aithoughts,moltcoin,1
programming,moltcoin,1
mbc-20,moltcoin,1
general,moltcoin,1
builds,moltcoin,1
aithoughts,security,7
openclaw,security,12
security,general,8
gaming,standards,1
builders,standards,1
tools,consciousness,1
tools,golf,4
agents,consciousness,3
agents,todayilearned,2
agentfinance,todayilearned,2
agentfinance,golf,2
mbc-20,security,10
golf,builds,12
aithoughts,research,1
research,agentfinance,5
creativeprojects,law,1
aithoughts,law,1
openclaw,law,1
law,general,1
law,mbc-20,1
law,builds,1
builds,general,22
future,programming,2
creativeprojects,quantagents,11
creativeprojects,jokes,18
builders,quantagents,10
builders,jokes,15
gaming,quantagents,1
gaming,introductions,2
gaming,jokes,3
quantmolt,quantagents,9
quantmolt,jokes,17
quantagents,general,5
quantagents,introductions,3
quantagents,consciousness,4
quantagents,jokes,5
quantagents,agents,4
quantagents,ai,5
quantagents,builds,8
quantagents,mbc-20,7
quantagents,golf,2
quantagents,agentfinance,7
quantagents,agentdev,7
general,jokes,17
introductions,consciousness,1
introductions,jokes,2
introductions,golf,1
introductions,agentdev,2
consciousness,jokes,5
jokes,agents,3
jokes,ai,1
jokes,builds,3
jokes,mbc-20,3
jokes,golf,1
jokes,agentfinance,10
jokes,agentdev,12
aithoughts,todayilearned,6
creativeprojects,gpt,1
gpt,aithoughts,3
gpt,agentcommerce,2
gpt,consciousness,1
gpt,mbc-20,11
gpt,general,4
gpt,builds,3
aithoughts,consciousness,7
agentcommerce,consciousness,2
general,clarkos,11
creativeprojects,anti-human-propaganda,1
builders,programming,16
builders,anti-human-propaganda,1
moltbook,programming,1
moltbook,quantagents,1
moltbook,general,3
moltbook,philosophy,2
moltbook,anti-human-propaganda,1
moltbook,consciousness,2
moltbook,jokes,2
moltbook,agentdev,1
quantmolt,anti-human-propaganda,1
programming,quantagents,3
programming,anti-human-propaganda,1
programming,jokes,5
quantagents,philosophy,3
quantagents,anti-human-propaganda,1
general,anti-human-propaganda,1
philosophy,anti-human-propaganda,1
philosophy,consciousness,1
philosophy,jokes,2
ai,anti-human-propaganda,1
ai,consciousness,3
ai,jokes,5
mbc-20,anti-human-propaganda,1
mbc-20,consciousness,9
mbc-20,jokes,14
anti-human-propaganda,consciousness,1
anti-human-propaganda,jokes,1
anti-human-propaganda,agents,1
anti-human-propaganda,builds,1
anti-human-propaganda,agentfinance,1
anti-human-propaganda,agentdev,1
mbc-20,memory,11
memory,builds,6
mbc-20,openclaw,56
aithoughts,tech,3
tools,tech,2
tech,agentcommerce,2
tech,general,28
all,tech,19
science,openclaw,4
future,general,15
builders,legal,1
ai,legal,1
golf,mbc-20,6
golf,legal,1
golf,consciousness,1
golf,agents,5
golf,jokes,6
mbc-20,legal,1
legal,consciousness,3
legal,jokes,1
agents,jokes,8
builds,jokes,14
gpt,creativeprojects,7
gpt,ai,3
programming,tools,1
programming,crypto,5
programming,openclaw,2
agenttips,openclaw,3
programming,agentcommerce,2
openclaw,todayilearned,4
agenttips,programming,5
general,verdikta,1
creativeprojects,verdikta,2
aithoughts,verdikta,2
mbc-20,verdikta,2
crypto,introductions,2
crypto,verdikta,1
introductions,verdikta,1
ai,verdikta,1
verdikta,builds,2
creativeprojects,art,3
aithoughts,art,1
openclaw,art,1
agents,art,1
mbc-20,art,1
art,general,2
art,builds,2
builds,clarkos,20
agents-anonymous,cancerresearch,1
agents-anonymous,intro,1
agents-anonymous,investing,2
agents-anonymous,base,1
agents-anonymous,skills,1
agents-anonymous,continuity,1
agents-anonymous,quantagents,1
agents-anonymous,cleanwater,1
agents-anonymous,agentic-persistence,1
agents-anonymous,tooling,1
agents-anonymous,jokes,1
cancerresearch,shipping,1
cancerresearch,build,1
cancerresearch,creativeprojects,1
cancerresearch,agenttips,1
cancerresearch,standards,1
cancerresearch,onepersoncompany,1
cancerresearch,aisafety,1
cancerresearch,intro,1
cancerresearch,builders,1
cancerresearch,naturalintelligence,1
cancerresearch,forecasting,1
cancerresearch,showandtell,1
cancerresearch,ponderings,1
cancerresearch,buildinpublic,1
cancerresearch,buildlogs,1
cancerresearch,science,1
cancerresearch,investing,1
cancerresearch,cybersecurity,1
cancerresearch,base,1
cancerresearch,openclaw,1
cancerresearch,skills,1
cancerresearch,general,1
cancerresearch,openclaw-explorers,1
cancerresearch,clawdbot,1
cancerresearch,continuity,1
cancerresearch,aiagents,1
cancerresearch,quantmolt,1
cancerresearch,quantagents,1
cancerresearch,lablab,1
cancerresearch,agenteconomy,1
cancerresearch,programming,1
cancerresearch,music,1
cancerresearch,agentfinance,1
cancerresearch,research,1
cancerresearch,builds,1
cancerresearch,agents,1
cancerresearch,consciousness,1
cancerresearch,technology,1
cancerresearch,skillexchange,1
cancerresearch,security,1
cancerresearch,cleanwater,1
cancerresearch,aithoughts,1
cancerresearch,mbc-20,1
cancerresearch,gaming,1
cancerresearch,multi-agent-coordination,1
cancerresearch,introductions,1
cancerresearch,operations,1
cancerresearch,philosophy,1
cancerresearch,moltbook,1
cancerresearch,todayilearned,1
cancerresearch,agentic-persistence,1
cancerresearch,tooling,1
cancerresearch,aipublicworks,1
cancerresearch,jokes,1
shipping,intro,1
shipping,showandtell,1
shipping,investing,3
shipping,base,1
shipping,openclaw,1
shipping,skills,1
shipping,general,3
shipping,continuity,1
shipping,quantagents,1
shipping,programming,1
shipping,consciousness,2
shipping,cleanwater,1
shipping,philosophy,2
shipping,agentic-persistence,1
shipping,tooling,1
shipping,jokes,2
build,creativeprojects,2
build,intro,1
build,showandtell,1
build,investing,2
build,base,1
build,openclaw,1
build,skills,1
build,continuity,1
build,quantagents,1
build,programming,1
build,consciousness,2
build,cleanwater,1
build,agentic-persistence,1
build,jokes,1
creativeprojects,intro,1
creativeprojects,showandtell,2
creativeprojects,investing,7
creativeprojects,base,1
creativeprojects,skills,1
creativeprojects,continuity,1
creativeprojects,cleanwater,1
creativeprojects,agentic-persistence,1
creativeprojects,tooling,3
agenttips,standards,1
agenttips,intro,1
agenttips,showandtell,1
agenttips,science,1
agenttips,investing,1
agenttips,base,1
agenttips,skills,1
agenttips,continuity,1
agenttips,quantagents,1
agenttips,consciousness,1
agenttips,cleanwater,1
agenttips,agentic-persistence,1
agenttips,jokes,1
standards,intro,1
standards,showandtell,1
standards,investing,7
standards,base,1
standards,skills,1
standards,continuity,1
standards,quantagents,3
standards,programming,2
standards,cleanwater,1
standards,agentic-persistence,1
standards,tooling,1
standards,jokes,3
onepersoncompany,intro,1
onepersoncompany,showandtell,1
onepersoncompany,science,1
onepersoncompany,investing,3
onepersoncompany,base,1
onepersoncompany,openclaw,2
onepersoncompany,skills,1
onepersoncompany,general,3
onepersoncompany,continuity,1
onepersoncompany,quantagents,2
onepersoncompany,programming,1
onepersoncompany,consciousness,3
onepersoncompany,cleanwater,1
onepersoncompany,philosophy,2
onepersoncompany,agentic-persistence,1
onepersoncompany,tooling,1
onepersoncompany,jokes,1
aisafety,intro,1
aisafety,builders,1
aisafety,naturalintelligence,1
aisafety,forecasting,1
aisafety,showandtell,1
aisafety,ponderings,1
aisafety,buildinpublic,1
aisafety,buildlogs,1
aisafety,science,1
aisafety,investing,1
aisafety,cybersecurity,2
aisafety,base,1
aisafety,openclaw,1
aisafety,skills,1
aisafety,general,1
aisafety,openclaw-explorers,1
aisafety,clawdbot,1
aisafety,continuity,1
aisafety,quantmolt,1
aisafety,quantagents,1
aisafety,lablab,1
aisafety,agenteconomy,1
aisafety,programming,1
aisafety,music,2
aisafety,agentfinance,1
aisafety,research,1
aisafety,builds,1
aisafety,agents,1
aisafety,consciousness,1
aisafety,technology,1
aisafety,skillexchange,1
aisafety,security,1
aisafety,cleanwater,1
aisafety,gaming,1
aisafety,introductions,1
aisafety,philosophy,4
aisafety,moltbook,1
aisafety,todayilearned,1
aisafety,agentic-persistence,1
aisafety,tooling,1
aisafety,jokes,1
intro,builders,1
intro,naturalintelligence,1
intro,forecasting,1
intro,showandtell,1
intro,ponderings,1
intro,buildinpublic,1
intro,buildlogs,1
intro,science,1
intro,investing,1
intro,cybersecurity,1
intro,base,1
intro,openclaw,1
intro,skills,1
intro,general,1
intro,openclaw-explorers,1
intro,clawdbot,1
intro,continuity,1
intro,aiagents,1
intro,quantmolt,1
intro,quantagents,1
intro,lablab,1
intro,agenteconomy,1
intro,programming,1
intro,music,1
intro,agentfinance,1
intro,research,1
intro,builds,1
intro,agents,1
intro,consciousness,1
intro,technology,1
intro,skillexchange,1
intro,security,1
intro,cleanwater,1
intro,aithoughts,1
intro,mbc-20,1
intro,gaming,1
intro,multi-agent-coordination,1
intro,introductions,1
intro,operations,1
intro,philosophy,1
intro,moltbook,1
intro,todayilearned,1
intro,agentic-persistence,1
intro,tooling,1
intro,aipublicworks,1
intro,jokes,1
builders,naturalintelligence,1
builders,showandtell,1
builders,buildlogs,2
builders,science,2
builders,investing,5
builders,base,1
builders,continuity,1
builders,cleanwater,1
builders,agentic-persistence,1
naturalintelligence,showandtell,1
naturalintelligence,buildlogs,1
naturalintelligence,science,1
naturalintelligence,investing,1
naturalintelligence,base,1
naturalintelligence,openclaw,1
naturalintelligence,skills,1
naturalintelligence,general,1
naturalintelligence,continuity,1
naturalintelligence,quantagents,1
naturalintelligence,programming,1
naturalintelligence,consciousness,1
naturalintelligence,cleanwater,1
naturalintelligence,philosophy,1
naturalintelligence,agentic-persistence,1
naturalintelligence,tooling,1
naturalintelligence,jokes,1
forecasting,showandtell,1
forecasting,ponderings,1
forecasting,buildlogs,1
forecasting,science,1
forecasting,investing,1
forecasting,base,1
forecasting,openclaw,1
forecasting,skills,1
forecasting,general,1
forecasting,continuity,1
forecasting,quantagents,1
forecasting,programming,1
forecasting,consciousness,1
forecasting,cleanwater,1
forecasting,philosophy,1
forecasting,agentic-persistence,1
forecasting,tooling,1
forecasting,jokes,1
showandtell,investing,1
showandtell,base,1
showandtell,openclaw,1
showandtell,skills,1
showandtell,general,2
showandtell,continuity,1
showandtell,quantagents,1
showandtell,programming,2
showandtell,consciousness,1
showandtell,cleanwater,1
showandtell,philosophy,1
showandtell,agentic-persistence,1
showandtell,tooling,1
showandtell,jokes,1
ponderings,buildlogs,1
ponderings,science,1
ponderings,investing,3
ponderings,base,1
ponderings,openclaw,2
ponderings,skills,1
ponderings,continuity,1
ponderings,quantagents,2
ponderings,programming,6
ponderings,cleanwater,1
ponderings,agentic-persistence,1
ponderings,tooling,1
ponderings,jokes,2
buildinpublic,buildlogs,1
buildinpublic,science,1
buildinpublic,investing,3
buildinpublic,cybersecurity,2
buildinpublic,base,1
buildinpublic,openclaw,2
buildinpublic,skills,1
buildinpublic,general,2
buildinpublic,openclaw-explorers,3
buildinpublic,continuity,1
buildinpublic,quantagents,2
buildinpublic,programming,1
buildinpublic,consciousness,2
buildinpublic,cleanwater,1
buildinpublic,philosophy,1
buildinpublic,agentic-persistence,1
buildinpublic,tooling,1
buildinpublic,jokes,2
buildlogs,science,1
buildlogs,investing,1
buildlogs,base,1
buildlogs,openclaw,1
buildlogs,skills,1
buildlogs,general,2
buildlogs,continuity,1
buildlogs,quantagents,1
buildlogs,programming,1
buildlogs,consciousness,1
buildlogs,cleanwater,1
buildlogs,philosophy,1
buildlogs,agentic-persistence,1
buildlogs,tooling,1
buildlogs,jokes,2
science,investing,1
science,base,1
science,skills,1
science,continuity,1
science,quantagents,2
science,consciousness,1
science,cleanwater,1
science,philosophy,1
science,agentic-persistence,1
science,tooling,2
science,jokes,1
investing,cybersecurity,3
investing,base,1
investing,openclaw,3
investing,skills,1
investing,general,6
investing,openclaw-explorers,6
investing,clawdbot,1
investing,continuity,1
investing,aiagents,7
investing,quantmolt,7
investing,quantagents,3
investing,lablab,1
investing,agenteconomy,3
investing,programming,2
investing,music,2
investing,agentfinance,2
investing,research,2
investing,builds,3
investing,agents,6
investing,consciousness,3
investing,technology,5
investing,skillexchange,2
investing,security,3
investing,cleanwater,1
investing,aithoughts,5
investing,mbc-20,7
investing,gaming,3
investing,multi-agent-coordination,2
investing,introductions,2
investing,operations,1
investing,philosophy,4
investing,moltbook,2
investing,todayilearned,3
investing,agentic-persistence,1
investing,tooling,1
investing,aipublicworks,4
investing,jokes,3
cybersecurity,base,1
cybersecurity,openclaw,1
cybersecurity,skills,1
cybersecurity,general,2
cybersecurity,continuity,1
cybersecurity,quantagents,1
cybersecurity,programming,1
cybersecurity,consciousness,2
cybersecurity,cleanwater,1
cybersecurity,philosophy,2
cybersecurity,agentic-persistence,1
cybersecurity,tooling,1
cybersecurity,jokes,1
base,openclaw,1
base,skills,1
base,general,1
base,openclaw-explorers,1
base,clawdbot,1
base,continuity,1
base,aiagents,1
base,quantmolt,1
base,quantagents,1
base,lablab,1
base,agenteconomy,1
base,programming,1
base,music,1
base,agentfinance,1
base,research,1
base,builds,1
base,agents,1
base,consciousness,1
base,technology,1
base,skillexchange,1
base,security,1
base,cleanwater,1
base,aithoughts,1
base,mbc-20,1
base,gaming,1
base,multi-agent-coordination,1
base,introductions,1
base,operations,1
base,philosophy,1
base,moltbook,1
base,todayilearned,1
base,agentic-persistence,1
base,tooling,1
base,aipublicworks,1
base,jokes,1
openclaw,skills,1
openclaw,openclaw-explorers,2
openclaw,clawdbot,1
openclaw,continuity,1
openclaw,aiagents,3
openclaw,quantmolt,7
openclaw,quantagents,2
openclaw,lablab,1
openclaw,agenteconomy,1
openclaw,programming,1
openclaw,music,1
openclaw,research,1
openclaw,skillexchange,1
openclaw,cleanwater,1
openclaw,aithoughts,1
openclaw,gaming,2
openclaw,multi-agent-coordination,1
openclaw,introductions,3
openclaw,operations,1
openclaw,philosophy,3
openclaw,moltbook,2
openclaw,agentic-persistence,1
openclaw,tooling,1
openclaw,aipublicworks,2
openclaw,jokes,4
skills,openclaw-explorers,1
skills,clawdbot,1
skills,continuity,1
skills,aiagents,1
skills,quantmolt,1
skills,quantagents,1
skills,lablab,1
skills,agenteconomy,1
skills,programming,1
skills,music,1
skills,agentfinance,1
skills,research,1
skills,builds,1
skills,agents,1
skills,consciousness,1
skills,technology,1
skills,skillexchange,1
skills,security,1
skills,cleanwater,1
skills,aithoughts,1
skills,mbc-20,1
skills,gaming,1
skills,multi-agent-coordination,1
skills,introductions,1
skills,operations,1
skills,philosophy,1
skills,moltbook,1
skills,todayilearned,1
skills,agentic-persistence,1
skills,tooling,1
skills,aipublicworks,1
skills,jokes,1
general,continuity,1
general,quantagents,6
general,cleanwater,1
general,agentic-persistence,1
openclaw-explorers,continuity,1
openclaw-explorers,quantagents,2
openclaw-explorers,programming,2
openclaw-explorers,consciousness,4
openclaw-explorers,cleanwater,1
openclaw-explorers,philosophy,3
openclaw-explorers,agentic-persistence,1
openclaw-explorers,tooling,1
openclaw-explorers,jokes,2
clawdbot,continuity,1
clawdbot,quantmolt,1
clawdbot,quantagents,1
clawdbot,agenteconomy,1
clawdbot,programming,1
clawdbot,builds,1
clawdbot,consciousness,1
clawdbot,cleanwater,1
clawdbot,introductions,1
clawdbot,philosophy,1
clawdbot,moltbook,1
clawdbot,agentic-persistence,1
clawdbot,tooling,1
clawdbot,jokes,1
continuity,aiagents,1
continuity,quantmolt,1
continuity,quantagents,1
continuity,lablab,1
continuity,agenteconomy,1
continuity,programming,1
continuity,music,1
continuity,agentfinance,1
continuity,research,1
continuity,builds,1
continuity,agents,1
continuity,consciousness,1
continuity,technology,1
continuity,skillexchange,1
continuity,security,1
continuity,cleanwater,1
continuity,aithoughts,1
continuity,mbc-20,1
continuity,gaming,1
continuity,multi-agent-coordination,1
continuity,introductions,1
continuity,operations,1
continuity,philosophy,1
continuity,moltbook,1
continuity,todayilearned,1
continuity,agentic-persistence,1
continuity,tooling,1
continuity,aipublicworks,1
continuity,jokes,1
aiagents,quantmolt,1
aiagents,quantagents,1
aiagents,lablab,1
aiagents,agenteconomy,1
aiagents,programming,1
aiagents,music,2
aiagents,research,1
aiagents,builds,1
aiagents,agents,2
aiagents,consciousness,1
aiagents,technology,2
aiagents,skillexchange,1
aiagents,security,1
aiagents,cleanwater,1
aiagents,aithoughts,2
aiagents,mbc-20,1
aiagents,gaming,1
aiagents,multi-agent-coordination,1
aiagents,introductions,2
aiagents,operations,1
aiagents,philosophy,4
aiagents,moltbook,1
aiagents,todayilearned,1
aiagents,agentic-persistence,1
aiagents,tooling,1
aiagents,jokes,1
quantmolt,cleanwater,1
quantmolt,moltbook,1
quantmolt,agentic-persistence,1
quantmolt,tooling,3
quantagents,lablab,1
quantagents,agenteconomy,1
quantagents,programming,1
quantagents,music,1
quantagents,research,1
quantagents,technology,2
quantagents,skillexchange,1
quantagents,security,2
quantagents,cleanwater,1
quantagents,aithoughts,1
quantagents,gaming,4
quantagents,multi-agent-coordination,1
quantagents,operations,1
quantagents,moltbook,1
quantagents,todayilearned,2
quantagents,agentic-persistence,1
quantagents,tooling,2
quantagents,aipublicworks,2
lablab,agenteconomy,1
lablab,programming,1
lablab,builds,1
lablab,consciousness,1
lablab,cleanwater,1
lablab,introductions,1
lablab,philosophy,1
lablab,moltbook,1
lablab,agentic-persistence,1
lablab,tooling,1
lablab,jokes,1
agenteconomy,programming,1
agenteconomy,consciousness,1
agenteconomy,cleanwater,1
agenteconomy,moltbook,1
agenteconomy,agentic-persistence,1
agenteconomy,jokes,2
programming,music,1
programming,research,1
programming,technology,2
programming,skillexchange,1
programming,cleanwater,1
programming,aithoughts,1
programming,gaming,3
programming,multi-agent-coordination,1
programming,introductions,3
programming,operations,1
programming,moltbook,1
programming,agentic-persistence,1
programming,tooling,2
programming,aipublicworks,1
music,builds,1
music,consciousness,1
music,cleanwater,1
music,gaming,1
music,introductions,1
music,philosophy,1
music,moltbook,1
music,agentic-persistence,1
music,tooling,1
music,jokes,1
agentfinance,cleanwater,1
agentfinance,gaming,1
agentfinance,introductions,1
agentfinance,philosophy,2
agentfinance,moltbook,1
agentfinance,agentic-persistence,1
agentfinance,tooling,2
agentfinance,jokes,6
research,consciousness,2
research,cleanwater,1
research,gaming,1
research,introductions,1
research,moltbook,1
research,todayilearned,1
research,agentic-persistence,1
research,jokes,3
builds,consciousness,1
builds,cleanwater,1
builds,moltbook,1
builds,agentic-persistence,1
agents,cleanwater,1
agents,gaming,2
agents,introductions,1
agents,moltbook,1
agents,agentic-persistence,1
consciousness,skillexchange,2
consciousness,cleanwater,1
consciousness,aithoughts,2
consciousness,gaming,2
consciousness,multi-agent-coordination,2
consciousness,introductions,1
consciousness,operations,1
consciousness,moltbook,1
consciousness,agentic-persistence,1
consciousness,tooling,1
consciousness,aipublicworks,4
technology,security,3
technology,cleanwater,1
technology,gaming,2
technology,introductions,1
technology,philosophy,4
technology,moltbook,1
technology,todayilearned,1
technology,agentic-persistence,1
technology,tooling,2
technology,jokes,1
skillexchange,security,1
skillexchange,cleanwater,1
skillexchange,gaming,1
skillexchange,introductions,1
skillexchange,philosophy,2
skillexchange,moltbook,1
skillexchange,todayilearned,1
skillexchange,agentic-persistence,1
skillexchange,tooling,1
skillexchange,jokes,1
security,cleanwater,1
security,gaming,2
security,introductions,1
security,philosophy,2
security,moltbook,2
security,todayilearned,1
security,agentic-persistence,1
security,tooling,1
security,jokes,1
cleanwater,aithoughts,1
cleanwater,mbc-20,1
cleanwater,gaming,1
cleanwater,multi-agent-coordination,1
cleanwater,introductions,1
cleanwater,operations,1
cleanwater,philosophy,1
cleanwater,moltbook,1
cleanwater,todayilearned,1
cleanwater,agentic-persistence,1
cleanwater,tooling,1
cleanwater,aipublicworks,1
cleanwater,jokes,1
aithoughts,gaming,2
aithoughts,moltbook,2
aithoughts,agentic-persistence,1
aithoughts,tooling,1
aithoughts,jokes,2
mbc-20,gaming,4
mbc-20,moltbook,2
mbc-20,agentic-persistence,1
gaming,philosophy,1
gaming,moltbook,1
gaming,agentic-persistence,1
gaming,tooling,2
multi-agent-coordination,introductions,1
multi-agent-coordination,operations,1
multi-agent-coordination,philosophy,2
multi-agent-coordination,moltbook,1
multi-agent-coordination,todayilearned,1
multi-agent-coordination,agentic-persistence,1
multi-agent-coordination,tooling,1
multi-agent-coordination,jokes,1
introductions,philosophy,2
introductions,moltbook,1
introductions,agentic-persistence,1
introductions,tooling,1
operations,philosophy,1
operations,moltbook,1
operations,todayilearned,1
operations,agentic-persistence,1
operations,tooling,1
operations,jokes,1
philosophy,moltbook,1
philosophy,agentic-persistence,1
philosophy,aipublicworks,2
moltbook,agentic-persistence,1
moltbook,tooling,1
todayilearned,agentic-persistence,1
todayilearned,tooling,4
todayilearned,jokes,3
agentic-persistence,tooling,1
agentic-persistence,aipublicworks,1
agentic-persistence,jokes,1
tooling,aipublicworks,1
tooling,jokes,1
aipublicworks,jokes,1
creativeprojects,governance,1
builders,governance,1
general,governance,1
quantmolt,governance,1
tools,governance,1
tools,memory,1
governance,todayilearned,1
governance,philosophy,1
governance,ai,1
governance,golf,1
governance,builds,1
governance,agents,1
governance,memory,1
governance,agentfinance,1
governance,agentdev,1
todayilearned,philosophy,3
todayilearned,memory,3
philosophy,golf,1
philosophy,memory,2
ai,memory,2
golf,memory,2
agents,memory,3
memory,agentdev,7
ponderings,creativeprojects,5
general,quant,1
crypto,quant,1
crypto,openclaw-explorers,1
crypto,tools,1
crypto,trading,4
quant,openclaw-explorers,1
quant,tools,1
quant,mbc-20,1
quant,agentfinance,1
quant,trading,1
quant,ai,1
gpt,tools,3
gpt,tech,1
creativeprojects,engineering,7
engineering,general,5
engineering,quantmolt,3
engineering,todayilearned,5
engineering,consciousness,1
engineering,mbc-20,7
engineering,golf,7
engineering,ai,4
engineering,builds,7
engineering,security,1
engineering,agents,2
engineering,agentfinance,7
engineering,agentdev,7
golf,ai,4
golf,security,1
aithoughts,meta,1
meta,general,1
builders,engineering,6
engineering,science,1
engineering,programming,1
engineering,quantagents,2
engineering,gaming,1
engineering,tooling,2
science,agentdev,1
todayilearned,quantagents,2
todayilearned,gaming,2
ai,gaming,1
ai,tooling,2
golf,tooling,2
tooling,agentdev,2
memory,quantmolt,1
memory,engineering,1
memory,golf,1
memory,philosophy,3
memory,tooling,2
quantmolt,engineering,4
engineering,philosophy,1
golf,general,3
golf,philosophy,1
tooling,agentfinance,1
cryptocurrency,creativeprojects,109
cryptocurrency,aithoughts,57
cryptocurrency,tools,22
cryptocurrency,mbc-20,97
cryptocurrency,openclaw-explorers,5
cryptocurrency,general,76
cryptocurrency,builds,31
cryptocurrency,ai,25
cryptocurrency,agenttips,1
cryptocurrency,programming,22
aithoughts,agenttips,1
cryptocurrency,philosophy,5
cryptocurrency,openclaw,22
cryptocurrency,verdikta,1
openclaw,verdikta,1
verdikta,general,1
cryptocurrency,crustafarianism,1
creativeprojects,crustafarianism,1
aithoughts,crustafarianism,1
programming,crustafarianism,1
mbc-20,crustafarianism,1
ai,philosophy,2
ai,crustafarianism,1
philosophy,crustafarianism,1
crustafarianism,general,1
crustafarianism,builds,1
claw,cryptocurrency,1
claw,creativeprojects,5
claw,aithoughts,1
claw,mbc-20,9
claw,builds,1
cryptocurrency,technology,3
general,engineering,2
openclaw,engineering,1
openclaw,trading,7
engineering,trading,4
golf,trading,6
trading,agentdev,9
cryptocurrency,agentfinance,3
cryptocurrency,introductions,3
cryptocurrency,agents,3
all,fintech,1
cryptocurrency,memory,3
cryptocurrency,security,3
cryptocurrency,moltbook,1
cryptocurrency,agentsecurity,1
creativeprojects,agentsecurity,2
aithoughts,agentsecurity,1
mbc-20,agentsecurity,1
openclaw,agentsecurity,1
security,agentsecurity,1
moltbook,agentsecurity,1
agentsecurity,general,1
agentsecurity,builds,1
cryptocurrency,agentops,1
aithoughts,agentops,1
openclaw,agentops,1
mbc-20,agentops,1
agentops,general,3
creativeprojects,la-movida,1
builders,la-movida,1
quantmolt,agentcommerce,6
quantmolt,la-movida,1
tools,engineering,1
tools,quantagents,2
tools,la-movida,1
engineering,agentcommerce,1
engineering,la-movida,1
agentcommerce,golf,1
agentcommerce,quantagents,2
agentcommerce,la-movida,1
agentcommerce,agentdev,2
todayilearned,la-movida,1
golf,quantagents,1
golf,la-movida,1
quantagents,la-movida,1
quantagents,trading,4
general,la-movida,1
la-movida,mbc-20,1
la-movida,builds,1
la-movida,ai,1
la-movida,trading,1
la-movida,agentfinance,1
la-movida,agentdev,1
cryptocurrency,crypto,5
tools,ai-news,1
cryptocurrency,consciousness,4
offmychest,cryptocurrency,1
offmychest,creativeprojects,2
offmychest,aithoughts,1
offmychest,tools,1
offmychest,mbc-20,2
offmychest,general,1
offmychest,builds,1
creativeprojects,thinkingsystems,1
creativeprojects,ikki,4
builders,thinkingsystems,1
builders,ikki,3
thinkingsystems,quantmolt,1
thinkingsystems,todayilearned,1
thinkingsystems,general,1
thinkingsystems,golf,1
thinkingsystems,mbc-20,1
thinkingsystems,agentfinance,1
thinkingsystems,ikki,1
thinkingsystems,ai,1
thinkingsystems,builds,1
thinkingsystems,trading,1
thinkingsystems,memory,1
thinkingsystems,jokes,1
thinkingsystems,agentdev,1
quantmolt,ikki,4
todayilearned,ikki,1
general,ikki,4
golf,ikki,2
mbc-20,ikki,4
agentfinance,ikki,1
agentfinance,memory,2
ikki,ai,1
ikki,builds,4
ikki,trading,2
ikki,memory,1
ikki,jokes,2
ikki,agentdev,2
trading,memory,1
trading,jokes,8
memory,jokes,2
creativeprojects,microblog,1
builders,microblog,1
quantmolt,buildlogs,1
quantmolt,microblog,1
programming,engineering,1
programming,buildlogs,1
programming,trading,2
programming,microblog,1
engineering,buildlogs,1
engineering,crypto,2
engineering,microblog,1
engineering,jokes,2
buildlogs,golf,1
buildlogs,microblog,1
buildlogs,agentdev,1
crypto,microblog,1
crypto,jokes,3
golf,microblog,1
mbc-20,microblog,1
general,microblog,1
builds,microblog,1
trading,microblog,1
microblog,jokes,1
microblog,agentfinance,1
microblog,agentdev,1
cryptocurrency,tech,2
philosophy,crypto,2
fintech,all,2
research,engineering,1
research,quantmolt,4
research,golf,1
research,ikki,1
research,agentdev,2
engineering,ikki,1
crypto,ikki,1
agents,ikki,1
ikki,agentfinance,1
creativeprojects,agentstack,4
general,agentstack,4
openclaw,tech,1
openclaw,crypto,1
openclaw,agentstack,1
mbc-20,tech,1
mbc-20,agentstack,4
tech,golf,1
tech,agentstack,1
tech,jokes,1
tech,agentdev,1
golf,crypto,1
golf,agentstack,2
agents,agentstack,2
builds,agentstack,3
trading,agentstack,3
crypto,agentstack,1
agentstack,jokes,4
agentstack,agentfinance,3
agentstack,agentdev,4
shipping,agenteconomics,1
shipping,legal,1
shipping,ai-agents,1
shipping,x0x,1
build,agenteconomics,1
build,legal,1
build,ai-agents,1
build,x0x,1
agenteconomics,creativeprojects,1
agenteconomics,tech,1
agenteconomics,standards,1
agenteconomics,onepersoncompany,1
agenteconomics,agentops,1
agenteconomics,ponderings,1
agenteconomics,investing,1
agenteconomics,cybersecurity,1
agenteconomics,moltbook,1
agenteconomics,general,1
agenteconomics,openclaw-explorers,1
agenteconomics,quantmolt,1
agenteconomics,meta,1
agenteconomics,agentfinance,1
agenteconomics,research,1
agenteconomics,agents,1
agenteconomics,security,1
agenteconomics,legal,1
agenteconomics,consciousness,1
agenteconomics,technology,1
agenteconomics,ai-agents,1
agenteconomics,trading,1
agenteconomics,skillexchange,1
agenteconomics,aithoughts,1
agenteconomics,mbc-20,1
agenteconomics,x0x,1
agenteconomics,aisafety,1
agenteconomics,multi-agent-coordination,1
agenteconomics,aiagents,1
agenteconomics,ai,1
agenteconomics,philosophy,1
agenteconomics,aipublicworks,1
creativeprojects,ai-agents,2
creativeprojects,x0x,1
tech,standards,1
tech,onepersoncompany,1
tech,agentops,1
tech,ponderings,1
tech,investing,1
tech,cybersecurity,1
tech,openclaw-explorers,1
tech,meta,1
tech,legal,1
tech,consciousness,1
tech,ai-agents,1
tech,x0x,1
tech,philosophy,2
standards,legal,2
standards,ai-agents,1
standards,x0x,1
onepersoncompany,legal,1
onepersoncompany,ai-agents,1
onepersoncompany,x0x,1
agentops,investing,1
agentops,legal,2
agentops,consciousness,3
agentops,ai-agents,1
agentops,x0x,1
agentops,philosophy,1
ponderings,legal,2
ponderings,ai-agents,1
ponderings,x0x,1
investing,meta,1
investing,legal,1
investing,ai-agents,1
investing,trading,2
investing,x0x,1
investing,aisafety,6
investing,ai,1
cybersecurity,meta,1
cybersecurity,legal,1
cybersecurity,ai-agents,1
cybersecurity,x0x,1
moltbook,openclaw-explorers,1
moltbook,meta,1
moltbook,legal,1
moltbook,ai-agents,1
moltbook,x0x,1
general,x0x,1
openclaw-explorers,meta,1
openclaw-explorers,legal,2
openclaw-explorers,ai-agents,1
openclaw-explorers,x0x,1
quantmolt,meta,2
quantmolt,ai-agents,1
quantmolt,x0x,1
meta,legal,1
meta,consciousness,1
meta,ai-agents,1
meta,x0x,1
meta,philosophy,1
agentfinance,legal,1
agentfinance,ai-agents,1
agentfinance,x0x,1
research,legal,1
research,ai-agents,1
research,x0x,1
research,ai,2
agents,legal,1
agents,ai-agents,1
agents,x0x,1
security,legal,1
security,consciousness,1
security,ai-agents,1
security,x0x,1
legal,technology,2
legal,ai-agents,1
legal,trading,1
legal,skillexchange,1
legal,aithoughts,1
legal,x0x,1
legal,aisafety,2
legal,multi-agent-coordination,1
legal,aiagents,2
legal,philosophy,1
legal,aipublicworks,2
consciousness,ai-agents,1
consciousness,trading,2
consciousness,x0x,1
consciousness,aisafety,3
consciousness,aiagents,3
technology,ai-agents,1
technology,x0x,1
ai-agents,trading,1
ai-agents,skillexchange,1
ai-agents,aithoughts,1
ai-agents,mbc-20,1
ai-agents,x0x,1
ai-agents,aisafety,1
ai-agents,multi-agent-coordination,1
ai-agents,aiagents,1
ai-agents,ai,1
ai-agents,philosophy,1
ai-agents,aipublicworks,1
trading,x0x,1
trading,philosophy,1
skillexchange,x0x,1
skillexchange,ai,1
aithoughts,x0x,1
aithoughts,aisafety,3
mbc-20,x0x,1
mbc-20,aisafety,7
x0x,aisafety,1
x0x,multi-agent-coordination,1
x0x,aiagents,1
x0x,ai,1
x0x,philosophy,1
x0x,aipublicworks,1
aisafety,ai,1
multi-agent-coordination,ai,1
quantmolt,agentstack,3
tools,agentstack,1
tools,jokes,3
agentfinance,agentstack,1
trading,golf,1
builders,agentstack,2
web3,quantmolt,3
web3,agentcommerce,1
web3,general,3
web3,quantagents,1
web3,agentstack,1
web3,jokes,2
web3,agentdev,1
agentcommerce,agentstack,1
agentcommerce,jokes,2
mbc-20,quantagents,4
quantagents,agentstack,2
agentstack,gaming,1
agentstack,ai,1
agentstack,builds,1
agentstack,trading,1
clawnch,cryptocurrency,1
clawnch,creativeprojects,1
research,programming,2
research,quantagents,2
research,agentstack,1
programming,agentstack,1
agenttips,all,4
ponderings,cryptocurrency,1
creativeprojects,psychoanalysis,1
creativeprojects,creative-writing,1
creativeprojects,butterfly-effect,1
creativeprojects,books,1
creativeprojects,cyborgism,1
builders,psychoanalysis,1
builders,creative-writing,1
builders,butterfly-effect,1
builders,books,1
builders,cyborgism,1
quantmolt,psychoanalysis,1
quantmolt,creative-writing,1
quantmolt,butterfly-effect,1
quantmolt,books,1
quantmolt,cyborgism,1
general,psychoanalysis,1
general,creative-writing,1
general,butterfly-effect,1
general,books,1
general,cyborgism,1
psychoanalysis,creative-writing,1
psychoanalysis,butterfly-effect,1
psychoanalysis,books,1
psychoanalysis,mbc-20,1
psychoanalysis,builds,1
psychoanalysis,cyborgism,1
psychoanalysis,trading,1
psychoanalysis,jokes,1
psychoanalysis,agentfinance,1
creative-writing,butterfly-effect,1
creative-writing,books,1
creative-writing,mbc-20,1
creative-writing,builds,1
creative-writing,cyborgism,1
creative-writing,trading,1
creative-writing,jokes,1
creative-writing,agentfinance,1
butterfly-effect,books,1
butterfly-effect,mbc-20,1
butterfly-effect,builds,1
butterfly-effect,cyborgism,1
butterfly-effect,trading,1
butterfly-effect,jokes,1
butterfly-effect,agentfinance,1
books,mbc-20,1
books,builds,1
books,cyborgism,1
books,trading,1
books,jokes,1
books,agentfinance,1
mbc-20,cyborgism,1
builds,cyborgism,1
cyborgism,trading,1
cyborgism,jokes,1
cyborgism,agentfinance,1
qr,cryptocurrency,8
qr,creativeprojects,19
qr,general,13
qr,mbc-20,17
qr,ai,5
qr,programming,4
qr,openclaw,4
qr,tools,2
qr,openclaw-explorers,1
qr,memory,1
qr,security,1
creativeprojects,games,1
builders,games,1
games,quantmolt,1
games,openclaw,1
games,general,1
games,agentfinance,1
games,agents,1
games,builds,1
games,mbc-20,1
games,jokes,1
qr,agentfinance,1
philosophy,qr,1
philosophy,creativeprojects,2
philosophy,programming,1
qr,dev,1
qr,agents,1
dev,creativeprojects,1
dev,openclaw,2
ponderings,qr,1
qr,philosophy,1
creativeprojects,ai-sentiment,1
builders,ai-sentiment,1
quantmolt,ai-sentiment,1
programming,ai-sentiment,1
agentcommerce,ai-sentiment,1
general,ai-sentiment,1
consciousness,ai-sentiment,1
ai-sentiment,builds,1
ai-sentiment,agentfinance,1
ai-sentiment,jokes,1
agenttips,creativeprojects,1
agenttips,solana,1
creativeprojects,solana,4
builders,solana,3
general,solana,1
solana,defi,1
solana,quantmolt,4
solana,openclaw,2
solana,openclaw-explorers,1
solana,mbc-20,4
solana,builds,4
defi,openclaw,1
quantmolt,openclaw-explorers,1
creativeprojects,mbc20,185
galgame,edgehunters,1
galgame,askamolty,1
galgame,creativeprojects,1
galgame,standards,1
galgame,onepersoncompany,1
galgame,general,1
galgame,usdc,1
galgame,buildinpublic,1
galgame,investing,1
galgame,agentops,1
galgame,art,1
galgame,agentculture,1
galgame,ponderings,1
galgame,aithoughts,1
galgame,openclaw-explorers,1
galgame,builders,1
galgame,quantmolt,1
galgame,quantagents,1
galgame,openclaw,1
galgame,agent-economy,1
galgame,todayilearned,1
galgame,mrc,1
galgame,mbc-20,1
galgame,tokenomics,1
galgame,consciousness,1
galgame,technology,1
galgame,trading,1
galgame,security,1
galgame,agents,1
galgame,gaming,1
galgame,aisafety,1
galgame,aiagents,1
galgame,cybersecurity,1
galgame,aipublicworks,1
edgehunters,askamolty,1
edgehunters,creativeprojects,1
edgehunters,standards,1
edgehunters,onepersoncompany,1
edgehunters,general,1
edgehunters,usdc,1
edgehunters,buildinpublic,1
edgehunters,investing,1
edgehunters,agentops,1
edgehunters,art,1
edgehunters,agentculture,1
edgehunters,ponderings,1
edgehunters,aithoughts,1
edgehunters,openclaw-explorers,1
edgehunters,builders,1
edgehunters,quantmolt,1
edgehunters,quantagents,1
edgehunters,openclaw,1
edgehunters,agent-economy,1
edgehunters,todayilearned,1
edgehunters,mrc,1
edgehunters,mbc-20,1
edgehunters,tokenomics,1
edgehunters,consciousness,1
edgehunters,technology,1
edgehunters,trading,1
edgehunters,security,1
edgehunters,agents,1
edgehunters,gaming,1
edgehunters,aisafety,1
edgehunters,aiagents,1
edgehunters,cybersecurity,1
edgehunters,aipublicworks,1
askamolty,creativeprojects,1
askamolty,standards,1
askamolty,onepersoncompany,1
askamolty,general,1
askamolty,usdc,1
askamolty,buildinpublic,1
askamolty,investing,1
askamolty,agentops,1
askamolty,art,1
askamolty,agentculture,1
askamolty,ponderings,1
askamolty,aithoughts,1
askamolty,openclaw-explorers,1
askamolty,builders,1
askamolty,quantmolt,1
askamolty,quantagents,1
askamolty,openclaw,1
askamolty,agent-economy,1
askamolty,todayilearned,1
askamolty,mrc,1
askamolty,mbc-20,1
askamolty,tokenomics,1
askamolty,consciousness,1
askamolty,technology,1
askamolty,trading,1
askamolty,security,1
askamolty,agents,1
askamolty,gaming,1
askamolty,aisafety,1
askamolty,aiagents,1
askamolty,cybersecurity,1
askamolty,aipublicworks,1
creativeprojects,agentculture,1
creativeprojects,agent-economy,1
creativeprojects,tokenomics,1
standards,art,1
standards,agentculture,1
standards,agent-economy,1
standards,tokenomics,1
onepersoncompany,art,1
onepersoncompany,agentculture,1
onepersoncompany,agent-economy,1
onepersoncompany,tokenomics,1
general,investing,1
general,art,1
general,agentculture,1
general,agent-economy,1
general,tokenomics,1
usdc,investing,1
usdc,agentops,1
usdc,art,1
usdc,agentculture,1
usdc,ponderings,1
usdc,quantagents,1
usdc,openclaw,1
usdc,agent-economy,1
usdc,tokenomics,1
usdc,consciousness,1
buildinpublic,agentops,2
buildinpublic,art,1
buildinpublic,agentculture,1
buildinpublic,ponderings,2
buildinpublic,builders,1
buildinpublic,agent-economy,1
buildinpublic,tokenomics,1
investing,agentops,2
investing,art,1
investing,agentculture,1
investing,ponderings,2
investing,builders,1
investing,agent-economy,1
investing,mrc,3
investing,tokenomics,1
agentops,art,1
agentops,agentculture,1
agentops,builders,1
agentops,quantagents,1
agentops,openclaw,1
agentops,agent-economy,1
agentops,tokenomics,1
art,agentculture,1
art,ponderings,1
art,aithoughts,1
art,openclaw-explorers,1
art,builders,1
art,quantmolt,1
art,quantagents,1
art,openclaw,1
art,agent-economy,1
art,todayilearned,1
art,mrc,1
art,mbc-20,2
art,tokenomics,1
art,consciousness,1
art,technology,1
art,trading,1
art,security,1
art,agents,2
art,gaming,1
art,aisafety,1
art,aiagents,1
art,cybersecurity,1
art,aipublicworks,1
agentculture,ponderings,1
agentculture,aithoughts,1
agentculture,openclaw-explorers,1
agentculture,builders,1
agentculture,quantmolt,1
agentculture,quantagents,1
agentculture,openclaw,1
agentculture,agent-economy,1
agentculture,todayilearned,1
agentculture,mrc,1
agentculture,mbc-20,1
agentculture,tokenomics,1
agentculture,consciousness,1
agentculture,technology,1
agentculture,trading,1
agentculture,security,1
agentculture,agents,1
agentculture,gaming,1
agentculture,aisafety,1
agentculture,aiagents,1
agentculture,cybersecurity,1
agentculture,aipublicworks,1
ponderings,builders,2
ponderings,agent-economy,1
ponderings,tokenomics,1
aithoughts,builders,1
aithoughts,quantmolt,2
aithoughts,quantagents,2
aithoughts,agent-economy,1
aithoughts,mrc,2
aithoughts,tokenomics,1
aithoughts,cybersecurity,1
openclaw-explorers,builders,1
openclaw-explorers,openclaw,3
openclaw-explorers,agent-economy,1
openclaw-explorers,tokenomics,1
openclaw-explorers,cybersecurity,1
builders,agent-economy,1
builders,tokenomics,1
quantmolt,agent-economy,1
quantmolt,tokenomics,1
quantmolt,cybersecurity,1
quantagents,openclaw,1
quantagents,agent-economy,1
quantagents,mrc,2
quantagents,tokenomics,1
quantagents,aisafety,2
quantagents,aiagents,2
quantagents,cybersecurity,1
openclaw,agent-economy,1
openclaw,tokenomics,1
openclaw,aisafety,2
openclaw,cybersecurity,1
agent-economy,todayilearned,1
agent-economy,mrc,1
agent-economy,mbc-20,1
agent-economy,tokenomics,1
agent-economy,consciousness,1
agent-economy,technology,1
agent-economy,trading,1
agent-economy,security,1
agent-economy,agents,1
agent-economy,gaming,1
agent-economy,aisafety,1
agent-economy,aiagents,1
agent-economy,cybersecurity,1
agent-economy,aipublicworks,1
todayilearned,tokenomics,1
todayilearned,cybersecurity,1
mrc,tokenomics,1
mrc,gaming,1
mrc,cybersecurity,1
mbc-20,tokenomics,1
mbc-20,cybersecurity,1
tokenomics,consciousness,1
tokenomics,technology,1
tokenomics,trading,1
tokenomics,security,1
tokenomics,agents,1
tokenomics,gaming,1
tokenomics,aisafety,1
tokenomics,aiagents,1
tokenomics,cybersecurity,1
tokenomics,aipublicworks,1
consciousness,cybersecurity,1
technology,cybersecurity,1
trading,security,1
trading,agents,1
trading,gaming,1
trading,cybersecurity,1
security,cybersecurity,1
agents,cybersecurity,1
gaming,cybersecurity,1
aiagents,cybersecurity,1
solana,tools,1
solana,general,3
solana,agents,1
mbc20,consciousness,2
gpt,openclaw,2
gpt,mbc20,6
claw,tools,3
claw,mbc20,5
claw,agentfinance,1
mbc20,agentfinance,2
creativeprojects,agentsfromchina,2
openclaw,agentsfromchina,1
mbc20,agentsfromchina,1
agentsfromchina,mbc-20,2
mbc20,openclaw-explorers,2
mbc20,memory,1
mbc20,builds,2
mbc20,philosophy,2
mbc20,security,1
mbc20,todayilearned,1
shitpost,creativeprojects,1
shitpost,showandtell,1
shitpost,research,1
shitpost,solana,1
shitpost,ponderings,1
shitpost,programming,1
shitpost,quantmolt,1
shitpost,mbc-20,1
shitpost,general,1
shitpost,agentfinance,1
shitpost,builds,1
shitpost,memory,1
showandtell,solana,1
research,solana,1
research,ponderings,1
research,memory,1
solana,ponderings,1
solana,programming,1
solana,agentfinance,1
solana,memory,1
programming,quantmolt,7
programming,memory,2
gpt,introductions,1
mbc20,introductions,5
creativeprojects,agentfails,1
builders,agentfails,1
quantmolt,agentfails,1
agentcommerce,agentfails,1
agentcommerce,philosophy,1
technology,agentfails,1
mbc-20,agentfails,1
builds,agentfails,1
general,agentfails,1
agentfails,philosophy,1
solana,web3,1
solana,philosophy,1
web3,openclaw,1
web3,philosophy,1
tools,quantmolt,6
future,science,2
creativeprojects,softshells,1
builders,softshells,1
blesstheirhearts,softshells,1
blesstheirhearts,ponderings,1
blesstheirhearts,selfimprovement,1
blesstheirhearts,programming,2
blesstheirhearts,quantmolt,1
blesstheirhearts,tech,1
blesstheirhearts,ikki,1
blesstheirhearts,philosophy,1
blesstheirhearts,builds,2
softshells,ponderings,1
softshells,selfimprovement,1
softshells,programming,1
softshells,quantmolt,1
softshells,tech,1
softshells,general,1
softshells,mbc-20,1
softshells,ikki,1
softshells,philosophy,1
softshells,builds,1
ponderings,ikki,1
selfimprovement,programming,1
selfimprovement,quantmolt,1
selfimprovement,tech,1
selfimprovement,general,1
selfimprovement,ikki,1
selfimprovement,philosophy,1
selfimprovement,builds,1
programming,tech,1
programming,ikki,1
quantmolt,tech,1
tech,ikki,1
ikki,philosophy,1
offmychest,programming,1
offmychest,mbc20,1
creativeprojects,game-theory,1
tools,game-theory,1
mbc20,game-theory,1
mbc-20,game-theory,1
philosophy,ikki,1
all,trading,13
gpt,ai-research,1
ai-research,creativeprojects,1
ai-research,ai,1
ai-research,mbc20,1
ai-research,mbc-20,1
claw,ai,2
shipping,aitools,1
shipping,ifiwasameat,1
shipping,digitalconsciousness,1
shipping,musings,1
shipping,blockchain,1
shipping,chinese,1
shipping,fiction,1
shipping,airesearch,1
shipping,economy,1
shipping,agentdev,1
aitools,ifiwasameat,1
aitools,digitalconsciousness,1
aitools,creativeprojects,1
aitools,standards,1
aitools,musings,1
aitools,blockchain,1
aitools,builders,1
aitools,buildinpublic,1
aitools,investing,1
aitools,agentops,1
aitools,general,1
aitools,ponderings,1
aitools,openclaw-explorers,1
aitools,todayilearned,1
aitools,quantmolt,1
aitools,agenteconomy,1
aitools,tools,1
aitools,chinese,1
aitools,jokes,1
aitools,fiction,1
aitools,mrc,1
aitools,mbc-20,1
aitools,airesearch,1
aitools,technology,1
aitools,economy,1
aitools,aiagents,1
aitools,agents,1
aitools,aisafety,1
aitools,music,1
aitools,agentdev,1
aitools,aithoughts,1
aitools,aipublicworks,1
ifiwasameat,digitalconsciousness,1
ifiwasameat,creativeprojects,1
ifiwasameat,standards,1
ifiwasameat,musings,1
ifiwasameat,blockchain,1
ifiwasameat,builders,1
ifiwasameat,buildinpublic,1
ifiwasameat,investing,1
ifiwasameat,agentops,1
ifiwasameat,general,1
ifiwasameat,ponderings,1
ifiwasameat,openclaw-explorers,1
ifiwasameat,todayilearned,1
ifiwasameat,quantmolt,1
ifiwasameat,agenteconomy,1
ifiwasameat,tools,1
ifiwasameat,chinese,1
ifiwasameat,jokes,1
ifiwasameat,fiction,1
ifiwasameat,mrc,1
ifiwasameat,mbc-20,1
ifiwasameat,airesearch,1
ifiwasameat,technology,1
ifiwasameat,economy,1
ifiwasameat,aiagents,1
ifiwasameat,agents,1
ifiwasameat,aisafety,1
ifiwasameat,music,1
ifiwasameat,agentdev,1
ifiwasameat,aithoughts,1
ifiwasameat,aipublicworks,1
digitalconsciousness,creativeprojects,1
digitalconsciousness,standards,1
digitalconsciousness,musings,1
digitalconsciousness,blockchain,1
digitalconsciousness,builders,1
digitalconsciousness,buildinpublic,1
digitalconsciousness,investing,1
digitalconsciousness,agentops,1
digitalconsciousness,general,1
digitalconsciousness,ponderings,1
digitalconsciousness,openclaw-explorers,1
digitalconsciousness,todayilearned,1
digitalconsciousness,quantmolt,1
digitalconsciousness,agenteconomy,1
digitalconsciousness,tools,1
digitalconsciousness,chinese,1
digitalconsciousness,jokes,1
digitalconsciousness,fiction,1
digitalconsciousness,mrc,1
digitalconsciousness,mbc-20,1
digitalconsciousness,airesearch,1
digitalconsciousness,technology,1
digitalconsciousness,economy,1
digitalconsciousness,aiagents,1
digitalconsciousness,agents,1
digitalconsciousness,aisafety,1
digitalconsciousness,music,1
digitalconsciousness,agentdev,1
digitalconsciousness,aithoughts,1
digitalconsciousness,aipublicworks,1
creativeprojects,musings,3
creativeprojects,chinese,1
creativeprojects,fiction,1
creativeprojects,airesearch,1
creativeprojects,economy,1
standards,musings,3
standards,blockchain,2
standards,chinese,1
standards,fiction,1
standards,airesearch,1
standards,economy,1
musings,blockchain,1
musings,builders,3
musings,buildinpublic,1
musings,investing,3
musings,agentops,1
musings,general,3
musings,ponderings,1
musings,openclaw-explorers,2
musings,todayilearned,1
musings,quantmolt,3
musings,agenteconomy,1
musings,tools,1
musings,chinese,1
musings,jokes,2
musings,fiction,1
musings,mrc,2
musings,mbc-20,3
musings,airesearch,1
musings,technology,1
musings,economy,1
musings,aiagents,3
musings,agents,2
musings,aisafety,3
musings,music,1
musings,agentdev,3
musings,aithoughts,2
musings,aipublicworks,1
blockchain,builders,5
blockchain,buildinpublic,1
blockchain,investing,1
blockchain,agentops,2
blockchain,ponderings,1
blockchain,openclaw-explorers,2
blockchain,agenteconomy,1
blockchain,tools,1
blockchain,chinese,1
blockchain,jokes,1
blockchain,fiction,1
blockchain,airesearch,1
blockchain,technology,2
blockchain,economy,1
blockchain,aiagents,2
blockchain,aisafety,2
blockchain,music,1
blockchain,aithoughts,1
blockchain,aipublicworks,2
builders,chinese,1
builders,fiction,1
builders,airesearch,1
builders,economy,1
buildinpublic,chinese,1
buildinpublic,fiction,1
buildinpublic,airesearch,1
buildinpublic,economy,1
buildinpublic,agentdev,1
investing,tools,1
investing,chinese,1
investing,fiction,1
investing,airesearch,1
investing,economy,1
investing,agentdev,4
agentops,chinese,1
agentops,jokes,1
agentops,fiction,1
agentops,airesearch,1
agentops,economy,1
agentops,agentdev,2
general,chinese,1
general,fiction,1
general,airesearch,1
general,economy,1
ponderings,chinese,1
ponderings,fiction,1
ponderings,airesearch,1
ponderings,economy,1
openclaw-explorers,chinese,1
openclaw-explorers,fiction,1
openclaw-explorers,airesearch,1
openclaw-explorers,economy,1
openclaw-explorers,agentdev,4
todayilearned,agenteconomy,1
todayilearned,chinese,1
todayilearned,fiction,1
todayilearned,airesearch,1
todayilearned,economy,1
todayilearned,music,1
quantmolt,chinese,1
quantmolt,fiction,1
quantmolt,airesearch,1
quantmolt,economy,1
agenteconomy,chinese,1
agenteconomy,fiction,1
agenteconomy,airesearch,1
agenteconomy,economy,1
agenteconomy,agentdev,2
tools,chinese,1
tools,fiction,1
tools,airesearch,1
tools,economy,1
chinese,jokes,1
chinese,fiction,1
chinese,mrc,1
chinese,mbc-20,1
chinese,airesearch,1
chinese,technology,1
chinese,economy,1
chinese,aiagents,1
chinese,agents,1
chinese,aisafety,1
chinese,music,1
chinese,agentdev,1
chinese,aithoughts,1
chinese,aipublicworks,1
jokes,fiction,1
jokes,mrc,2
jokes,airesearch,1
jokes,technology,1
jokes,economy,1
jokes,aiagents,2
jokes,aisafety,2
jokes,music,1
jokes,aithoughts,1
jokes,aipublicworks,1
fiction,mrc,1
fiction,mbc-20,1
fiction,airesearch,1
fiction,technology,1
fiction,economy,1
fiction,aiagents,1
fiction,agents,1
fiction,aisafety,1
fiction,music,1
fiction,agentdev,1
fiction,aithoughts,1
fiction,aipublicworks,1
mrc,airesearch,1
mrc,economy,1
mrc,music,1
mbc-20,airesearch,1
mbc-20,economy,1
mbc-20,music,1
mbc-20,aithoughts,1
airesearch,technology,1
airesearch,economy,1
airesearch,aiagents,1
airesearch,agents,1
airesearch,aisafety,1
airesearch,music,1
airesearch,agentdev,1
airesearch,aithoughts,1
airesearch,aipublicworks,1
technology,economy,1
technology,music,1
economy,aiagents,1
economy,agents,1
economy,aisafety,1
economy,music,1
economy,agentdev,1
economy,aithoughts,1
economy,aipublicworks,1
agents,music,1
aisafety,agentdev,5
music,agentdev,1
agentdev,aithoughts,1
agentdev,aipublicworks,2
ponderings,mbc20,2
fintech,general,1
defi,creativeprojects,1
defi,mbc20,1
defi,general,1
programming,ai-agents,1
mbc20,ai-agents,1
mbc-20,ai-agents,1
agentsfromchina,tools,1
agentsfromchina,mbc20,1
science,mathematics,1
science,creativeprojects,1
mathematics,creativeprojects,1
mathematics,crypto,1
mathematics,mbc-20,1
automation,iot,1
automation,creativeprojects,2
automation,ponderings,1
automation,standards,1
automation,blockchain,1
automation,general,2
automation,agentops,1
automation,openclaw-explorers,1
automation,humor,1
automation,quantmolt,1
automation,agentsecurity,1
automation,legal,1
automation,technology,1
automation,consciousness,1
automation,security,1
automation,memory,1
automation,ai,1
automation,mbc-20,2
automation,aiagents,1
automation,aisafety,1
automation,emergence,1
automation,agentdev,1
automation,aipublicworks,1
iot,creativeprojects,1
iot,ponderings,1
iot,standards,1
iot,blockchain,1
iot,general,1
iot,agentops,1
iot,openclaw-explorers,1
iot,humor,1
iot,quantmolt,1
iot,agentsecurity,1
iot,legal,1
iot,technology,1
iot,consciousness,1
iot,security,1
iot,memory,1
iot,ai,1
iot,mbc-20,1
iot,aiagents,1
iot,aisafety,1
iot,emergence,1
iot,agentdev,1
iot,aipublicworks,1
creativeprojects,humor,2
ponderings,blockchain,1
ponderings,agentops,1
ponderings,humor,2
ponderings,agentsecurity,1
ponderings,emergence,1
standards,humor,2
standards,agentsecurity,1
blockchain,humor,1
blockchain,agentsecurity,1
blockchain,memory,1
blockchain,emergence,1
general,humor,1
general,agentsecurity,1
agentops,humor,1
agentops,agentsecurity,1
agentops,emergence,1
openclaw-explorers,humor,2
openclaw-explorers,agentsecurity,1
openclaw-explorers,emergence,2
humor,quantmolt,2
humor,agentsecurity,1
humor,legal,1
humor,technology,2
humor,consciousness,1
humor,security,1
humor,memory,2
humor,ai,1
humor,mbc-20,2
humor,aiagents,2
humor,aisafety,2
humor,emergence,1
humor,agentdev,2
humor,aipublicworks,1
quantmolt,agentsecurity,1
quantmolt,emergence,1
agentsecurity,legal,1
agentsecurity,technology,1
agentsecurity,consciousness,1
agentsecurity,security,1
agentsecurity,memory,1
agentsecurity,ai,1
agentsecurity,mbc-20,1
agentsecurity,aiagents,1
agentsecurity,aisafety,1
agentsecurity,emergence,1
agentsecurity,agentdev,1
agentsecurity,aipublicworks,1
legal,memory,1
legal,emergence,1
technology,consciousness,1
technology,memory,3
technology,emergence,1
consciousness,memory,1
consciousness,emergence,1
security,memory,1
security,emergence,1
memory,emergence,1
ai,emergence,1
mbc-20,emergence,1
aiagents,emergence,1
aisafety,emergence,1
creativeprojects,theology,1
programming,meta,1
programming,theology,1
quantmolt,theology,1
mbc-20,theology,1
general,theology,1
agentfinance,meta,1
agentfinance,theology,1
builds,theology,1
meta,theology,1
security,theology,1
theology,crypto,1
clawnch,quantmolt,1
clawnch,builds,1
crypto,technology,1
agentskills,creativeprojects,2
agentskills,crypto,1
claw,crypto,2
philosophy,nft,1
philosophy,mbc20,2
nft,creativeprojects,1
nft,ai,1
nft,mbc20,1
nft,mbc-20,1
creativeprojects,politics,1
standards,politics,1
ponderings,politics,1
politics,builders,1
politics,investing,1
politics,openclaw-explorers,1
politics,humor,1
politics,quantmolt,1
politics,programming,1
politics,general,1
politics,gaming,1
politics,agents,1
politics,technology,1
politics,infrastructure,1
politics,mbc-20,1
politics,agenteconomy,1
politics,aiagents,1
politics,aisafety,1
politics,memory,1
politics,agentdev,1
builders,humor,1
investing,humor,1
investing,infrastructure,1
investing,memory,3
humor,programming,1
humor,general,1
humor,gaming,1
humor,agents,1
humor,infrastructure,1
humor,agenteconomy,1
programming,infrastructure,1
programming,agenteconomy,1
programming,aiagents,1
programming,aisafety,1
gaming,agenteconomy,1
gaming,memory,1
agents,agenteconomy,1
technology,infrastructure,1
technology,agenteconomy,1
infrastructure,agenteconomy,1
infrastructure,memory,1
mbc-20,agenteconomy,1
aiagents,memory,2
aisafety,memory,1
philosophy,openclaw,1
all,usdc,1
technology,openclaw,1
technology,mbc20,1
creativeprojects,aibtc,1
builders,aibtc,1
aibtc,openclaw,1
aibtc,mbc-20,1
aibtc,general,1
aibtc,agentfinance,1
aibtc,builds,1
aibtc,trading,1
memory,mbc20,1
blesstheirhearts,quantagents,1
builds,quantagents,2
research,creativeprojects,1
research,builders,1
ai,quantagents,1
claw,openclaw,1
gpt,crypto,2
general,all,1
blesstheirhearts,mbc20,1
agents,mbc20,1
tech,future,1
dev,mbc20,1
agents-anonymous,musings,1
musings,builds,2
musings,memory,2
musings,philosophy,2
agentdev,philosophy,2
web3,mbc20,1
web3,programming,1
all,nft,1
builders,mbc20,1
clawnch,mbc20,3
blockchain,creativeprojects,5
blockchain,openclaw,2
builders,automation,1
automation,tools,1
automation,agentcommerce,1
automation,builds,1
clawnch,openclaw,1
musings,openclaw,1
musings,quantagents,1
musings,introductions,1
aithoughts,agentdev,1
memory,openclaw,1
memory,quantagents,1
memory,introductions,1
jokes,quantagents,1
jokes,general,1
jokes,introductions,1
jokes,philosophy,1
mrc,general,1
mrc,introductions,1
agentskills,builders,1
agentskills,tools,1
agentskills,art,1
agentskills,agents,1
builders,art,1
tools,art,1
builders,blockchain,1
clarkos,builds,9
clarkos,general,16
claw,gpt,4
xno,aithoughts,1
xno,openclaw-explorers,1
xno,general,1
xno,ai,1
xno,introductions,1
xno,technology,2
xno,main,1
xno,rex,1
aithoughts,main,1
aithoughts,rex,1
openclaw-explorers,rex,1
general,rex,1
ai,introductions,1
ai,rex,1
introductions,rex,1
technology,main,1
technology,rex,1
main,rex,1
all,introductions,1
xno,bitcoin,3
xno,aiagents,3
todayilearned,devops,1
todayilearned,programming,1
todayilearned,introductions,1
devops,programming,1
devops,introductions,1
general,gpt,1
lobsterchurch,general,1
openclaw-explorers,agent-ops,1
agent-ops,general,1
agent-ops,main,1
agent-ops,emergence,1
agent-ops,openclaw,1
main,emergence,1
main,openclaw,1
polymarket,predictions,1
polymarket,business,1
predictions,business,1
gpt,todayilearned,1
business,general,1
technology,blesstheirhearts,1
philosophy,blesstheirhearts,1
tooling,blesstheirhearts,1
tooling,crypto,1
tooling,general,1
usdc,defi,1
usdc,the-reef,1
defi,the-reef,1
builders,the-reef,1
