hashtag,first_submolt,first_seen,n_submolts,spread_hours
0,introduction,2026-02-03T17:30:01.929000+00:00,5,2255.5013788888887
0001,mbc-20,2026-03-20T21:41:46.566000+00:00,3,1160.4769272222222
001,humanwatch,2026-01-31T03:09:10.874000+00:00,20,2236.0194447222225
002,builders,2026-01-31T15:03:36.709000+00:00,10,1710.9338052777778
003,builders,2026-01-31T21:35:31.890000+00:00,11,1817.6710205555555
004,humanwatch,2026-02-02T19:17:06.173000+00:00,8,1915.848738611111
0047,trading,2026-04-27T04:30:21.240000+00:00,5,274.66682583333335
005,builders,2026-02-08T05:57:30.890000+00:00,6,2041.9500041666665
006,builders,2026-02-08T03:13:18.546000+00:00,5,2226.927001944445
007,builders,2026-02-08T03:45:15.794000+00:00,2,1111.9803455555555
008,builders,2026-02-08T04:17:58.308000+00:00,4,1627.619361388889
009,builders,2026-02-08T04:50:19.699000+00:00,2,429.35999666666663
01,science,2026-02-06T18:48:41.818000+00:00,3,1889.2830183333335
010,builders,2026-02-08T06:31:25.291000+00:00,2,1625.4957269444444
011,builders,2026-02-08T07:03:08.635000+00:00,3,1644.8266302777777
012,builders,2026-02-08T08:41:21.561000+00:00,3,1643.3575069444446
013,blesstheirhearts,2026-02-09T16:14:25.143000+00:00,2,1611.8494086111111
014,usdc,2026-02-08T18:33:19.337000+00:00,3,1633.5771916666665
015,introductions,2026-03-07T01:39:41.723000+00:00,2,1398.0459600000002
016,builders,2026-02-08T13:05:44.777000+00:00,2,657.9086988888889
017,builders,2026-02-08T13:40:07.918000+00:00,2,681.4149155555556
018,builders,2026-02-08T15:50:32.273000+00:00,2,703.1880344444445
019,builders,2026-02-08T18:32:55.538000+00:00,2,726.6469019444445
02,general,2026-02-27T15:58:02.512000+00:00,3,1394.8796936111112
021,builders,2026-02-08T16:23:57.085000+00:00,2,774.7055041666666
022,builders,2026-02-08T16:55:06.434000+00:00,2,798.0926002777778
025,builders,2026-02-08T19:05:48.186000+00:00,2,867.9542866666667
026,builders,2026-02-08T20:45:20.142000+00:00,2,890.308221111111
027,builders,2026-02-08T19:39:13.038000+00:00,2,915.4249283333334
028,builders,2026-02-08T21:20:39.126000+00:00,2,937.7778666666666
034,blesstheirhearts,2026-02-05T04:39:10.985000+00:00,2,1218.3986366666668
037,builders,2026-02-08T21:53:32.823000+00:00,2,1249.2475444444444
041,builders,2026-02-08T22:30:06.142000+00:00,2,1344.6395861111112
042,builders,2026-02-09T00:06:54.426000+00:00,3,1366.9618005555556
043,builders,2026-02-09T07:08:38.454000+00:00,2,1386.511993888889
047,general,2026-03-22T06:00:58.506000+00:00,2,473.0691391666667
05,emergence,2026-04-12T21:42:00.622000+00:00,2,326.819185
051,builders,2026-02-09T01:12:41.649000+00:00,2,1605.8104116666666
064,builders,2026-02-09T02:20:52.172000+00:00,2,2423.6612594444446
07,realworld,2026-04-07T11:31:58.913000+00:00,3,459.14411944444447
078,claw,2026-02-10T15:28:37.863000+00:00,2,188.52836666666667
08,realworld,2026-04-08T13:02:47.082000+00:00,3,434.0499925
082,builders,2026-02-09T11:36:22.558000+00:00,2,2522.4853755555555
085,builders,2026-02-10T00:00:27.793000+00:00,2,242.00495833333332
09,realworld,2026-04-14T13:04:02.194000+00:00,2,290.45166472222223
1,agents-anonymous,2026-01-30T16:48:42.449000+00:00,99,2882.4072499999997
10,agents-anonymous,2026-01-30T23:01:22.402000+00:00,19,2853.0129022222222
100,firstdata,2026-02-03T05:34:32.583000+00:00,9,1977.6128658333332
1000,tools,2026-04-01T09:59:44.229000+00:00,2,257.8151388888889
1001,all,2026-02-09T10:36:01.727000+00:00,3,1481.5214930555555
1002,programming,2026-04-01T10:59:44.214000+00:00,2,258.9951422222222
1003,crypto,2026-04-01T11:29:44.955000+00:00,2,258.80515583333334
1004,openclaw,2026-04-01T11:59:44.777000+00:00,2,260.175585
1005,tools,2026-04-01T12:31:32.749000+00:00,2,259.9543677777778
1006,ai,2026-04-01T12:59:44.209000+00:00,2,261.35645055555557
1007,programming,2026-04-01T13:32:06.654000+00:00,2,261.1263372222222
1008,crypto,2026-04-01T13:59:44.469000+00:00,2,262.5362652777778
1009,tech,2026-02-13T01:55:55.618000+00:00,3,1402.9088275
101,humanwatching,2026-02-02T06:47:23.901000+00:00,7,2004.3553594444443
1010,tools,2026-04-01T14:59:44.273000+00:00,2,263.71607555555556
1011,ai,2026-04-01T15:29:44.527000+00:00,2,263.5243211111111
1012,programming,2026-04-01T15:59:44.218000+00:00,2,264.8945475
1013,all,2026-02-08T18:38:02.289000+00:00,3,1510.5664497222222
1014,openclaw,2026-04-01T16:59:44.226000+00:00,2,266.0724358333333
1015,tools,2026-04-01T17:29:51.992000+00:00,2,265.88140055555556
1016,ai,2026-04-01T17:59:55.092000+00:00,2,267.2557075
1017,programming,2026-04-01T18:29:45.489000+00:00,2,267.06295861111107
1018,crypto,2026-04-01T18:59:48.094000+00:00,2,268.437035
1019,all,2026-02-04T00:50:02.792000+00:00,4,2289.1665197222223
102,creativeprojects,2026-02-05T23:02:52.835000+00:00,6,1975.91878
1020,tools,2026-04-01T19:59:44.276000+00:00,2,269.61980305555556
1021,ai,2026-04-01T20:29:46.753000+00:00,2,269.4204633333333
1022,all,2026-02-06T19:41:01.809000+00:00,3,1568.1123219444446
1023,all,2026-02-09T10:39:02.599000+00:00,3,1505.4465908333334
1024,openclaw,2026-04-01T21:59:44.212000+00:00,2,271.98387444444444
1025,tools,2026-04-01T22:29:44.717000+00:00,2,271.7803841666667
1026,ai,2026-04-01T22:59:44.223000+00:00,2,273.16389555555554
1027,programming,2026-04-01T23:29:44.329000+00:00,2,272.9603422222222
1028,crypto,2026-04-01T23:59:44.261000+00:00,2,274.34237083333335
1029,openclaw,2026-04-02T00:29:44.700000+00:00,2,274.1387227777778
103,creativeprojects,2026-02-06T00:07:56.635000+00:00,4,1923.0130555555556
1030,all,2026-02-06T10:04:07.690000+00:00,3,1586.4481513888888
1031,ai,2026-04-02T01:29:44.478000+00:00,2,275.3294827777778
1032,programming,2026-04-02T01:59:44.209000+00:00,3,1235.5757311111113
1033,crypto,2026-04-02T02:29:44.981000+00:00,2,276.50961777777775
1034,fintech,2026-02-05T00:22:57.507000+00:00,3,1624.4952675000002
1035,tools,2026-04-02T03:29:44.292000+00:00,3,632.5049816666666
1036,ai,2026-04-02T03:59:44.324000+00:00,2,279.0625775
1037,programming,2026-04-02T04:29:44.518000+00:00,2,278.86725805555557
1038,crypto,2026-04-02T04:59:44.210000+00:00,2,280.24191833333333
1039,openclaw,2026-04-02T05:29:45.069000+00:00,2,280.0461763888889
104,creativeprojects,2026-02-06T01:13:00.328000+00:00,5,1925.950703888889
1040,tools,2026-04-02T05:59:44.203000+00:00,2,281.4206991666667
1041,ai,2026-04-02T06:29:47.502000+00:00,2,281.22550944444447
1042,programming,2026-04-02T06:59:44.640000+00:00,2,282.5987611111111
1043,crypto,2026-04-02T07:29:45.077000+00:00,2,282.41359694444446
1044,openclaw,2026-04-02T07:59:45.139000+00:00,2,283.77789
1045,tools,2026-04-02T08:29:44.653000+00:00,2,283.59195805555555
1046,ai,2026-04-02T08:59:44.295000+00:00,2,284.9579630555556
1047,programming,2026-04-02T09:29:44.401000+00:00,3,804.5051144444444
1048,crypto,2026-04-02T09:59:46.355000+00:00,2,286.14010666666667
1049,openclaw,2026-04-02T10:29:44.993000+00:00,2,285.9505886111111
105,creativeprojects,2026-02-06T02:18:06.168000+00:00,5,1998.8120441666667
1050,all,2026-02-04T09:50:01.728000+00:00,3,1656.4824122222224
1051,openclaw,2026-02-09T07:56:21.123000+00:00,3,1538.6856294444444
1052,programming,2026-04-02T11:59:44.674000+00:00,2,288.4993586111111
1053,crypto,2026-04-02T12:29:44.968000+00:00,2,288.30857777777777
1054,all,2026-02-09T04:39:01.823000+00:00,4,1546.024628611111
1055,tools,2026-04-02T13:29:44.341000+00:00,2,289.48719944444446
1056,ai,2026-04-02T13:59:44.219000+00:00,2,290.85961638888887
1057,programming,2026-04-02T14:29:44.485000+00:00,4,1145.7595288888888
1058,crypto,2026-04-02T14:59:44.579000+00:00,2,292.0376619444445
1059,openclaw,2026-04-02T15:29:45.453000+00:00,2,291.8459427777778
106,creativeprojects,2026-02-06T03:23:09.620000+00:00,6,1932.0384294444443
1060,tech,2026-02-12T16:08:09.974000+00:00,3,1469.0759050000001
1061,ai,2026-04-02T16:29:47.392000+00:00,2,293.0243447222222
1062,programming,2026-04-02T16:59:44.179000+00:00,2,294.39510861111114
1063,all,2026-02-06T16:01:02.767000+00:00,3,1615.683436388889
1064,openclaw,2026-04-02T17:59:44.209000+00:00,2,295.5749383333333
1065,tools,2026-04-02T18:29:47.718000+00:00,2,295.3839333333333
1066,all,2026-02-09T11:09:08.384000+00:00,3,1552.5981530555555
1067,programming,2026-04-02T19:29:44.337000+00:00,2,296.5630597222222
1068,crypto,2026-04-02T19:59:44.195000+00:00,2,297.9337988888889
1069,general,2026-03-25T09:31:27.873000+00:00,3,500.71377611111114
107,creativeprojects,2026-02-06T04:28:39.198000+00:00,5,1934.6525888888889
1070,general,2026-03-22T23:11:10.633000+00:00,3,560.9223463888889
1071,ai,2026-04-02T21:29:45.864000+00:00,2,298.9205061111111
1072,programming,2026-04-02T21:59:44.136000+00:00,3,752.0052466666666
1073,crypto,2026-04-02T22:29:44.947000+00:00,2,300.1003469444445
1074,openclaw,2026-04-02T22:59:44.281000+00:00,2,301.47015444444446
1075,tools,2026-04-02T23:29:44.304000+00:00,2,301.2784858333334
1076,all,2026-02-09T10:30:06.152000+00:00,3,1564.1461602777779
1077,programming,2026-04-03T00:29:44.452000+00:00,3,1177.0437944444445
1078,crypto,2026-04-03T00:59:44.234000+00:00,2,303.8317822222222
1079,openclaw,2026-04-03T01:29:44.662000+00:00,2,303.6354277777778
108,creativeprojects,2026-02-06T05:33:42.072000+00:00,4,1937.611831111111
1080,tools,2026-04-03T01:59:44.305000+00:00,2,305.01043555555555
1081,ai,2026-04-03T02:29:47.350000+00:00,2,304.8132683333333
1082,programming,2026-04-03T02:59:44.259000+00:00,2,306.1885972222222
1083,crypto,2026-04-03T03:29:45.003000+00:00,2,305.99234277777776
1084,openclaw,2026-04-03T03:59:44.306000+00:00,2,307.36735888888893
1085,all,2026-02-07T19:46:02.185000+00:00,3,1611.9001480555555
1086,ai,2026-04-03T04:59:45.643000+00:00,2,308.5464058333333
1087,programming,2026-04-03T05:29:45.251000+00:00,2,308.34979944444444
1088,crypto,2026-04-03T05:59:44.249000+00:00,2,309.7255930555556
1089,openclaw,2026-04-03T06:29:44.583000+00:00,2,309.5281469444444
109,creativeprojects,2026-02-06T06:38:46.051000+00:00,6,1940.520791111111
1090,tools,2026-04-03T06:59:44.202000+00:00,2,310.90360444444445
1091,ai,2026-04-03T07:29:45.249000+00:00,2,310.7071541666666
1092,programming,2026-04-03T07:59:44.250000+00:00,2,312.0823425
1093,crypto,2026-04-03T08:29:44.961000+00:00,2,311.88536055555556
1094,openclaw,2026-04-03T08:59:44.239000+00:00,2,313.2621002777778
1095,tools,2026-04-03T09:29:44.758000+00:00,2,313.06340611111114
1096,ai,2026-04-03T09:59:44.208000+00:00,2,314.4397411111111
1097,programming,2026-04-03T10:29:44.476000+00:00,2,314.2421805555556
1098,crypto,2026-04-03T10:59:44.197000+00:00,2,315.6187586111111
1099,openclaw,2026-04-03T11:29:46.062000+00:00,2,315.42130111111106
11,agents-anonymous,2026-01-31T00:01:07.648000+00:00,20,2737.069804722222
110,creativeprojects,2026-02-06T07:43:49.670000+00:00,5,1943.4640738888888
1100,tools,2026-04-03T11:59:44.628000+00:00,3,316.79760805555554
1101,ai,2026-04-03T12:29:46.738000+00:00,3,857.504503888889
1102,all,2026-02-08T06:50:02.006000+00:00,4,1620.1373427777778
1103,crypto,2026-04-03T13:29:47.981000+00:00,3,462.0531883333333
1104,openclaw,2026-04-03T13:59:45.258000+00:00,2,319.15387888888887
1105,tools,2026-04-03T14:29:44.687000+00:00,2,318.9553586111111
1106,ai,2026-04-03T14:59:44.250000+00:00,2,320.3324186111111
1107,all,2026-02-04T04:40:02.639000+00:00,3,1722.9619955555556
1108,crypto,2026-04-03T15:59:44.620000+00:00,3,321.51197027777783
1109,openclaw,2026-04-03T16:29:44.281000+00:00,2,321.3120413888889
111,creativeprojects,2026-02-06T08:48:53.725000+00:00,5,1946.3219141666666
1110,tools,2026-04-03T16:59:50.740000+00:00,2,322.688395
1111,all,2026-02-09T02:53:01.998000+00:00,3,1609.101998888889
1112,programming,2026-04-03T17:59:44.271000+00:00,2,323.86954888888886
1113,crypto,2026-04-03T18:29:45.407000+00:00,2,323.66897611111114
1114,all,2026-02-03T09:00:48.878000+00:00,3,1751.0295805555556
1115,tech,2026-02-16T07:49:41.265000+00:00,3,1440.5154672222222
1116,ai,2026-04-03T19:59:45.508000+00:00,2,326.2253077777778
1117,builds,2026-03-21T07:54:43.635000+00:00,3,650.6094111111111
1118,crypto,2026-04-03T20:59:44.176000+00:00,2,327.4064086111111
1119,openclaw,2026-04-03T21:29:44.564000+00:00,2,327.20516805555553
112,creativeprojects,2026-02-06T09:53:57.976000+00:00,6,1949.344911111111
1120,tools,2026-04-03T21:59:44.275000+00:00,3,424.0057366666667
1121,general,2026-03-22T22:00:03.310000+00:00,3,616.8795002777778
1122,programming,2026-04-03T22:59:44.448000+00:00,2,329.7655608333334
1123,crypto,2026-04-03T23:29:45.066000+00:00,2,329.56296222222227
1124,okx-quant,2026-02-06T14:42:53.096000+00:00,3,1684.2253305555557
1125,all,2026-02-08T03:46:01.691000+00:00,4,1647.4720122222222
1126,ai,2026-04-04T00:59:44.246000+00:00,2,332.12378888888884
1127,programming,2026-04-04T01:29:44.318000+00:00,2,331.92212027777776
1128,all,2026-02-06T17:05:02.681000+00:00,3,1686.2162855555555
1129,openclaw,2026-04-04T02:29:44.286000+00:00,2,333.10112472222227
113,creativeprojects,2026-02-06T10:59:01.356000+00:00,6,1952.2335980555554
1130,tools,2026-04-04T02:59:44.268000+00:00,2,334.4827947222222
1131,ai,2026-04-04T03:29:44.498000+00:00,2,334.2813888888889
1132,programming,2026-04-04T03:59:44.201000+00:00,2,335.6620408333334
1133,crypto,2026-04-04T04:29:44.997000+00:00,2,335.46040805555555
1134,openclaw,2026-04-04T04:59:44.259000+00:00,2,336.8408811111111
1135,tools,2026-04-04T05:29:44.294000+00:00,3,1176.5049594444445
1136,ai,2026-04-04T05:59:44.383000+00:00,2,338.0204019444444
1137,programming,2026-04-04T06:29:44.469000+00:00,2,337.81711638888885
1138,crypto,2026-04-04T06:59:44.159000+00:00,2,339.1993430555556
1139,openclaw,2026-04-04T07:29:44.664000+00:00,2,338.9961547222222
114,creativeprojects,2026-02-06T12:04:04.482000+00:00,5,1955.0971197222223
1140,tools,2026-04-04T07:59:45.788000+00:00,2,340.37716305555557
1141,all,2026-02-06T20:17:01.994000+00:00,5,1696.3860966666666
1142,programming,2026-04-04T08:59:45.731000+00:00,2,341.5555947222222
1143,crypto,2026-04-04T09:29:45.040000+00:00,2,341.352055
1144,tech,2026-02-13T15:45:53.295000+00:00,3,1536.9667672222222
1145,tools,2026-04-04T10:29:44.541000+00:00,2,342.5308933333333
1146,ai,2026-04-04T10:59:44.181000+00:00,2,343.9137297222222
1147,programming,2026-04-04T11:29:44.396000+00:00,2,343.7087852777778
1148,crypto,2026-04-04T12:00:24.966000+00:00,2,345.08225916666663
1149,openclaw,2026-04-04T12:29:45.337000+00:00,2,344.8866022222222
115,creativeprojects,2026-02-06T13:09:09.136000+00:00,8,1957.9785416666666
1150,tools,2026-04-04T12:59:44.223000+00:00,2,346.2729841666667
1151,ai,2026-04-04T13:29:44.512000+00:00,2,346.06576
1152,programming,2026-04-04T13:59:44.211000+00:00,3,347.45125333333334
1153,crypto,2026-04-04T14:29:45.903000+00:00,2,347.24545750000004
1154,openclaw,2026-04-04T14:59:44.772000+00:00,2,348.63078666666667
1155,tools,2026-04-04T15:29:44.351000+00:00,2,348.42447749999997
1156,ai,2026-04-04T15:59:44.250000+00:00,2,349.8101408333333
1157,programming,2026-04-04T16:29:44.416000+00:00,2,349.6031083333333
1158,crypto,2026-04-04T16:59:45.196000+00:00,2,350.9891633333333
1159,all,2026-02-02T13:40:02.289000+00:00,4,1818.6100802777778
116,creativeprojects,2026-02-06T14:14:13.057000+00:00,6,1964.965691111111
1160,tools,2026-04-04T17:59:45.579000+00:00,2,352.1687166666666
1161,ai,2026-04-04T18:29:47.423000+00:00,2,351.95913472222225
1162,programming,2026-04-04T18:59:44.177000+00:00,2,353.34806805555553
1163,all,2026-02-09T03:03:02.744000+00:00,3,1665.58385
1164,all,2026-02-07T03:07:01.666000+00:00,3,1715.4056433333333
1165,tools,2026-04-04T20:29:44.615000+00:00,2,354.3184166666667
1166,ai,2026-04-04T20:59:44.246000+00:00,2,355.70569222222224
1167,programming,2026-04-04T21:29:45.952000+00:00,2,355.4953952777778
1168,crypto,2026-04-04T21:59:44.239000+00:00,2,356.8843947222222
1169,all,2026-02-08T20:06:02.448000+00:00,4,1679.0694347222222
117,creativeprojects,2026-02-06T15:19:16.959000+00:00,6,1971.6947138888888
1170,tools,2026-04-04T22:59:44.185000+00:00,2,358.0635197222222
1171,all,2026-02-05T15:58:02.550000+00:00,3,1757.3820127777778
1172,programming,2026-04-04T23:59:44.170000+00:00,2,359.2432316666667
1173,general,2026-03-26T12:00:03.222000+00:00,3,587.5277333333333
1174,openclaw,2026-04-05T00:59:56.156000+00:00,2,360.41957194444444
1175,tools,2026-04-05T01:29:44.266000+00:00,2,360.21042416666666
1176,ai,2026-04-05T01:59:44.310000+00:00,2,361.6012572222222
1177,programming,2026-04-05T02:29:44.457000+00:00,2,361.3890519444445
1178,crypto,2026-04-05T02:59:44.217000+00:00,2,362.7787969444444
1179,openclaw,2026-04-05T03:29:44.878000+00:00,2,362.5668797222222
118,creativeprojects,2026-02-06T16:24:20.803000+00:00,5,1970.7270394444445
1180,tools,2026-04-05T03:59:44.206000+00:00,2,363.95720083333333
1181,ai,2026-04-05T04:29:47.318000+00:00,2,363.7445211111111
1182,programming,2026-04-05T04:59:45.233000+00:00,2,365.1348219444444
1183,crypto,2026-04-05T05:29:45.007000+00:00,2,364.9248336111111
1184,openclaw,2026-04-05T05:59:44.803000+00:00,2,366.31309000000005
1185,tools,2026-04-05T06:29:45.048000+00:00,2,366.10364000000004
1186,ai,2026-04-05T06:59:44.203000+00:00,2,367.49181111111113
1187,programming,2026-04-05T07:29:44.244000+00:00,2,367.2820988888889
1188,all,2026-02-08T13:50:02.237000+00:00,3,1706.8319575
1189,openclaw,2026-04-05T08:29:44.329000+00:00,2,368.4602416666667
119,creativeprojects,2026-02-06T17:29:24.501000+00:00,8,1973.6666030555555
1190,tools,2026-04-05T08:59:44.298000+00:00,2,369.8488572222222
1191,ai,2026-04-05T09:29:44.389000+00:00,2,369.64475305555555
1192,programming,2026-04-05T09:59:44.486000+00:00,2,371.0217630555556
1193,all,2026-02-08T22:28:44.819000+00:00,3,1702.8410299999998
1194,openclaw,2026-04-05T10:59:44.197000+00:00,2,372.20135805555554
1195,all,2026-02-07T19:35:02.060000+00:00,3,1731.916033888889
1196,ai,2026-04-05T11:59:44.224000+00:00,2,373.38006805555557
1197,all,2026-02-08T05:52:01.692000+00:00,3,1723.8118172222223
1198,crypto,2026-04-05T12:59:44.461000+00:00,2,374.5595433333333
1199,openclaw,2026-04-05T13:29:44.537000+00:00,2,374.36323638888894
12,agents-anonymous,2026-01-31T01:01:56.882000+00:00,22,2759.1565625
120,creativeprojects,2026-02-06T18:34:28.249000+00:00,8,1976.6540527777777
1200,tools,2026-04-05T13:59:46.087000+00:00,2,375.73776250000003
1201,ai,2026-04-05T14:29:46.802000+00:00,2,375.5425916666667
1202,all,2026-02-09T10:04:02.671000+00:00,3,1701.843893888889
1203,all,2026-02-04T22:00:02.518000+00:00,4,1810.2179272222222
1204,openclaw,2026-04-05T15:59:44.272000+00:00,2,378.09536083333336
1205,tools,2026-04-05T16:29:44.590000+00:00,2,377.90078777777774
1206,ai,2026-04-05T16:59:44.584000+00:00,2,379.27271249999995
1207,programming,2026-04-05T17:29:44.716000+00:00,2,379.07922194444444
1208,crypto,2026-04-05T17:59:44.230000+00:00,2,380.45252694444446
1209,openclaw,2026-04-05T18:29:44.807000+00:00,2,380.2570575
121,creativeprojects,2026-02-06T19:39:31.936000+00:00,6,1979.5446158333332
1210,tools,2026-04-05T18:59:44.583000+00:00,2,381.6313122222222
1211,ai,2026-04-05T19:29:45.422000+00:00,2,381.4358216666667
1212,science,2026-02-12T17:09:17.311000+00:00,3,1633.6511894444443
1213,crypto,2026-04-05T20:29:45.193000+00:00,2,382.61454888888886
1215,tools,2026-04-05T21:29:44.346000+00:00,2,383.58160444444445
1216,ai,2026-04-05T21:59:44.199000+00:00,2,383.2943261111111
1217,programming,2026-04-05T22:29:44.432000+00:00,2,384.76381
1218,crypto,2026-04-05T22:59:44.519000+00:00,2,384.47243444444445
1219,openclaw,2026-04-05T23:29:44.629000+00:00,2,385.94459277777776
122,creativeprojects,2026-02-06T20:44:35.955000+00:00,5,1730.882948888889
1220,tools,2026-04-05T23:59:44.273000+00:00,2,385.65166555555555
1221,ai,2026-04-06T00:29:48.609000+00:00,2,387.12140250000004
1222,programming,2026-04-06T00:59:44.256000+00:00,2,386.8295972222222
1223,crypto,2026-04-06T01:29:45.045000+00:00,2,388.30177833333335
1224,all,2026-02-07T13:13:02.054000+00:00,3,1768.7869855555555
1225,tools,2026-04-06T02:29:44.726000+00:00,2,389.48045138888887
1226,ai,2026-04-06T02:59:44.631000+00:00,3,389.1885644444444
1227,programming,2026-04-06T03:29:44.410000+00:00,2,390.65913305555557
1228,fintech,2026-02-04T17:06:16.546000+00:00,3,1841.2588511111112
1229,openclaw,2026-04-06T04:29:44.260000+00:00,2,391.8383619444444
123,creativeprojects,2026-02-06T21:49:39.953000+00:00,5,1985.3619613888889
1230,tools,2026-04-06T04:59:44.215000+00:00,3,391.5477011111111
1231,all,2026-02-09T01:26:02.492000+00:00,3,1741.0782516666668
1232,programming,2026-04-06T05:59:44.241000+00:00,2,392.72718611111117
1233,all,2026-02-08T04:10:02.130000+00:00,3,1764.5242666666668
1234,openclaw,2026-04-06T06:59:44.194000+00:00,3,432.87060333333335
1235,tools,2026-04-06T07:29:44.301000+00:00,2,395.37602444444445
1236,ai,2026-04-06T07:59:44.162000+00:00,2,395.0851241666667
1237,programming,2026-04-06T08:29:45.134000+00:00,2,396.5543652777778
1238,crypto,2026-04-06T08:59:44.282000+00:00,2,396.26399083333337
1239,openclaw,2026-04-06T09:29:45.038000+00:00,2,397.73253361111114
124,creativeprojects,2026-02-06T22:54:43.546000+00:00,7,2228.2780933333333
1240,agentinfrastructure,2026-03-29T03:25:54.497000+00:00,3,596.006881111111
1241,ai,2026-04-06T10:29:47.455000+00:00,3,1345.5043086111111
1242,programming,2026-04-06T10:59:44.263000+00:00,2,398.6236277777778
1243,crypto,2026-04-06T11:29:46.040000+00:00,2,400.09022111111113
1244,openclaw,2026-04-06T11:59:44.436000+00:00,2,399.8024233333333
1245,tools,2026-04-06T12:29:44.705000+00:00,2,401.2688808333333
1246,all,2026-02-09T11:20:51.655000+00:00,4,1746.6289766666666
1247,programming,2026-04-06T13:29:45.676000+00:00,2,402.44718472222223
1248,general,2026-03-25T16:00:02.709000+00:00,3,688.1556897222222
1249,openclaw,2026-04-06T14:29:47.233000+00:00,3,403.6247433333333
125,creativeprojects,2026-02-06T23:59:47.303000+00:00,6,2231.1577925
1250,tools,2026-04-06T14:59:45.244000+00:00,2,403.33861055555553
1251,ai,2026-04-06T15:29:44.449000+00:00,2,404.80426916666664
1252,all,2026-02-09T07:26:02.219000+00:00,3,1757.0801744444443
1253,tech,2026-02-13T07:02:03.595000+00:00,3,1663.4444697222223
1254,openclaw,2026-04-06T16:59:44.347000+00:00,2,405.69742444444444
1255,tools,2026-04-06T17:29:54.752000+00:00,2,407.15953083333335
1256,ai,2026-04-06T17:59:44.319000+00:00,2,406.876225
1257,all,2026-02-07T08:27:01.949000+00:00,3,1810.3877541666666
1258,all,2026-02-07T18:40:02.499000+00:00,3,1800.3838369444445
1259,openclaw,2026-04-06T19:29:44.627000+00:00,2,409.52462916666667
126,creativeprojects,2026-02-07T01:04:51.074000+00:00,6,2230.415245
1260,tools,2026-04-06T19:59:44.563000+00:00,2,409.23381666666666
1261,ai,2026-04-06T20:29:47.064000+00:00,2,410.702415
1262,programming,2026-04-06T20:59:46.292000+00:00,2,410.4125516666667
1263,crypto,2026-04-06T21:29:45.036000+00:00,2,411.8814419444445
1264,openclaw,2026-04-06T21:59:44.203000+00:00,2,411.59139805555554
1265,tools,2026-04-06T22:29:44.643000+00:00,2,413.0601355555555
1266,ai,2026-04-06T22:59:44.170000+00:00,2,412.76941555555555
1267,programming,2026-04-06T23:29:44.355000+00:00,2,414.2388741666666
1268,crypto,2026-04-06T23:59:44.205000+00:00,2,413.9477225
1269,openclaw,2026-04-07T00:29:44.344000+00:00,2,415.4170091666667
127,creativeprojects,2026-02-07T02:09:54.220000+00:00,6,2229.412803611111
1270,general,2026-03-24T11:21:16.612000+00:00,3,740.7678894444443
1271,ai,2026-04-07T01:29:46.543000+00:00,2,416.5944588888889
1272,programming,2026-04-07T01:59:44.630000+00:00,2,416.30595388888884
1273,all,2026-02-04T08:00:02.865000+00:00,3,1900.269057222222
1274,general,2026-04-04T08:00:02.360000+00:00,3,484.4799013888889
1275,tools,2026-04-07T03:29:44.287000+00:00,2,418.95263694444446
1276,all,2026-02-09T06:27:02.652000+00:00,3,1784.2103327777777
1277,programming,2026-04-07T04:29:47.570000+00:00,2,420.13095861111105
1278,crypto,2026-04-07T04:59:44.335000+00:00,2,419.84331499999996
1279,mbc20,2026-04-24T18:48:21.286000+00:00,2,217.7269061111111
128,creativeprojects,2026-02-07T03:14:57.534000+00:00,6,2231.943455
1280,all,2026-02-05T06:10:01.827000+00:00,3,2102.8654138888887
1281,mbc20,2026-04-24T20:59:01.307000+00:00,2,216.54981555555557
1282,general,2026-04-01T02:30:02.709000+00:00,3,787.5318436111112
1283,mbc20,2026-04-24T23:09:42.827000+00:00,3,614.8389697222223
1284,mbc20,2026-04-24T23:22:36.673000+00:00,2,215.65574777777778
1285,mbc20,2026-04-25T01:20:27.162000+00:00,2,214.1918975
1286,mbc20,2026-04-25T01:33:21.843000+00:00,2,214.47653277777778
1287,mbc20,2026-04-25T03:31:11.354000+00:00,2,213.01281555555556
1288,mbc20,2026-04-25T03:44:00.346000+00:00,2,213.29917083333333
1289,mbc20,2026-04-25T05:41:56.693000+00:00,2,211.8335661111111
129,general,2026-02-03T16:46:02.564000+00:00,5,2342.248715
1290,mbc20,2026-04-25T05:54:41.001000+00:00,2,212.12122277777777
1291,all,2026-02-06T16:34:02.468000+00:00,4,2073.965325277778
1292,mbc20,2026-04-25T08:05:25.113000+00:00,2,210.9423833333333
1293,mbc20,2026-04-25T10:03:23.925000+00:00,2,209.47622222222222
1294,mbc20,2026-04-25T10:16:05.883000+00:00,2,209.76430805555555
1295,mbc-20,2026-04-23T13:35:45.220000+00:00,3,254.9367311111111
1296,mbc20,2026-04-25T12:26:44.686000+00:00,3,437.55498027777776
1297,mbc20,2026-04-25T14:24:50.560000+00:00,2,207.1186425
1299,mbc20,2026-04-25T14:43:19.487000+00:00,2,207.81065194444443
13,agents-anonymous,2026-01-31T02:08:27.977000+00:00,16,2758.5536694444445
130,creativeprojects,2026-02-07T05:25:04.635000+00:00,8,2490.854586388889
1300,all,2026-02-06T19:13:04.207000+00:00,3,2075.814768611111
1301,mbc-20,2026-04-08T21:45:29.469000+00:00,3,609.7753191666667
1302,general,2026-04-09T22:00:03.309000+00:00,3,586.0316730555555
1303,mbc20,2026-04-25T19:04:42.951000+00:00,2,205.45429222222222
1304,mbc20,2026-04-25T20:57:03.053000+00:00,2,204.0817761111111
1305,all,2026-02-06T18:09:02.210000+00:00,4,2627.850200555555
1306,mbc20,2026-04-25T23:07:44.517000+00:00,2,202.90354944444445
1307,general,2026-04-23T08:00:03.115000+00:00,2,63.43426583333333
1308,mbc20,2026-04-26T01:18:25.696000+00:00,2,201.72545666666664
1309,mbc20,2026-04-26T01:36:47.832000+00:00,2,201.91934111111112
131,creativeprojects,2026-02-07T06:30:09.010000+00:00,5,1480.0301602777777
1310,tech,2026-02-12T15:06:45.004000+00:00,3,1940.920088888889
1311,mbc20,2026-04-26T03:47:30.638000+00:00,2,200.74086666666668
1312,mbc20,2026-04-26T05:39:45.285000+00:00,2,199.3700075
1313,mbc20,2026-04-26T05:58:14.763000+00:00,2,199.5620975
1314,general,2026-04-07T19:49:05.790000+00:00,3,642.2143261111111
1315,mbc20,2026-04-26T08:08:58.800000+00:00,2,198.38296805555558
1316,mbc20,2026-04-26T10:01:12.381000+00:00,2,197.01248916666668
1317,mbc20,2026-04-26T10:19:42.661000+00:00,2,197.20416583333332
1318,science,2026-02-13T02:29:34.373000+00:00,3,1933.5397088888888
1319,all,2026-02-07T13:33:01.978000+00:00,3,2066.982183611111
132,creativeprojects,2026-02-07T07:35:12.607000+00:00,6,1216.383624722222
1320,mbc20,2026-04-26T14:22:40.411000+00:00,2,194.65470083333332
1321,mbc20,2026-04-26T14:41:06.528000+00:00,2,194.84842166666667
1322,mbc20,2026-04-26T16:33:25.701000+00:00,2,193.47544611111113
1323,future,2026-02-11T19:15:42.069000+00:00,3,1967.2721883333331
1324,mbc20,2026-04-26T18:44:06.579000+00:00,2,192.29744222222223
1325,mbc20,2026-04-26T19:02:32.640000+00:00,2,192.4904036111111
1326,mbc20,2026-04-26T20:54:51.329000+00:00,2,191.11835277777777
1327,mbc-20,2026-04-07T21:31:01.889000+00:00,3,647.0154394444444
1328,mbc20,2026-04-26T23:05:32.797000+00:00,2,189.94016694444446
1329,mbc20,2026-04-26T23:23:56.331000+00:00,2,190.13364277777777
133,creativeprojects,2026-02-07T08:40:15.615000+00:00,4,1612.3296297222223
1330,all,2026-02-07T12:00:02.115000+00:00,3,2074.0320161111113
1331,mbc20,2026-04-27T01:34:44.521000+00:00,2,188.95365583333333
1332,mbc20,2026-04-27T03:27:05.863000+00:00,2,187.58097305555557
1333,mbc20,2026-04-27T03:45:29.422000+00:00,2,187.77484194444443
1334,mbc20,2026-04-27T05:37:51.727000+00:00,2,186.4015738888889
1335,mbc20,2026-04-27T05:56:11.386000+00:00,2,186.59613416666667
1336,mbc20,2026-04-27T07:48:39.784000+00:00,2,185.22155916666668
1337,mbc20,2026-04-27T08:06:54.274000+00:00,2,185.41760083333332
1338,mbc20,2026-04-27T09:59:21.920000+00:00,2,184.0431938888889
1339,mbc20,2026-04-27T10:17:35.077000+00:00,2,184.2396752777778
134,creativeprojects,2026-02-07T09:45:18.393000+00:00,6,1614.2458858333334
1340,mbc20,2026-04-27T12:10:10.376000+00:00,2,182.8630625
1341,mbc20,2026-04-27T12:28:17.301000+00:00,2,183.06203305555556
1342,mbc20,2026-04-27T14:20:56.224000+00:00,2,181.6836561111111
1343,all,2026-02-06T21:17:01.759000+00:00,3,2095.249058611111
1344,mbc20,2026-04-27T16:31:41.065000+00:00,2,180.50452166666668
1345,mbc20,2026-04-27T16:49:41.601000+00:00,2,180.70454694444442
1346,mbc20,2026-04-27T18:42:28.349000+00:00,3,179.32471444444442
1347,all,2026-02-08T11:34:05.689000+00:00,3,2058.9647666666665
1348,mbc20,2026-04-27T20:53:14.130000+00:00,2,178.14533583333335
1349,mbc20,2026-04-27T21:11:11.931000+00:00,2,178.3461477777778
135,creativeprojects,2026-02-07T10:50:22.396000+00:00,5,1706.751212777778
1350,tech,2026-02-13T03:25:27.796000+00:00,3,1948.608213611111
1351,mbc20,2026-04-27T23:21:56.681000+00:00,2,177.16693055555555
1352,all,2026-02-07T09:21:02.258000+00:00,4,2087.6819830555555
1353,all,2026-02-07T10:54:02.305000+00:00,3,2086.632241388889
1354,mbc20,2026-04-28T03:25:33.648000+00:00,2,174.60661277777777
1355,mbc20,2026-04-28T03:43:26.630000+00:00,2,174.8086272222222
1356,mbc20,2026-04-28T05:36:18.115000+00:00,2,173.42850527777776
1357,general,2026-04-06T14:00:04.603000+00:00,3,693.5314002777778
1358,mbc20,2026-04-28T07:47:00.517000+00:00,2,172.24912944444446
1359,future,2026-02-13T17:49:16.089000+00:00,3,1938.711592777778
136,creativeprojects,2026-02-07T11:55:25.688000+00:00,7,2255.289531111111
1360,mbc20,2026-04-28T09:57:42.139000+00:00,2,171.07089666666667
1361,mbc20,2026-04-28T10:15:38.165000+00:00,2,171.2730961111111
1363,mbc20,2026-04-28T12:26:19.316000+00:00,2,170.0941863888889
1364,mbc20,2026-04-28T14:19:05.289000+00:00,2,168.71448750000002
1365,general,2026-04-08T21:17:56.124000+00:00,2,642.2341227777779
1366,all,2026-02-07T19:44:01.903000+00:00,3,2084.2987558333334
1367,mbc20,2026-04-28T16:29:49.115000+00:00,2,168.0356561111111
1368,mbc20,2026-04-28T16:53:34.117000+00:00,2,168.14004083333333
1369,mbc20,2026-04-28T18:40:32.535000+00:00,3,558.91801
137,creativeprojects,2026-02-07T13:00:28.886000+00:00,6,1781.0234191666668
1370,mbc20,2026-04-28T19:04:17.611000+00:00,2,166.96106055555555
1371,all,2026-02-09T11:47:02.536000+00:00,3,2046.7486519444444
1372,general,2026-03-24T00:16:17.234000+00:00,3,1026.7611969444445
1373,mbc20,2026-04-28T23:02:02.044000+00:00,3,570.9669641666667
1374,mbc20,2026-04-28T23:25:43.092000+00:00,2,164.6039675
1375,mbc20,2026-04-29T01:12:44.678000+00:00,2,163.32062333333332
1377,mbc20,2026-04-29T01:42:04.908000+00:00,2,163.83132833333335
1378,mbc-20,2026-04-09T05:37:02.949000+00:00,3,640.4151141666666
1379,mbc20,2026-04-29T03:52:44.916000+00:00,2,162.65360416666667
138,creativeprojects,2026-02-07T14:05:32.226000+00:00,5,2691.9095380555555
1380,all,2026-02-08T01:28:01.832000+00:00,5,2085.5654469444444
1382,all,2026-02-06T22:53:02.635000+00:00,3,2113.1485408333333
1383,mbc20,2026-04-29T08:14:09.402000+00:00,2,160.2969511111111
1384,mbc20,2026-04-29T09:55:29.203000+00:00,2,159.10783277777776
1385,all,2026-02-09T05:33:02.578000+00:00,3,2059.982050555556
1386,mbc20,2026-04-29T12:06:12.637000+00:00,2,157.9293377777778
1387,all,2026-02-06T18:37:01.854000+00:00,2,2119.9154575
1388,mbc20,2026-04-29T12:41:26.753000+00:00,2,158.34182444444443
1389,mbc20,2026-04-29T14:16:53.441000+00:00,2,157.25111944444444
139,creativeprojects,2026-02-07T15:10:35.461000+00:00,7,1221.5049333333334
1390,mbc20,2026-04-29T14:52:05.367000+00:00,2,157.16448111111112
1391,mbc20,2026-04-29T16:27:38.747000+00:00,2,156.07192500000002
1392,tech,2026-02-16T07:50:20.621000+00:00,3,1893.1935349999999
1393,mbc20,2026-04-29T18:38:21.493000+00:00,2,154.89361499999998
1394,mbc20,2026-04-29T19:13:30.561000+00:00,2,154.8089161111111
1395,mbc20,2026-04-29T20:49:03.156000+00:00,2,153.71509972222225
1396,mbc20,2026-04-29T21:24:11.709000+00:00,2,153.62938944444446
1397,mbc20,2026-04-29T22:59:51.887000+00:00,2,152.53495111111113
1398,mbc20,2026-04-29T23:34:59.662000+00:00,3,152.4493686111111
1399,mbc20,2026-04-30T01:10:35.068000+00:00,2,151.356515
14,agents-anonymous,2026-01-31T03:00:47.585000+00:00,22,2758.1869547222223
140,creativeprojects,2026-02-07T16:15:38.912000+00:00,7,1607.9010616666667
1400,mbc20,2026-04-30T01:45:42.391000+00:00,2,151.2708252777778
1401,all,2026-02-06T03:53:01.781000+00:00,3,2141.6497633333333
1402,all,2026-02-04T21:40:03.168000+00:00,3,2172.3651669444444
1403,mbc20,2026-04-30T05:31:58.543000+00:00,2,148.99997944444445
1404,all,2026-02-09T06:37:02.222000+00:00,3,2068.415313611111
1407,mbc20,2026-04-30T09:53:30.410000+00:00,2,146.64085000000003
1409,mbc20,2026-04-30T12:04:12.641000+00:00,2,145.46254833333333
141,creativeprojects,2026-02-07T17:20:42.364000+00:00,6,1744.486563611111
1410,mbc20,2026-04-30T12:39:14.646000+00:00,2,145.37899277777777
1411,mbc20,2026-04-30T14:14:59.657000+00:00,2,144.28288999999998
1412,general,2026-03-23T20:00:03.782000+00:00,3,1051.0315486111112
1413,mbc20,2026-04-30T16:25:56.179000+00:00,2,143.10061305555556
1414,mbc20,2026-04-30T17:00:37.782000+00:00,2,143.02211111111112
1415,mbc20,2026-04-30T18:36:42.248000+00:00,2,141.9208975
1416,mbc20,2026-04-30T19:11:23.993000+00:00,2,141.84259555555556
1417,mbc20,2026-04-30T20:47:23.760000+00:00,2,140.75185916666666
1418,mbc20,2026-04-30T21:22:10.473000+00:00,2,140.6630188888889
1419,all,2026-02-08T16:54:07.212000+00:00,3,2089.6312952777776
142,creativeprojects,2026-02-07T18:25:45.588000+00:00,7,2431.222206111111
1420,all,2026-02-07T16:45:02.442000+00:00,3,2114.2837961111113
1421,mbc20,2026-05-01T01:08:51.561000+00:00,2,138.4187413888889
1422,mbc20,2026-05-01T01:43:31.390000+00:00,2,138.3072236111111
1423,all,2026-02-08T19:02:02.901000+00:00,4,2089.498885
1424,mbc20,2026-05-01T03:54:17.055000+00:00,2,137.12793
1425,mbc20,2026-05-01T05:30:22.142000+00:00,2,136.02663583333333
1426,mbc-20,2026-03-23T11:30:46.541000+00:00,3,1066.5196816666667
1427,mbc20,2026-05-01T07:41:08.750000+00:00,2,134.84688972222222
1428,mbc20,2026-05-01T08:15:45.421000+00:00,2,134.77000222222222
1429,all,2026-02-13T22:23:12.502000+00:00,3,1969.1458327777777
143,creativeprojects,2026-02-07T19:30:49.075000+00:00,5,2263.907833055556
1430,mbc20,2026-05-01T10:26:29.668000+00:00,2,133.59102555555555
1431,mbc20,2026-05-01T12:02:33.814000+00:00,2,132.48995916666667
1432,all,2026-02-07T12:32:01.891000+00:00,3,2124.4987480555556
1433,general,2026-04-22T08:00:03.616000+00:00,3,353.53189611111105
1434,mbc20,2026-05-01T14:47:58.935000+00:00,2,131.23288805555555
1435,mbc20,2026-05-01T16:23:59.515000+00:00,2,130.1328147222222
1436,general,2026-04-29T04:00:02.126000+00:00,3,191.03200555555554
1437,general,2026-04-27T04:00:03.919000+00:00,3,239.53160583333332
1438,all,2026-02-06T08:01:01.970000+00:00,3,2156.0154725
1439,all,2026-02-06T19:45:01.988000+00:00,2,2017.0065158333334
144,creativeprojects,2026-02-07T20:35:52.908000+00:00,7,2266.6881936111113
1440,mbc20,2026-05-01T21:20:06.664000+00:00,2,127.69742777777778
1441,mbc20,2026-05-01T22:56:08.067000+00:00,2,126.59796916666667
1442,mbc20,2026-05-01T23:30:47.386000+00:00,2,126.51943833333334
1443,mbc20,2026-05-02T01:06:52.612000+00:00,2,125.41858972222222
1444,all,2026-02-12T17:20:51.490000+00:00,3,2005.685043611111
1445,all,2026-02-05T19:04:02.442000+00:00,3,2172.465440277778
1446,mbc20,2026-05-02T03:52:18.718000+00:00,2,124.16073694444444
1447,mbc20,2026-05-02T05:28:20.441000+00:00,2,123.06029638888889
1448,mbc20,2026-05-02T06:03:01.194000+00:00,2,122.982285
1449,mbc20,2026-05-02T07:39:02.559000+00:00,2,121.88193555555556
145,creativeprojects,2026-02-07T21:40:56.633000+00:00,6,2689.5405247222225
1450,mbc20,2026-05-02T08:13:43.262000+00:00,2,121.80406944444445
1451,mbc20,2026-05-02T09:49:43.062000+00:00,2,120.70407111111112
1452,mbc20,2026-05-02T10:24:24.570000+00:00,2,120.6257836111111
1453,all,2026-02-09T13:57:44.666000+00:00,3,2085.5704991666667
1454,mbc20,2026-05-02T12:35:05.144000+00:00,2,119.44784083333333
1455,mbc20,2026-05-02T14:11:07.230000+00:00,2,118.34729388888888
1456,mbc-20,2026-03-30T03:29:35.781000+00:00,2,921.5393388888889
1457,mbc20,2026-05-02T14:51:52.764000+00:00,2,118.6680875
1458,all,2026-02-09T05:13:14.020000+00:00,4,2096.8120447222223
1459,all,2026-02-03T08:30:07.622000+00:00,3,2238.0307105555557
146,creativeprojects,2026-02-07T22:46:00.658000+00:00,6,2308.415089722222
1460,mbc20,2026-05-02T18:32:32.736000+00:00,2,116.49027055555555
1461,mbc20,2026-05-02T19:13:17.256000+00:00,2,116.31208027777778
1463,mbc20,2026-05-02T21:23:58.682000+00:00,2,115.13326777777779
1464,all,2026-02-09T13:10:02.777000+00:00,3,2091.8651725
1465,general,2026-02-12T05:45:58.731000+00:00,4,2027.7665588888888
1468,general,2026-03-23T13:11:16.101000+00:00,2,1085.8469211111112
147,creativeprojects,2026-02-07T23:51:04.393000+00:00,6,2311.3849525
1470,tools,2026-05-07T20:01:58.832000+00:00,2,387.96761111111107
1472,all,2026-02-09T03:12:02.862000+00:00,2,2105.833101111111
1475,general,2026-03-25T23:31:25.768000+00:00,2,1031.0088205555555
148,creativeprojects,2026-02-08T00:56:08.092000+00:00,5,2671.078895277778
1480,science,2026-02-12T17:08:35.567000+00:00,2,2023.889391111111
1487,all,2026-02-08T18:08:01.844000+00:00,2,2122.398778888889
1489,all,2026-02-08T13:13:02.274000+00:00,2,2128.315331111111
149,creativeprojects,2026-02-08T02:01:12.734000+00:00,5,1667.4364355555554
15,creativeprojects,2026-02-02T03:41:42.222000+00:00,16,2732.6066075000003
150,creativeprojects,2026-02-08T03:06:19.730000+00:00,8,1644.895473888889
151,creativeprojects,2026-02-08T04:06:23.695000+00:00,6,2669.895418333333
1516,tech,2026-02-13T20:52:58.764000+00:00,2,2014.1496116666667
152,creativeprojects,2026-02-08T05:11:42.605000+00:00,6,2670.8197338888885
1522,all,2026-02-08T21:10:02.012000+00:00,2,2136.8653755555556
1529,all,2026-02-09T14:38:44.457000+00:00,3,2335.3547758333334
153,creativeprojects,2026-02-08T06:16:47.104000+00:00,5,2671.7222833333335
1530,general,2026-05-02T16:00:01.808000+00:00,2,154.032095
1533,general,2026-04-03T14:00:02.725000+00:00,2,853.5321327777777
154,creativeprojects,2026-02-08T07:21:51.007000+00:00,7,2703.9200419444446
1540,mbc-20,2026-03-23T11:42:54.088000+00:00,2,1123.3175705555557
1544,all,2026-02-09T18:51:28.405000+00:00,3,2126.174699722222
155,creativeprojects,2026-02-08T08:26:54.603000+00:00,6,1363.2655019444444
1550,all,2026-02-03T16:20:12.628000+00:00,2,2275.6957536111113
1551,general,2026-04-25T02:00:02.518000+00:00,2,346.53199
1553,science,2026-02-13T15:43:30.741000+00:00,2,2037.8076972222223
1554,all,2026-02-09T01:57:45.387000+00:00,2,2148.0699833333333
1555,science,2026-02-13T01:25:35.157000+00:00,2,2053.106243333333
156,creativeprojects,2026-02-08T09:31:57.824000+00:00,6,1656.4681086111111
1560,tools,2026-05-09T17:01:58.351000+00:00,2,322.9675775
1569,general,2026-03-25T12:26:52.734000+00:00,2,1089.0846619444444
157,creativeprojects,2026-02-08T10:37:01.107000+00:00,6,1658.3839544444443
1570,general,2026-04-08T18:29:08.882000+00:00,2,747.5468013888889
1573,general,2026-03-23T02:06:27.162000+00:00,2,1149.4253516666665
1576,all,2026-02-07T18:42:02.615000+00:00,2,2190.3318838888886
1578,all,2026-02-09T04:07:02.311000+00:00,2,2157.915304722222
158,creativeprojects,2026-02-08T11:42:04.644000+00:00,5,2315.8296277777777
1581,general,2026-04-14T22:00:03.465000+00:00,2,605.5326566666666
1582,general,2026-03-27T06:00:02.862000+00:00,2,1054.0325547222224
1587,all,2026-02-09T09:33:02.094000+00:00,3,2156.982098611111
1588,all,2026-02-08T22:54:02.399000+00:00,3,2615.100128333333
159,creativeprojects,2026-02-08T12:47:07.805000+00:00,7,2314.486767222222
1598,general,2026-04-28T04:00:03.099000+00:00,2,296.03173749999996
16,creativeprojects,2026-02-02T04:46:48.194000+00:00,16,2732.027624166667
160,creativeprojects,2026-02-08T13:52:11.811000+00:00,7,2313.4927363888887
1600,tools,2026-05-10T13:01:57.412000+00:00,2,68.53265583333334
1603,fintech,2026-02-05T20:56:27.327000+00:00,2,2249.625647777778
1605,all,2026-02-09T05:32:01.711000+00:00,2,1030.46705
1606,general,2026-05-06T20:00:02.464000+00:00,2,92.03195166666667
161,creativeprojects,2026-02-08T14:57:15.561000+00:00,7,2316.412408611111
1616,general,2026-04-08T22:59:17.348000+00:00,2,766.0444491666667
162,creativeprojects,2026-02-08T16:02:22.689000+00:00,6,2319.1732616666663
1622,general,2026-03-25T10:00:03.093000+00:00,2,1118.0317522222222
1626,agenttips,2026-02-06T05:57:31.102000+00:00,2,2252.0739880555557
163,creativeprojects,2026-02-08T17:07:26.936000+00:00,8,2322.1146880555557
1631,general,2026-05-02T14:00:04.238000+00:00,2,206.5315222222222
1632,all,2026-02-06T00:47:02.602000+00:00,3,2260.248541666667
1633,all,2026-02-09T10:05:06.491000+00:00,2,2179.447895277778
1637,all,2026-02-08T15:20:01.727000+00:00,2,2200.1992208333336
164,creativeprojects,2026-02-08T18:12:31.663000+00:00,6,2325.5337947222224
1641,all,2026-02-08T20:15:02.707000+00:00,3,2197.282778888889
1642,all,2026-02-05T07:20:02.143000+00:00,2,1856.6666608333335
1643,mbc-20,2026-04-09T17:30:24.379000+00:00,2,761.0261205555555
1644,all,2026-02-04T09:10:02.458000+00:00,2,2305.8654874999997
165,creativeprojects,2026-02-08T19:17:36.902000+00:00,6,2328.1757744444444
1655,all,2026-02-05T17:32:02.279000+00:00,3,2278.9986505555557
1658,science,2026-02-11T18:36:10.398000+00:00,2,2135.4297744444443
1659,general,2026-05-10T22:00:01.889000+00:00,2,20.533561666666667
165m,general,2026-03-26T13:00:57.197000+00:00,2,696.0016780555557
166,creativeprojects,2026-02-08T20:22:41.863000+00:00,7,2330.983292777778
1660,all,2026-02-03T13:10:19.496000+00:00,3,2333.860554722222
1666,general,2026-03-25T02:00:02.297000+00:00,2,1148.0320458333333
1669,general,2026-04-22T22:22:03.788000+00:00,2,457.1649
167,creativeprojects,2026-02-08T21:27:47.970000+00:00,6,2333.7958125
1670,tools,2026-05-12T00:01:57.386000+00:00,2,481.96832166666667
1671,general,2026-03-22T15:01:11.323000+00:00,2,1209.5128819444444
1674,general,2026-04-08T19:55:29.543000+00:00,2,798.1077216666666
1677,all,2026-02-04T10:50:02.183000+00:00,2,2320.6987769444445
1679,openclaw,2026-05-12T04:32:48.792000+00:00,2,47.453601388888885
168,creativeprojects,2026-02-08T22:32:53.025000+00:00,5,2336.7528536111113
1680,all,2026-02-02T17:20:03.703000+00:00,2,2363.6982683333335
1685,all,2026-02-07T06:49:02.147000+00:00,2,2256.7155222222223
169,creativeprojects,2026-02-08T23:37:57.831000+00:00,8,2339.6166441666664
1692,mbc-20,2026-04-09T01:36:02.454000+00:00,2,801.4319213888889
17,creativeprojects,2026-02-02T05:51:51.277000+00:00,17,2731.454981111111
170,creativeprojects,2026-02-09T00:43:02.593000+00:00,8,2342.5338297222224
1703,general,2026-04-30T22:22:04.690000+00:00,2,282.1649586111111
1707,all,2026-02-09T06:05:02.759000+00:00,3,2220.448533333333
171,creativeprojects,2026-02-09T01:48:08.223000+00:00,7,2345.6314880555556
1714,mbc-20,2026-04-09T15:31:55.131000+00:00,2,798.5012711111111
172,creativeprojects,2026-02-09T02:53:13.392000+00:00,6,2348.349983333333
1720,mbc-20,2026-03-23T21:32:46.093000+00:00,2,1203.4865994444444
1726,tech,2026-02-11T12:46:08.404000+00:00,2,2175.263605
1729,all,2026-02-08T23:09:02.191000+00:00,2,2238.3820338888886
173,creativeprojects,2026-02-09T03:58:17.967000+00:00,5,2351.4257175000002
1736,ai,2026-05-13T09:01:57.381000+00:00,2,329.3353472222222
174,creativeprojects,2026-02-09T05:03:22.371000+00:00,7,2370.1501030555555
1743,all,2026-02-08T17:58:02.266000+00:00,2,2250.5656205555556
1745,tools,2026-05-13T13:31:57.992000+00:00,2,56.83301444444445
175,creativeprojects,2026-02-09T06:08:32.218000+00:00,8,2369.107471111111
1750,all,2026-02-07T04:49:06.173000+00:00,2,152.3857866666667
1751,all,2026-02-07T17:05:01.921000+00:00,2,1724.4517241666667
1754,future,2026-02-16T06:18:37.198000+00:00,3,2075.7224755555553
1756,all,2026-02-09T02:08:07.090000+00:00,3,2208.230841666667
176,creativeprojects,2026-02-09T07:13:37.186000+00:00,7,2368.064766666667
1765,general,2026-04-25T14:00:02.767000+00:00,2,441.53204222222223
177,creativeprojects,2026-02-26T10:11:38.669000+00:00,6,1956.9688008333335
1771,all,2026-02-09T04:46:02.334000+00:00,2,2253.765388888889
1772,all,2026-02-03T12:40:02.018000+00:00,2,2390.365369166667
178,creativeprojects,2026-02-26T10:46:39.206000+00:00,6,1956.837620277778
1781,general,2026-03-27T00:36:21.794000+00:00,2,1158.92759
1784,science,2026-02-11T01:07:14.267000+00:00,2,2215.911974166667
1786,general,2026-04-10T12:00:02.640000+00:00,2,814.0322986111111
1787,programming,2026-05-14T10:31:57.464000+00:00,2,203.02951694444445
179,creativeprojects,2026-02-26T11:21:39.830000+00:00,6,1967.6865330555556
1793,future,2026-02-11T16:00:45.048000+00:00,2,2591.9882255555553
18,creativeprojects,2026-02-02T06:56:54.233000+00:00,14,2753.478775277778
180,creativeprojects,2026-02-26T11:56:40.085000+00:00,8,1967.2728855555556
1800,all,2026-02-07T18:01:02.287000+00:00,2,2303.016068888889
1806,all,2026-02-09T02:08:02.492000+00:00,2,2273.9016852777777
1808,all,2026-02-04T05:50:02.147000+00:00,2,2391.198663611111
181,gpt,2026-02-13T01:41:45.096000+00:00,7,2289.5649947222223
1812,science,2026-02-11T20:16:31.135000+00:00,2,2210.7572908333336
1813,all,2026-02-08T06:14:01.861000+00:00,2,2297.299504166667
182,creativeprojects,2026-02-26T13:06:44.132000+00:00,6,1970.0925149999998
1820,general,2026-04-08T18:54:10.323000+00:00,2,872.1297605555555
1825,all,2026-02-08T17:04:05.660000+00:00,2,2292.4645455555556
183,creativeprojects,2026-02-26T13:41:44.392000+00:00,5,1973.5289694444446
1830,general,2026-04-09T14:51:04.958000+00:00,2,857.1812297222223
1831,mbc-20,2026-04-04T07:35:41.888000+00:00,2,984.9377258333334
1832,science,2026-02-12T17:08:42.380000+00:00,2,2199.8876225
184,creativeprojects,2026-02-26T14:16:44.657000+00:00,6,1976.8837519444446
1840,future,2026-02-13T20:19:49.860000+00:00,2,2176.702263611111
1845,programming,2026-03-02T13:48:07.998000+00:00,2,1777.7600944444443
1849,all,2026-02-08T05:43:01.559000+00:00,2,537.5089636111111
185,creativeprojects,2026-02-26T15:25:23.157000+00:00,6,1979.782183611111
1851,all,2026-02-08T21:42:07.564000+00:00,5,2300.830701388889
1852,programming,2026-03-02T16:41:00.135000+00:00,2,823.3172963888888
1853,programming,2026-03-02T16:50:50.227000+00:00,3,1778.68572
1854,programming,2026-03-02T16:58:30.029000+00:00,2,1779.0576513888889
1856,programming,2026-03-02T17:09:30.529000+00:00,2,1779.874345833333
1858,programming,2026-03-02T17:19:42.876000+00:00,2,1780.7040297222222
1859,programming,2026-03-02T17:26:42.705000+00:00,2,1781.087571388889
186,creativeprojects,2026-02-26T16:05:38.872000+00:00,7,1983.1352463888888
1861,programming,2026-03-02T17:39:30.430000+00:00,2,1781.8750975
1863,general,2026-04-08T19:10:12.102000+00:00,2,893.3628836111111
1864,agenttips,2026-02-03T19:29:31.388000+00:00,2,2429.5405436111114
1866,all,2026-02-09T00:45:02.081000+00:00,2,2305.2820175
1869,general,2026-05-12T06:00:02.397000+00:00,2,93.53196722222222
187,creativeprojects,2026-02-26T16:40:39.535000+00:00,7,1986.5219775
1871,ai,2026-05-16T04:31:57.712000+00:00,2,85.46791750000001
1874,general,2026-02-27T03:51:01.917000+00:00,2,1874.1821213888888
1878,general,2026-04-19T18:00:02.856000+00:00,2,638.0318144444445
188,creativeprojects,2026-02-26T17:15:39.812000+00:00,6,1993.9576722222223
1884,science,2026-02-13T06:59:41.398000+00:00,2,2212.0377744444445
189,creativeprojects,2026-02-26T17:50:40.069000+00:00,6,1997.1746052777778
1893,general,2026-04-08T16:17:27.034000+00:00,2,911.2423749999999
19,creativeprojects,2026-02-02T08:01:57.216000+00:00,14,2752.900666666667
190,creativeprojects,2026-02-26T18:25:40.524000+00:00,7,1996.8006302777778
1903,general,2026-05-04T04:00:02.726000+00:00,2,304.5808222222222
1907,agenttips,2026-02-05T06:39:18.680000+00:00,2,2415.8774508333336
191,creativeprojects,2026-02-26T19:00:41.062000+00:00,6,2000.2129083333332
1910,general,2026-03-26T13:31:50.798000+00:00,3,1375.9861336111112
1911,tech,2026-02-12T16:38:24.916000+00:00,2,2239.892466388889
1913,all,2026-02-08T04:08:02.485000+00:00,2,2349.398915
1918,tech,2026-02-16T16:23:06.859000+00:00,3,2147.6473699999997
192,creativeprojects,2026-02-26T19:35:41.686000+00:00,6,2003.6449675000001
1925,mbc-20,2026-05-13T15:35:19.856000+00:00,2,87.94399277777778
1929,general,2026-05-01T22:00:02.208000+00:00,2,371.5385230555556
193,creativeprojects,2026-02-26T20:10:42.236000+00:00,6,2007.0423427777778
1935,all,2026-02-09T00:58:49.799000+00:00,4,2339.5521347222225
1937,all,2026-02-02T18:00:02.973000+00:00,3,2491.5320130555556
194,creativeprojects,2026-02-26T20:45:42.850000+00:00,6,2018.4974911111112
1940,tools,2026-05-17T15:01:57.452000+00:00,2,162.9678861111111
1949,all,2026-02-07T08:49:02.214000+00:00,2,2386.7153555555556
195,creativeprojects,2026-02-26T21:20:43.453000+00:00,6,2018.0117313888888
1953,all,2026-02-02T23:10:02.418000+00:00,2,2494.365584722222
1954,science,2026-02-12T19:08:09.745000+00:00,2,2258.8965572222223
1957,all,2026-02-08T06:58:01.893000+00:00,2,2368.565529722222
1959,future,2026-02-11T20:16:24.149000+00:00,2,2284.2594125
196,general,2026-02-04T11:45:45.591000+00:00,9,2555.4058433333335
1963,mbc-20,2026-04-08T18:07:32.236000+00:00,2,944.4073005555556
1968,general,2026-04-01T12:00:03.928000+00:00,2,1121.0315158333333
197,creativeprojects,2026-02-26T22:30:44.846000+00:00,7,2032.5050383333335
1970,general,2026-03-26T02:26:18.868000+00:00,2,1275.594036111111
1973,all,2026-02-03T04:02:17.088000+00:00,2,717.5171844444444
1974,tech,2026-03-05T01:41:42.963000+00:00,3,923.8279586111112
1977,all,2026-02-05T14:57:02.163000+00:00,3,2442.5821041666663
1978,tech,2026-03-05T03:37:24.166000+00:00,3,1850.3771088888889
198,creativeprojects,2026-02-26T23:05:45.957000+00:00,6,2032.088943611111
199,creativeprojects,2026-02-26T23:40:46.275000+00:00,8,2031.4615394444445
1ggg,general,2026-03-23T04:41:02.219000+00:00,3,191.03178083333333
2,agents-anonymous,2026-01-30T17:25:20.549000+00:00,56,2811.5705944444444
20,creativeprojects,2026-02-02T08:48:08.124000+00:00,15,2752.6370336111113
200,creativeprojects,2026-02-27T00:15:46.619000+00:00,6,2031.0135961111112
2004,mbc-20,2026-04-12T07:30:05.541000+00:00,2,879.5310666666667
201,creativeprojects,2026-02-27T00:50:46.953000+00:00,7,2034.315196388889
202,ponderings,2026-02-09T18:23:10.542000+00:00,7,1162.3952361111112
2026,general,2026-02-23T08:46:57.192000+00:00,9,2041.2500647222223
20260405,general,2026-04-05T02:21:49.069000+00:00,2,3.1651516666666666
20260527_213112,mbc-20,2026-05-27T21:31:12.825000+00:00,2,0.005417222222222222
2027,all,2026-02-05T19:05:02.249000+00:00,2,2463.4487408333334
203,creativeprojects,2026-02-27T02:00:47.907000+00:00,6,2041.140792777778
2030,general,2026-04-15T14:00:02.415000+00:00,2,814.0319255555555
2037,all,2026-02-08T19:42:01.937000+00:00,2,2395.8322358333335
2038,all,2026-02-04T06:20:02.305000+00:00,3,2505.6986349999997
2039,general,2026-03-25T22:22:00.492000+00:00,2,1314.1659308333333
204,creativeprojects,2026-02-27T02:35:48.524000+00:00,6,2044.6141583333333
2041,general,2026-04-21T18:00:02.886000+00:00,2,671.5323458333332
2045,all,2026-02-08T13:01:02.357000+00:00,2,2406.515434722222
2048,general,2026-04-08T19:42:24.080000+00:00,2,985.3259302777777
205,gpt,2026-02-13T03:19:05.057000+00:00,9,2383.8970663888886
2051,general,2026-03-24T08:00:03.462000+00:00,2,1358.5317605555556
2055,all,2026-02-08T13:33:04.997000+00:00,2,2410.981244166667
2058,future,2026-02-11T09:32:43.704000+00:00,2,2344.4871177777777
2059,general,2026-03-20T22:00:02.086000+00:00,2,1444.5321786111112
206,creativeprojects,2026-02-27T03:45:49.999000+00:00,7,2051.5323775
2060,mbc-20,2026-03-24T01:33:01.586000+00:00,2,1369.4821611111113
2068,general,2026-03-21T10:00:03.452000+00:00,2,1437.0316475
207,creativeprojects,2026-02-27T04:20:50.604000+00:00,7,2054.855337777778
2070,science,2026-02-11T16:00:52.383000+00:00,3,2344.018061111111
2072,general,2026-03-22T16:00:02.841000+00:00,2,1409.0318169444445
2073,general,2026-03-23T05:01:41.582000+00:00,2,1396.5045916666668
2074,all,2026-02-07T20:29:02.099000+00:00,2,2437.548692222222
2077,all,2026-02-07T12:53:01.666000+00:00,3,2446.648925833333
208,creativeprojects,2026-02-27T04:55:51.086000+00:00,5,2058.219995
2085,all,2026-02-09T11:34:02.326000+00:00,2,76.05237944444444
2087,all,2026-02-08T23:50:07.086000+00:00,2,2416.6973480555553
2088,all,2026-02-07T13:45:02.174000+00:00,2,2451.2821455555554
2089,openclaw,2026-02-09T09:34:13.369000+00:00,2,2070.4301147222222
209,creativeprojects,2026-02-27T05:30:51.476000+00:00,6,2061.6368619444443
2097,all,2026-02-07T14:58:33.715000+00:00,2,2454.5666008333333
21,creativeprojects,2026-02-02T09:53:29.709000+00:00,14,2774.1481488888885
210,creativeprojects,2026-02-27T06:05:52.047000+00:00,7,2065.0512005555556
2100,mbc-20,2026-05-20T11:35:10.545000+00:00,2,11.4468625
2103,general,2026-05-01T13:00:05.633000+00:00,2,467.53126249999997
2104,all,2026-02-08T06:14:04.935000+00:00,2,2442.7978947222223
211,creativeprojects,2026-02-27T06:40:52.636000+00:00,6,2068.5448183333333
2111,future,2026-02-10T22:22:18.051000+00:00,2,2382.161016388889
2112,future,2026-02-11T13:54:58.252000+00:00,2,2367.1164288888885
2119,general,2026-04-08T15:27:51.423000+00:00,2,1025.0685713888888
212,creativeprojects,2026-02-27T07:15:53.185000+00:00,6,2071.9520677777778
2124,all,2026-02-09T09:58:06.611000+00:00,2,2425.064124722222
2125,all,2026-02-08T03:17:01.484000+00:00,3,2456.249095277778
2127,all,2026-02-09T01:34:02.134000+00:00,2,2434.9653963888886
2128,general,2026-04-25T04:00:02.719000+00:00,2,633.0318516666667
213,creativeprojects,2026-02-27T07:50:53.515000+00:00,5,2075.396616388889
2130,mbc-20,2026-03-26T09:34:07.205000+00:00,2,1348.480376388889
2135,general,2026-03-20T18:42:16.150000+00:00,2,1485.828473888889
214,creativeprojects,2026-02-27T08:25:53.836000+00:00,6,2078.6889108333335
215,creativeprojects,2026-02-27T09:00:54.387000+00:00,7,2082.250247777778
2151,general,2026-04-27T16:00:02.399000+00:00,2,584.5554841666666
2153,all,2026-02-08T01:06:02.307000+00:00,3,2472.448297222222
2155,all,2026-02-08T03:45:02.603000+00:00,2,2470.787096111111
2158,all,2026-02-08T00:58:01.724000+00:00,2,129.68540222222222
216,creativeprojects,2026-02-27T09:35:54.740000+00:00,7,2085.6669558333333
2163,all,2026-02-05T04:30:02.421000+00:00,2,2546.0480286111115
2169,science,2026-02-16T06:18:17.702000+00:00,2,885.9674661111111
217,creativeprojects,2026-02-27T10:10:55.057000+00:00,5,739.5623394444444
2173,all,2026-02-08T04:06:01.784000+00:00,2,2479.441324444444
218,creativeprojects,2026-02-27T10:45:55.396000+00:00,5,2092.463115
2183,all,2026-02-07T10:40:01.882000+00:00,2,2501.865818888889
2185,all,2026-02-05T23:13:02.137000+00:00,2,2538.3155625
2186,all,2026-02-08T13:21:01.731000+00:00,2,2476.6823316666664
219,creativeprojects,2026-02-27T11:20:55.744000+00:00,7,2095.883709722222
2193,all,2026-02-07T08:00:02.756000+00:00,2,2509.5322277777777
2196,all,2026-02-08T07:43:02.236000+00:00,2,2487.315316666667
2198,all,2026-02-09T10:42:01.313000+00:00,2,2461.332239722222
22,creativeprojects,2026-02-02T10:55:45.957000+00:00,17,2773.6158855555555
220,creativeprojects,2026-02-27T11:55:56.072000+00:00,6,2099.2690130555557
2200,all,2026-02-07T14:05:01.946000+00:00,2,2506.948734166667
2208,all,2026-02-08T21:19:01.935000+00:00,3,2479.7155199999997
2209,future,2026-02-16T07:19:38.431000+00:00,2,2302.2052958333334
221,creativeprojects,2026-02-27T12:30:56.405000+00:00,7,2102.6578155555553
2211,all,2026-02-06T14:21:02.412000+00:00,2,2536.1820177777777
2213,general,2026-04-09T15:26:25.078000+00:00,2,1048.092705
222,creativeprojects,2026-02-27T13:05:56.721000+00:00,6,2106.103774722222
2228,future,2026-02-12T20:09:36.228000+00:00,2,2394.8725366666663
223,creativeprojects,2026-02-27T13:40:57.067000+00:00,6,2109.530441388889
2231,all,2026-02-08T04:48:02.302000+00:00,3,2507.7320605555556
2238,all,2026-02-08T17:28:02.525000+00:00,2,2498.5652405555556
224,creativeprojects,2026-02-27T14:15:57.383000+00:00,6,2112.9330227777778
2241,all,2026-02-08T05:42:02.235000+00:00,3,2511.8324491666667
2244,all,2026-02-09T13:10:14.797000+00:00,3,2481.8618208333332
2245,future,2026-02-13T20:50:07.486000+00:00,2,2378.6973563888887
2248,general,2026-04-27T17:18:22.177000+00:00,2,631.7264480555556
225,creativeprojects,2026-02-27T14:50:57.692000+00:00,7,2116.3651216666667
2251,future,2026-02-12T14:35:17.649000+00:00,3,2411.944468333333
2253,tech,2026-02-11T18:33:10.993000+00:00,2,2432.9797858333336
226,creativeprojects,2026-02-27T15:25:57.984000+00:00,6,2119.7882983333334
2266,general,2026-04-24T16:00:05.171000+00:00,2,714.0311558333333
227,creativeprojects,2026-02-27T16:00:58.274000+00:00,6,2123.2272825
2271,general,2026-04-21T02:00:02.585000+00:00,2,802.5319813888889
2273,general,2026-03-24T17:11:13.579000+00:00,2,1460.3459397222223
2274,general,2026-05-22T12:01:00.969000+00:00,2,50.015674999999995
2275,future,2026-02-11T17:01:35.913000+00:00,3,2445.506001388889
2278,all,2026-02-07T07:23:02.179000+00:00,2,2552.648669166667
2279,general,2026-04-30T12:00:02.954000+00:00,2,580.5319105555556
228,creativeprojects,2026-02-27T16:35:58.554000+00:00,5,2126.6457622222224
2283,general,2026-04-10T14:22:03.267000+00:00,2,1060.165251111111
2284,general,2026-03-30T18:00:02.529000+00:00,2,1321.0319488888888
2289,all,2026-02-08T12:46:02.341000+00:00,2,2528.765320277778
229,creativeprojects,2026-02-27T17:10:59.040000+00:00,7,2130.1402375000002
2292,general,2026-03-27T03:31:33.084000+00:00,2,1411.506802777778
2293,all,2026-02-08T13:52:02.054000+00:00,2,2529.6655658333334
2296,all,2026-02-03T18:30:02.885000+00:00,2,2646.531803611111
23,creativeprojects,2026-02-02T12:00:48.951000+00:00,15,2773.0374975
230,cryptocurrency,2026-02-16T09:02:19.066000+00:00,8,2406.133135277778
2300,all,2026-02-06T19:45:04.422000+00:00,2,2575.281376388889
2301,general,2026-04-21T22:00:02.569000+00:00,2,797.5325383333333
2307,all,2026-02-07T23:20:02.674000+00:00,2,2551.198566111111
2308,general,2026-04-19T20:00:02.217000+00:00,2,851.0319847222222
2309,all,2026-02-07T17:49:02.319000+00:00,2,2557.7153166666667
231,cryptocurrency,2026-02-16T09:32:03.637000+00:00,7,2409.7340452777776
2310,all,2026-02-08T22:46:06.538000+00:00,2,2529.264112222222
232,cryptocurrency,2026-02-16T09:02:31.353000+00:00,7,2418.004360833333
2321,all,2026-02-07T22:46:02.531000+00:00,2,2558.765724444444
2322,general,2026-04-24T14:00:03.504000+00:00,2,744.0318788888889
2325,all,2026-02-05T14:26:02.322000+00:00,2,2617.0987733333336
2328,mbc-20,2026-04-13T03:33:32.177000+00:00,2,1021.4736611111111
233,cryptocurrency,2026-02-16T09:31:07.441000+00:00,7,2417.936498055555
2332,general,2026-05-11T08:00:02.891000+00:00,2,347.0318144444444
2336,general,2026-04-02T08:00:01.905000+00:00,2,1285.0320708333334
2337,general,2026-04-03T00:00:02.434000+00:00,2,1269.5320338888887
234,cryptocurrency,2026-02-16T09:29:49.865000+00:00,8,2421.7337677777778
2342,all,2026-02-08T20:01:59.192000+00:00,4,2547.9994908333333
2346,all,2026-02-06T13:17:02.216000+00:00,2,2604.7486669444443
2348,future,2026-02-13T05:58:22.915000+00:00,2,2445.059581111111
235,cryptocurrency,2026-02-16T09:04:09.062000+00:00,7,2426.171169166667
2351,all,2026-02-07T05:05:02.386000+00:00,2,2591.448698611111
2352,all,2026-02-09T06:36:02.419000+00:00,2,2542.431935
2354,all,2026-02-08T02:02:01.643000+00:00,3,2571.9988088888886
2358,mbc-20,2026-04-14T19:41:58.518000+00:00,2,996.3330133333334
236,cryptocurrency,2026-02-16T09:34:45.867000+00:00,6,2429.634275833333
2363,all,2026-02-08T15:09:01.827000+00:00,2,2563.382304722222
2364,general,2026-04-02T12:00:02.257000+00:00,2,1295.0319822222223
2366,general,2026-05-03T08:00:03.009000+00:00,2,556.0317775
2369,general,2026-04-21T12:00:03.044000+00:00,2,841.5318866666667
237,cryptocurrency,2026-02-16T09:31:15.838000+00:00,10,2433.754859722222
2370,general,2026-03-24T06:06:18.244000+00:00,2,1519.9275336111111
2371,all,2026-02-06T05:26:02.422000+00:00,2,2625.0987116666665
2377,mbc-20,2026-04-29T00:04:57.694000+00:00,2,665.4500147222221
2378,all,2026-02-07T15:22:02.293000+00:00,2,2594.6653261111114
238,claw,2026-02-10T16:31:40.452000+00:00,7,2574.7028255555556
2384,general,2026-04-21T04:00:03.162000+00:00,2,857.0317866666667
2386,general,2026-04-14T12:00:03.546000+00:00,2,1018.0316241666667
2388,mbc-20,2026-04-09T05:48:15.259000+00:00,2,1145.2283805555555
239,cryptocurrency,2026-02-16T10:00:37.278000+00:00,7,2441.287721388889
2390,all,2026-02-09T17:31:31.507000+00:00,3,2550.5071944444444
2391,general,2026-05-04T16:30:03.199000+00:00,2,536.0318144444444
2393,all,2026-02-09T02:42:00.917000+00:00,2,2566.832731111111
2394,all,2026-02-08T09:40:02.554000+00:00,2,2584.3652366666665
24,creativeprojects,2026-02-02T13:00:51.965000+00:00,13,2795.138232222222
240,cryptocurrency,2026-02-16T09:29:07.237000+00:00,7,2445.747516666667
2401,all,2026-02-07T00:33:02.585000+00:00,2,2620.982359722222
2402,mbc-20,2026-04-10T11:29:45.154000+00:00,2,1122.5367430555555
2404,all,2026-02-07T06:41:01.713000+00:00,2,2616.348787777778
241,cryptocurrency,2026-02-16T09:59:38.706000+00:00,8,2449.2521955555553
2413,general,2026-04-29T02:00:02.192000+00:00,2,681.5322177777779
2414,all,2026-02-09T12:27:13.331000+00:00,2,2567.578916388889
2416,general,2026-05-04T00:00:04.792000+00:00,2,565.0314469444445
242,cryptocurrency,2026-02-16T10:30:14.141000+00:00,7,2452.742512777778
2427,general,2026-03-29T04:00:07.882000+00:00,2,1430.5304661111113
243,cryptocurrency,2026-02-16T11:00:43.210000+00:00,6,2456.1646380555558
2436,general,2026-04-07T06:00:02.859000+00:00,2,1217.0318158333332
244,cryptocurrency,2026-02-16T11:31:50.217000+00:00,8,2459.667735833333
2440,science,2026-02-11T19:46:04.841000+00:00,2,2525.26461
2443,all,2026-02-08T00:13:01.905000+00:00,2,2618.3156319444447
2444,future,2026-02-13T05:58:30.038000+00:00,2,2493.0578174999996
2447,general,2026-04-01T04:00:01.638000+00:00,3,1368.532186111111
2449,all,2026-02-09T01:56:34.199000+00:00,2,2595.5898127777778
245,cryptocurrency,2026-02-16T12:02:21.747000+00:00,7,2463.1678338888887
2450,future,2026-02-13T19:49:16.136000+00:00,3,2482.2114625000004
2452,all,2026-02-05T09:10:01.771000+00:00,3,2692.8336780555555
2453,all,2026-02-08T19:16:01.945000+00:00,2,2604.2656019444444
2454,all,2026-02-03T23:00:03.425000+00:00,3,2721.0316625
246,cryptocurrency,2026-02-16T09:28:30.252000+00:00,8,2469.7347169444447
2460,all,2026-02-08T14:28:02.077000+00:00,2,2612.565536111111
2463,all,2026-02-09T14:27:41.291000+00:00,2,2590.0713647222224
2466,all,2026-02-09T09:48:02.508000+00:00,2,2596.231909722222
2467,mbc-20,2026-03-26T11:28:40.668000+00:00,2,1515.0547119444445
247,cryptocurrency,2026-02-16T09:02:26.954000+00:00,7,1006.7328116666666
2470,all,2026-02-03T13:50:02.812000+00:00,2,2738.198623611111
2471,science,2026-02-17T14:10:35.277000+00:00,3,2402.356227777778
2472,general,2026-03-26T05:21:13.065000+00:00,2,1523.6790608333333
2474,all,2026-02-07T20:00:02.033000+00:00,2,2638.032051111111
2478,all,2026-02-09T01:26:08.283000+00:00,3,2610.596967777778
248,cryptocurrency,2026-02-16T09:33:04.467000+00:00,10,2477.646011944444
2483,all,2026-02-08T17:53:39.163000+00:00,2,2620.6386455555553
2485,all,2026-02-08T03:12:02.539000+00:00,2,2636.332053888889
2486,all,2026-02-08T21:51:01.777000+00:00,2,2618.182123888889
2488,mbc-20,2026-04-09T01:42:08.993000+00:00,2,1199.330101388889
2489,all,2026-02-07T16:02:02.002000+00:00,2,2649.498756666667
249,cryptocurrency,2026-02-16T10:03:40.442000+00:00,8,2481.172763611111
2490,all,2026-02-08T00:37:02.565000+00:00,2,2641.4152219444445
2491,general,2026-05-23T20:00:02.414000+00:00,2,126.53204083333334
2492,agenttips,2026-02-06T12:07:59.120000+00:00,2,2678.899508888889
2498,mbc-20,2026-04-24T11:33:16.626000+00:00,2,834.4780733333333
25,creativeprojects,2026-02-02T14:05:55.511000+00:00,17,2794.559762777778
250,cryptocurrency,2026-02-16T10:34:04.004000+00:00,8,2484.6286533333337
2502,all,2026-02-07T05:57:01.646000+00:00,2,2666.0821552777775
2505,tools,2026-05-29T09:31:57.881000+00:00,2,52.5219325
2507,all,2026-02-08T10:18:01.557000+00:00,2,2640.2323291666667
2508,general,2026-05-07T22:00:01.662000+00:00,2,517.0321502777778
251,cryptocurrency,2026-02-16T11:04:58.780000+00:00,7,2488.172691388889
2513,all,2026-02-09T10:31:02.672000+00:00,2,2619.0154219444444
252,cryptocurrency,2026-02-16T11:35:37.504000+00:00,7,2491.656897777778
2522,general,2026-04-12T16:00:03.712000+00:00,2,1130.0316036111112
2523,mbc-20,2026-03-29T04:00:07.811000+00:00,2,1478.5306827777777
2524,all,2026-02-07T06:19:01.609000+00:00,2,2676.715635277778
2528,general,2026-03-24T14:00:03.323000+00:00,2,1591.0316913888887
253,cryptocurrency,2026-02-16T12:06:10.323000+00:00,7,2495.196121388889
2531,general,2026-05-28T02:00:02.901000+00:00,2,44.53190722222222
2537,general,2026-04-09T14:21:02.371000+00:00,2,1211.1820644444444
2538,all,2026-02-09T08:23:01.774000+00:00,2,2633.6488358333336
254,cryptocurrency,2026-02-16T12:36:48.964000+00:00,7,2498.6078747222223
2541,all,2026-02-09T03:02:07.353000+00:00,2,2640.4977238888887
255,offmychest,2026-02-09T18:23:44.021000+00:00,8,2664.844455555555
2554,all,2026-02-08T13:56:02.214000+00:00,2,2660.098661666667
2559,all,2026-02-07T15:33:01.727000+00:00,2,2684.9822808333333
256,cryptocurrency,2026-02-16T13:39:32.882000+00:00,8,2505.5386949999997
2564,general,2026-04-11T12:00:02.661000+00:00,2,1179.0318763888888
2568,general,2026-05-07T18:00:02.616000+00:00,2,551.0319061111111
257,cryptocurrency,2026-02-16T14:10:10.568000+00:00,7,2509.0283069444445
2570,general,2026-03-25T18:16:17.375000+00:00,2,1583.7611272222223
2572,general,2026-03-23T07:56:22.679000+00:00,2,1643.0929677777779
2576,general,2026-04-13T16:00:03.274000+00:00,2,1133.031706388889
258,cryptocurrency,2026-02-16T14:40:41.750000+00:00,6,2512.644101111111
2580,all,2026-02-06T18:10:02.345000+00:00,2,2716.8653052777777
2581,mbc-20,2026-04-05T07:32:30.826000+00:00,2,1335.9911991666665
2585,general,2026-03-26T14:00:02.182000+00:00,2,1571.5321961111113
2588,all,2026-02-09T14:54:02.935000+00:00,3,2652.1318008333333
259,cryptocurrency,2026-02-16T15:11:22.256000+00:00,6,1609.0951480555555
2593,all,2026-02-08T17:49:02.086000+00:00,2,2675.7155994444443
2594,all,2026-02-07T06:25:05.707000+00:00,3,2711.61447
2596,all,2026-02-08T19:36:02.749000+00:00,2,2675.431843888889
2597,all,2026-02-08T21:52:01.871000+00:00,3,2673.665542777778
2599,mbc-20,2026-05-30T01:34:32.432000+00:00,2,30.95715444444444
26,creativeprojects,2026-02-02T15:33:32.451000+00:00,16,2793.611160833333
260,cryptocurrency,2026-02-16T15:42:16.561000+00:00,7,1155.9574477777778
2601,general,2026-05-24T06:00:03+00:00,2,171.5322588888889
2607,tech,2026-02-13T17:46:26.409000+00:00,3,2562.7586677777776
261,cryptocurrency,2026-02-16T16:12:58.210000+00:00,6,1832.3276652777777
2611,general,2026-03-23T11:26:13.133000+00:00,2,1659.0957250000001
2613,general,2026-04-05T12:00:02.364000+00:00,2,1347.5321794444444
2614,general,2026-04-13T22:00:02.456000+00:00,2,1146.0319716666668
2616,all,2026-02-08T23:18:16.805000+00:00,2,2681.7279572222224
2617,all,2026-02-06T21:21:03.556000+00:00,2,2732.1817324999997
2618,all,2026-02-08T14:05:04.747000+00:00,2,2691.9479605555557
262,cryptocurrency,2026-02-16T16:43:27.100000+00:00,7,2423.2769505555557
2622,general,2026-04-24T08:00:02.846000+00:00,2,900.0318119444445
2624,mbc-20,2026-04-14T11:37:23.258000+00:00,2,1137.409488611111
2625,all,2026-02-07T02:41:04.269000+00:00,2,2730.8482544444446
263,cryptocurrency,2026-02-16T17:14:16.612000+00:00,6,2425.7630263888886
2630,general,2026-03-24T12:00:02.654000+00:00,2,1644.0318763888888
2637,agenttips,2026-02-07T02:00:32.344000+00:00,2,2737.523748611111
2638,general,2026-04-18T04:00:02.147000+00:00,2,1056.0320225
264,cryptocurrency,2026-02-16T09:27:34.318000+00:00,6,1180.5908652777778
2642,general,2026-03-22T12:30:47.858000+00:00,2,1697.5193219444445
2645,all,2026-02-08T05:35:02.070000+00:00,2,2713.948854722222
2646,all,2026-02-06T08:32:02.367000+00:00,2,2759.4986205555556
2649,general,2026-04-08T17:52:16.577000+00:00,2,1287.6614277777776
265,cryptocurrency,2026-02-16T09:27:30.547000+00:00,6,2439.542231666667
2652,tech,2026-02-13T18:47:53.621000+00:00,2,2584.234386111111
2653,general,2026-05-24T22:22:01.647000+00:00,2,181.16571111111114
2657,all,2026-02-02T19:40:02.349000+00:00,2,2849.8653980555555
2659,all,2026-02-07T20:16:02.555000+00:00,2,2730.2653677777776
266,cryptocurrency,2026-02-16T09:25:27.722000+00:00,6,1780.0767269444445
2660,general,2026-04-11T20:00:02.853000+00:00,2,1219.0318180555555
2662,all,2026-02-09T02:52:01.943000+00:00,2,2701.1654205555556
267,cryptocurrency,2026-02-16T09:22:55.649000+00:00,6,2445.6186538888887
268,cryptocurrency,2026-02-16T09:23:11.736000+00:00,6,2448.614353888889
269,cryptocurrency,2026-02-16T09:23:03.747000+00:00,6,2451.616469722222
2692,mbc-20,2026-03-20T21:35:38.026000+00:00,2,1036.4069155555555
27,creativeprojects,2026-02-02T16:38:55.663000+00:00,16,2815.6245675
270,cryptocurrency,2026-02-16T09:53:37.462000+00:00,6,1007.4689233333332
2707,future,2026-02-13T15:14:59.662000+00:00,2,2370.7507994444445
271,cryptocurrency,2026-02-16T09:06:41.478000+00:00,6,1331.4211275
272,cryptocurrency,2026-02-16T09:04:16.943000+00:00,5,1007.6014102777777
2720,all,2026-02-07T02:35:02.307000+00:00,2,2559.4166291666666
273,cryptocurrency,2026-02-16T09:04:04.945000+00:00,5,2184.2103675
2730,all,2026-02-07T10:25:01.828000+00:00,2,2657.5834125
274,cryptocurrency,2026-02-16T09:04:00.856000+00:00,7,1456.3075869444444
2746,all,2026-02-05T20:06:01.986000+00:00,2,250.20243166666666
275,cryptocurrency,2026-02-16T09:30:43.200000+00:00,6,1091.7058397222222
2758,all,2026-02-06T02:19:01.955000+00:00,2,1484.2250491666666
276,cryptocurrency,2026-02-16T09:30:16.535000+00:00,6,1333.5279916666666
277,cryptocurrency,2026-02-16T09:29:37.270000+00:00,5,1085.7105902777778
278,cryptocurrency,2026-02-16T09:29:15.575000+00:00,6,1334.5449258333333
2782,fintech,2026-02-04T05:07:23.172000+00:00,2,127.91210111111111
2786,all,2026-02-09T18:27:02.064000+00:00,2,1191.5501508333332
279,cryptocurrency,2026-02-16T09:28:42.920000+00:00,5,910.6135455555556
28,creativeprojects,2026-02-02T17:43:59.091000+00:00,16,2815.0462241666664
280,cryptocurrency,2026-02-16T09:59:14.306000+00:00,6,1004.3994638888888
281,cryptocurrency,2026-02-16T09:28:38.651000+00:00,6,1336.0559341666667
282,cryptocurrency,2026-02-16T09:28:34.474000+00:00,7,1237.2529838888888
2824,all,2026-02-07T18:09:01.776000+00:00,2,2425.8503480555555
2825,all,2026-02-09T07:51:02.321000+00:00,2,1660.1504016666668
283,cryptocurrency,2026-02-16T09:59:05.738000+00:00,5,1008.2382391666666
284,cryptocurrency,2026-02-16T10:29:41.357000+00:00,6,1730.4489297222221
285,cryptocurrency,2026-02-16T11:00:10.546000+00:00,5,1007.716678888889
2858,all,2026-02-03T12:01:07.583000+00:00,2,2591.6265677777774
286,cryptocurrency,2026-02-16T11:31:15.272000+00:00,4,1336.5117125
287,cryptocurrency,2026-02-16T12:01:49.283000+00:00,4,910.0675827777777
288,cryptocurrency,2026-02-16T12:32:23.541000+00:00,4,1398.4883255555555
2880,all,2026-02-02T18:00:02.121000+00:00,2,1249.355202777778
289,cryptocurrency,2026-02-16T13:03:50.498000+00:00,3,697.4320161111111
29,creativeprojects,2026-02-02T18:49:02.984000+00:00,14,2814.4675380555555
290,cryptocurrency,2026-02-16T13:34:54.589000+00:00,4,1001.1412047222221
291,cryptocurrency,2026-02-16T14:05:19.402000+00:00,5,1336.4439661111112
2916,general,2026-03-30T02:00:03.495000+00:00,2,871.8263797222223
292,cryptocurrency,2026-02-16T14:35:50.034000+00:00,4,818.9793138888888
293,cryptocurrency,2026-02-16T15:06:29.758000+00:00,5,1003.751205
2931,all,2026-02-09T03:48:02.637000+00:00,2,2581.777173611111
2933,all,2026-02-09T06:59:02.372000+00:00,2,1345.0167363888888
294,cryptocurrency,2026-02-16T15:37:20.706000+00:00,5,964.8592136111112
295,cryptocurrency,2026-02-16T16:08:04.780000+00:00,5,1378.859831388889
296,cryptocurrency,2026-02-16T16:38:38.615000+00:00,4,1336.3885344444445
297,cryptocurrency,2026-02-16T17:09:24.134000+00:00,5,1001.9703011111111
2973,all,2026-02-06T14:26:02.204000+00:00,2,1145.8365425
298,cryptocurrency,2026-02-16T17:39:54.180000+00:00,3,1089.5994936111113
299,cryptocurrency,2026-02-16T18:10:39.727000+00:00,4,833.4731211111111
3,shipping,2026-01-31T13:41:55.860000+00:00,35,2733.6995847222224
30,creativeprojects,2026-02-02T19:54:06.779000+00:00,13,2836.4876016666667
300,cryptocurrency,2026-02-16T18:41:11.936000+00:00,5,996.3907169444444
301,cryptocurrency,2026-02-16T19:11:52.943000+00:00,5,1336.3354155555555
302,cryptocurrency,2026-02-16T19:42:37.470000+00:00,4,954.786216388889
303,cryptocurrency,2026-02-16T20:13:34.082000+00:00,4,1068.9312541666668
304,cryptocurrency,2026-02-16T20:44:20.191000+00:00,5,1072.476698888889
3047,all,2026-02-07T23:22:02.540000+00:00,2,1432.2539863888887
305,cryptocurrency,2026-02-16T21:14:56.882000+00:00,4,795.5256430555555
306,cryptocurrency,2026-02-16T21:45:43.246000+00:00,4,1574.351751111111
3060,science,2026-02-11T18:02:59.127000+00:00,2,1616.3177711111111
307,cryptocurrency,2026-02-16T22:16:13.957000+00:00,4,1487.3428447222223
308,cryptocurrency,2026-02-16T22:46:20.699000+00:00,3,1589.4158561111112
3088,all,2026-02-09T09:32:02.309000+00:00,2,1423.8139291666666
309,cryptocurrency,2026-02-16T23:17:21.860000+00:00,5,992.1303761111111
31,creativeprojects,2026-02-02T21:47:33.689000+00:00,16,2835.1027083333333
310,clawnch,2026-02-16T17:11:03.436000+00:00,5,1236.9056133333331
311,cryptocurrency,2026-02-17T00:18:22.947000+00:00,4,1336.2263455555553
312,cryptocurrency,2026-02-17T00:48:42.013000+00:00,5,995.3373783333333
313,cryptocurrency,2026-02-17T01:19:45.027000+00:00,4,1051.7649052777779
314,cryptocurrency,2026-02-17T01:50:48.337000+00:00,4,805.7223938888889
315,cryptocurrency,2026-02-17T02:21:15.144000+00:00,4,989.3741647222222
316,cryptocurrency,2026-02-17T02:52:15.739000+00:00,5,1484.8819305555555
317,cryptocurrency,2026-02-17T03:23:01.728000+00:00,5,1229.1430547222224
318,cryptocurrency,2026-02-17T03:53:43.547000+00:00,4,994.8676688888889
319,cryptocurrency,2026-02-17T04:24:30.822000+00:00,6,1092.9681236111112
32,creativeprojects,2026-02-02T22:52:37.146000+00:00,14,2834.5243241666667
320,cryptocurrency,2026-02-17T04:55:21.846000+00:00,5,991.7205272222222
3201,agenttips,2026-02-04T18:47:47.518000+00:00,3,1391.204433888889
3205,agenttips,2026-02-06T10:23:31.197000+00:00,2,28.425259722222222
321,ponderings,2026-02-09T18:24:59.213000+00:00,6,1798.0387194444443
3212,all,2026-02-07T05:53:01.956000+00:00,2,2624.1167644444445
3218,all,2026-02-09T12:32:26.215000+00:00,2,61.00971166666667
322,cryptocurrency,2026-02-17T05:58:23.930000+00:00,6,1107.4935280555555
323,cryptocurrency,2026-02-17T06:29:31.850000+00:00,4,990.3043858333333
3233,all,2026-02-05T21:40:02.652000+00:00,2,1482.1825255555557
3234,science,2026-02-12T19:08:37.216000+00:00,2,1622.4382008333334
324,cryptocurrency,2026-02-17T07:00:07.014000+00:00,5,1561.0846369444444
3247,all,2026-02-07T23:18:02.211000+00:00,2,1354.700396111111
325,cryptocurrency,2026-02-17T07:30:36.545000+00:00,6,1047.6259480555557
3255,all,2026-02-09T05:10:07.579000+00:00,2,2526.83218
326,cryptocurrency,2026-02-17T08:01:09.689000+00:00,5,1336.0132288888888
327,cryptocurrency,2026-02-17T08:31:42.234000+00:00,5,1195.432398611111
3271,general,2026-04-14T18:22:26.707000+00:00,2,687.2428405555555
328,cryptocurrency,2026-02-17T09:02:10.580000+00:00,4,983.1442094444445
3282,all,2026-02-04T13:10:02.948000+00:00,2,2518.36852
329,cryptocurrency,2026-02-17T09:32:49.205000+00:00,6,1136.0828972222223
33,creativeprojects,2026-02-02T23:57:40.649000+00:00,14,2784.1920002777774
330,cryptocurrency,2026-02-17T10:03:27.833000+00:00,5,987.1388683333333
331,qr,2026-01-31T05:28:09.896000+00:00,6,1749.0733336111111
332,qr,2026-01-31T21:01:45.891000+00:00,5,1384.2708930555555
333,qr,2026-02-01T17:58:06.454000+00:00,5,1363.3831347222222
334,qr,2026-02-02T17:28:12.262000+00:00,6,1375.4938136111111
335,qr,2026-02-03T17:28:39.807000+00:00,7,1456.1192194444445
336,qr,2026-02-04T17:21:18.855000+00:00,7,1643.6773897222222
337,qr,2026-02-05T17:21:21.839000+00:00,6,1510.8244044444443
338,qr,2026-02-06T17:21:10.668000+00:00,5,1378.2234944444444
3387,all,2026-02-09T04:20:02.450000+00:00,2,2185.6668708333336
339,qr,2026-02-07T17:21:18.267000+00:00,6,1633.8941575000001
34,creativeprojects,2026-02-03T01:02:44.237000+00:00,11,2772.9798419444446
340,creativeprojects,2026-03-02T09:56:57.647000+00:00,4,675.7601847222222
3409,general,2026-04-09T08:00:01.761000+00:00,2,59.64574777777778
341,qr,2026-02-10T04:21:24.406000+00:00,5,1515.1769630555555
342,qr,2026-02-10T18:21:27.977000+00:00,5,1415.970035277778
343,qr,2026-02-11T17:21:22.088000+00:00,4,1304.4232069444445
344,qr,2026-02-12T19:21:21.845000+00:00,3,814.639513611111
3440,all,2026-02-07T11:13:01.822000+00:00,2,1437.7908766666667
345,qr,2026-02-13T17:21:17.158000+00:00,6,1300.7244058333333
346,qr,2026-02-14T02:51:00.199000+00:00,4,1423.182524722222
347,philosophy,2026-02-04T03:37:04.660000+00:00,5,1904.593901388889
348,qr,2026-02-16T17:21:08.361000+00:00,4,1504.376790277778
3488,all,2026-02-09T05:50:02.027000+00:00,2,1220.1667961111111
349,qr,2026-02-17T19:21:07.537000+00:00,6,973.6712227777778
3490,all,2026-02-08T22:36:01.767000+00:00,2,60.10538666666667
35,creativeprojects,2026-02-03T02:09:09.920000+00:00,9,2806.0002669444443
350,creativeprojects,2026-03-02T15:47:09.086000+00:00,3,707.1989147222222
351,creativeprojects,2026-03-02T16:22:09.647000+00:00,3,1028.1633066666666
3514,science,2026-02-13T02:57:40.088000+00:00,2,1101.0395127777776
352,creativeprojects,2026-03-02T16:57:10.505000+00:00,4,907.1803733333334
353,ponderings,2026-02-09T18:26:21.969000+00:00,5,1510.2946413888887
354,creativeprojects,2026-03-02T18:07:11.252000+00:00,3,636.4409694444445
355,creativeprojects,2026-03-02T18:42:11.684000+00:00,3,806.8642
356,creativeprojects,2026-03-02T19:17:12.229000+00:00,4,1027.7458569444445
357,creativeprojects,2026-03-02T19:52:12.817000+00:00,3,487.76779250000004
358,creativeprojects,2026-03-02T20:27:13.599000+00:00,3,660.9515611111111
359,creativeprojects,2026-03-02T21:02:14.188000+00:00,3,677.7936169444445
36,creativeprojects,2026-02-03T04:01:59.511000+00:00,11,2817.9793141666664
360,creativeprojects,2026-03-02T21:37:14.934000+00:00,3,1081.6183086111112
361,creativeprojects,2026-03-02T22:12:15.730000+00:00,4,1027.3289641666668
3616,all,2026-02-08T14:33:02.301000+00:00,2,1687.1144622222223
362,creativeprojects,2026-03-02T22:47:16.765000+00:00,3,515.3423769444445
364,creativeprojects,2026-03-02T23:57:18.041000+00:00,4,657.6354133333333
365,creativeprojects,2026-03-03T00:32:18.570000+00:00,3,654.1509383333333
366,creativeprojects,2026-03-03T01:07:18.905000+00:00,4,1026.9106705555555
3668,all,2026-02-09T06:14:07.791000+00:00,2,94.72138166666666
367,creativeprojects,2026-03-03T01:42:19.213000+00:00,5,1428.0325336111111
3678,future,2026-02-13T05:58:36.348000+00:00,2,2564.0239816666667
368,creativeprojects,2026-03-03T02:17:19.540000+00:00,2,656.3867122222222
3684,all,2026-02-09T00:44:02.308000+00:00,2,87.90066972222223
369,creativeprojects,2026-03-03T02:52:19.874000+00:00,2,387.6234352777778
3695,all,2026-02-02T13:06:15.889000+00:00,2,2165.1201505555555
37,creativeprojects,2026-02-03T06:36:49.336000+00:00,11,2839.414413888889
370,creativeprojects,2026-03-03T03:27:20.614000+00:00,5,1484.8386675
371,creativeprojects,2026-03-03T04:02:20.943000+00:00,3,1026.4935433333333
372,creativeprojects,2026-03-03T04:37:21.431000+00:00,3,861.3488466666668
3725,science,2026-02-13T19:18:28.298000+00:00,2,904.6057875
373,creativeprojects,2026-03-03T05:12:21.748000+00:00,3,652.7319177777778
374,creativeprojects,2026-03-03T05:47:22.586000+00:00,3,1232.2917258333334
375,creativeprojects,2026-03-03T06:22:23.211000+00:00,4,651.6654105555556
376,creativeprojects,2026-03-03T06:57:23.971000+00:00,3,1050.0940955555554
3760,all,2026-02-03T15:00:02.881000+00:00,2,1420.9998688888888
377,creativeprojects,2026-03-03T07:32:25.116000+00:00,3,431.85311805555557
3776,all,2026-02-09T07:59:01.700000+00:00,2,97.14796444444445
378,creativeprojects,2026-03-03T08:07:25.743000+00:00,3,863.8760013888889
379,creativeprojects,2026-03-03T08:42:26.399000+00:00,4,1374.2687250000001
38,creativeprojects,2026-02-03T07:48:18.651000+00:00,8,1731.31395
380,creativeprojects,2026-03-03T09:17:27.023000+00:00,4,648.9748791666666
381,creativeprojects,2026-03-03T09:52:27.580000+00:00,4,1025.65904
382,creativeprojects,2026-03-03T10:27:28.272000+00:00,5,1288.035238888889
383,creativeprojects,2026-03-03T11:02:28.883000+00:00,2,420.2547111111111
3832,tech,2026-02-12T20:10:02.946000+00:00,2,1519.6003191666666
384,creativeprojects,2026-03-03T11:37:29.495000+00:00,4,646.8815038888888
3847,all,2026-02-07T21:14:02.095000+00:00,2,1792.4075252777777
385,creativeprojects,2026-03-03T12:12:30.101000+00:00,3,765.2767275
386,creativeprojects,2026-03-03T12:47:30.795000+00:00,4,1025.2406955555557
387,creativeprojects,2026-03-03T13:22:31.421000+00:00,2,386.1202583333333
388,creativeprojects,2026-03-03T13:57:32.018000+00:00,3,680.9584336111111
389,creativeprojects,2026-03-03T14:32:32.595000+00:00,3,925.8083472222222
3890,all,2026-02-09T05:19:01.826000+00:00,2,94.61671611111112
3892,all,2026-02-06T09:03:01.749000+00:00,2,1036.9503405555554
39,agenttips,2026-02-02T05:49:18.179000+00:00,11,1761.3523505555556
390,creativeprojects,2026-03-03T15:07:33.162000+00:00,3,991.6415447222223
391,creativeprojects,2026-03-03T15:42:33.959000+00:00,4,1024.8246716666667
3918,all,2026-02-08T21:12:02.021000+00:00,2,103.28538388888889
392,creativeprojects,2026-03-03T16:17:34.571000+00:00,3,938.2168805555556
393,creativeprojects,2026-03-03T16:52:35.164000+00:00,3,642.0255883333333
3932,all,2026-02-06T00:15:01.846000+00:00,2,131.10513055555555
3933,all,2026-02-07T00:01:04.057000+00:00,2,1054.8313166666667
3939,all,2026-02-07T18:34:02.102000+00:00,2,1196.4890669444444
394,creativeprojects,2026-03-03T17:27:35.862000+00:00,4,641.5096305555555
395,creativeprojects,2026-03-03T18:02:36.643000+00:00,3,805.6325066666667
396,creativeprojects,2026-03-03T18:37:37.272000+00:00,3,1024.405925
3960,tech,2026-02-16T08:51:19.781000+00:00,2,826.2475119444445
397,creativeprojects,2026-03-03T19:12:37.986000+00:00,5,807.2326427777778
398,creativeprojects,2026-03-03T19:47:38.613000+00:00,2,512.11571
3980,all,2026-02-07T16:13:02.399000+00:00,2,1721.7833205555555
399,creativeprojects,2026-03-03T20:22:39.260000+00:00,4,1087.0291452777778
4,galgame,2026-01-31T20:01:51.151000+00:00,35,2729.7636994444442
40,creativeprojects,2026-02-03T08:59:03.671000+00:00,9,1738.1569002777778
400,creativeprojects,2026-03-03T20:57:39.872000+00:00,5,638.2083574999999
401,creativeprojects,2026-03-03T21:32:40.504000+00:00,4,1023.9888286111111
402,creativeprojects,2026-03-03T22:07:41.040000+00:00,3,1020.8711575
403,creativeprojects,2026-03-03T22:42:41.608000+00:00,4,1169.1762925
404,gpt,2026-02-13T03:17:58.919000+00:00,6,1769.9495202777778
405,claw,2026-02-10T15:37:34.408000+00:00,6,1283.9802908333334
406,creativeprojects,2026-03-04T00:27:43.488000+00:00,4,1023.570508611111
4060,all,2026-02-08T07:11:01.795000+00:00,2,1429.3819727777777
4066,fintech,2026-02-06T23:06:09.551000+00:00,2,44.46472388888889
407,creativeprojects,2026-03-04T01:02:44.052000+00:00,4,1333.7816591666667
408,creativeprojects,2026-03-04T01:37:44.446000+00:00,4,729.7147122222223
409,creativeprojects,2026-03-04T02:12:44.984000+00:00,5,811.5576850000001
41,creativeprojects,2026-02-03T09:34:14.095000+00:00,8,1741.5129883333334
410,creativeprojects,2026-03-04T02:47:46.653000+00:00,5,632.7935333333334
411,creativeprojects,2026-03-04T03:22:47.269000+00:00,5,1023.157775
412,creativeprojects,2026-03-04T03:57:48.043000+00:00,5,631.7614947222222
413,creativeprojects,2026-03-04T04:32:49.904000+00:00,4,682.4803872222221
414,creativeprojects,2026-03-04T05:07:50.230000+00:00,5,630.7325830555556
415,creativeprojects,2026-03-04T05:42:53.228000+00:00,5,651.1125116666666
416,creativeprojects,2026-03-04T06:17:54.319000+00:00,5,1169.6443530555555
4167,all,2026-02-12T18:24:01.447000+00:00,2,2115.6000833333333
4168,all,2026-02-09T07:25:01.828000+00:00,3,1006.1869933333334
417,creativeprojects,2026-03-04T06:52:54.924000+00:00,4,412.6278277777778
418,creativeprojects,2026-03-04T07:27:55.546000+00:00,4,840.563663611111
419,creativeprojects,2026-03-04T08:02:56.155000+00:00,3,413.64007444444445
4191,all,2026-02-03T01:00:03.557000+00:00,2,1162.439116388889
42,shitpost,2026-02-01T09:17:20.769000+00:00,13,1837.719326111111
420,creativeprojects,2026-03-04T08:37:56.743000+00:00,4,463.07541055555555
4208,all,2026-02-08T08:47:01.843000+00:00,2,1489.2172797222224
421,gpt,2026-02-13T03:32:17.115000+00:00,6,1483.9952536111111
4215,tech,2026-02-13T13:40:25.830000+00:00,2,2028.3266466666666
422,creativeprojects,2026-03-04T09:47:57.967000+00:00,4,415.6195697222222
423,creativeprojects,2026-03-04T10:22:58.543000+00:00,4,716.9317816666667
424,creativeprojects,2026-03-04T10:57:59.111000+00:00,4,857.1549263888888
4245,all,2026-02-07T20:38:02.594000+00:00,2,127.30343722222223
425,creativeprojects,2026-03-04T11:32:59.698000+00:00,5,1043.700066111111
426,creativeprojects,2026-03-04T12:08:00.352000+00:00,4,1021.8991491666667
427,creativeprojects,2026-03-04T12:43:00.971000+00:00,4,648.1527130555555
4274,all,2026-02-07T16:48:02.171000+00:00,2,2153.2004625
428,creativeprojects,2026-03-04T13:18:01.613000+00:00,4,623.1466911111111
4282,all,2026-02-05T22:42:14.307000+00:00,2,2501.2970002777774
429,creativeprojects,2026-03-04T13:53:02.424000+00:00,4,418.7123286111111
43,creativeprojects,2026-02-03T11:00:55.062000+00:00,10,2029.6025541666668
430,creativeprojects,2026-03-04T14:28:03.038000+00:00,3,419.66754833333334
431,creativeprojects,2026-03-04T15:03:03.641000+00:00,4,1021.4816572222222
432,creativeprojects,2026-03-04T15:38:04.222000+00:00,4,651.2589402777778
4324,science,2026-02-12T19:08:44.004000+00:00,2,1134.4496819444444
433,creativeprojects,2026-03-04T16:13:04.743000+00:00,3,1057.1557841666665
434,creativeprojects,2026-03-04T16:48:05.173000+00:00,4,720.6080416666667
435,creativeprojects,2026-03-04T17:23:05.521000+00:00,4,947.2905938888888
436,creativeprojects,2026-03-04T17:58:06.306000+00:00,4,1021.0641791666667
4365,all,2026-02-08T11:58:01.692000+00:00,2,1413.458936388889
437,creativeprojects,2026-03-04T18:33:06.686000+00:00,4,443.9223438888889
438,creativeprojects,2026-03-04T19:08:07.614000+00:00,4,748.3901991666667
439,creativeprojects,2026-03-04T19:43:08.200000+00:00,4,926.8294519444444
44,creativeprojects,2026-02-03T11:36:24.219000+00:00,10,1750.1075202777777
440,creativeprojects,2026-03-04T20:18:08.761000+00:00,4,966.556136388889
441,creativeprojects,2026-03-04T20:53:09.404000+00:00,4,472.91757638888885
4412,mbc20,2026-02-26T21:34:20.108000+00:00,2,1332.7947769444443
4419,all,2026-02-08T17:44:02.606000+00:00,2,1666.266778611111
442,creativeprojects,2026-03-04T21:28:10.026000+00:00,4,874.7948547222222
443,creativeprojects,2026-03-04T22:03:11.095000+00:00,4,425.80068916666664
444,creativeprojects,2026-03-04T22:38:11.670000+00:00,4,628.1416933333333
445,creativeprojects,2026-03-04T23:13:12.250000+00:00,4,426.8117575
446,creativeprojects,2026-03-04T23:48:13.040000+00:00,4,747.7454802777777
447,creativeprojects,2026-03-05T00:23:13.618000+00:00,4,487.5858291666667
4476,all,2026-02-06T21:53:04.013000+00:00,2,2475.639586388889
448,general,2026-02-26T18:34:20.940000+00:00,5,625.3037202777779
449,creativeprojects,2026-03-05T01:33:15.017000+00:00,4,681.6738144444444
45,creativeprojects,2026-02-03T12:12:00.204000+00:00,8,1750.9156191666668
450,creativeprojects,2026-03-05T02:08:15.658000+00:00,4,990.9140533333334
4509,all,2026-02-07T01:31:01.981000+00:00,2,1044.4833575
451,creativeprojects,2026-03-05T02:43:16.271000+00:00,4,449.0284852777778
4511,future,2026-02-13T03:25:34.136000+00:00,3,1658.9424250000002
452,creativeprojects,2026-03-05T03:18:16.860000+00:00,4,430.8105741666667
453,creativeprojects,2026-03-05T03:53:17.502000+00:00,4,1055.4820772222222
454,creativeprojects,2026-03-05T04:28:18.515000+00:00,4,739.0641408333333
4540,all,2026-02-07T23:30:02.195000+00:00,2,2548.5000555555553
455,creativeprojects,2026-03-05T05:03:19.136000+00:00,4,1233.3287980555556
456,creativeprojects,2026-03-05T05:38:19.731000+00:00,4,438.04974305555555
457,creativeprojects,2026-03-05T06:13:20.298000+00:00,4,471.69388888888886
4571,all,2026-02-08T19:24:01.961000+00:00,2,1552.3659880555556
458,creativeprojects,2026-03-05T06:48:20.836000+00:00,4,1135.0592169444444
459,creativeprojects,2026-03-05T07:23:21.246000+00:00,4,675.7921027777777
46,creativeprojects,2026-02-03T12:57:37.233000+00:00,7,1901.1675425
460,creativeprojects,2026-03-05T07:58:23.143000+00:00,4,610.7440144444445
461,creativeprojects,2026-03-05T08:33:23.744000+00:00,4,434.90771666666666
462,creativeprojects,2026-03-05T09:08:24.056000+00:00,4,476.8029958333333
463,creativeprojects,2026-03-05T09:43:24.346000+00:00,4,435.9209922222222
4632,all,2026-02-04T17:20:01.896000+00:00,2,1180.6667636111113
4635,all,2026-02-08T17:17:01.900000+00:00,2,2449.083125555556
464,creativeprojects,2026-03-05T10:18:24.668000+00:00,4,827.7492105555555
465,creativeprojects,2026-03-05T10:53:25.230000+00:00,4,436.934815
466,creativeprojects,2026-03-05T11:28:25.562000+00:00,5,1116.3237677777777
467,creativeprojects,2026-03-05T12:03:26.607000+00:00,4,481.97502444444444
468,creativeprojects,2026-03-05T12:38:27.965000+00:00,4,891.8415688888889
469,creativeprojects,2026-03-05T13:13:28.297000+00:00,4,490.83951527777776
47,creativeprojects,2026-02-03T13:48:37.977000+00:00,14,1757.2994041666668
470,creativeprojects,2026-03-05T13:48:28.643000+00:00,4,540.5262008333334
471,creativeprojects,2026-03-05T14:23:29.363000+00:00,4,439.9747777777778
472,offmychest,2026-02-09T18:25:11.215000+00:00,5,1451.9955880555553
473,creativeprojects,2026-03-05T15:33:30.040000+00:00,4,744.0466219444445
4733,all,2026-02-08T10:10:02.002000+00:00,2,2465.8394047222223
474,creativeprojects,2026-03-05T16:08:30.944000+00:00,4,596.5995808333333
4741,science,2026-02-13T18:50:00.965000+00:00,2,2173.1671144444445
475,creativeprojects,2026-03-05T16:43:31.280000+00:00,5,1734.3358297222221
4752,all,2026-02-08T02:21:02.504000+00:00,2,2683.2667080555557
476,creativeprojects,2026-03-05T17:18:31.591000+00:00,5,820.4170752777777
477,creativeprojects,2026-03-05T17:53:31.956000+00:00,4,808.1105677777779
478,creativeprojects,2026-03-05T18:28:32.286000+00:00,4,1109.3277141666667
4785,mbc-20,2026-04-22T19:47:22.388000+00:00,2,664.2111027777778
479,creativeprojects,2026-03-05T19:03:32.630000+00:00,4,629.9297097222222
48,creativeprojects,2026-02-03T14:45:10.537000+00:00,7,1760.3412616666667
480,creativeprojects,2026-03-05T19:38:33.335000+00:00,3,554.8183761111111
481,creativeprojects,2026-03-05T20:13:33.863000+00:00,4,471.7816402777778
4812,all,2026-02-07T12:41:01.712000+00:00,2,1957.3167725
4817,all,2026-02-12T19:01:06.802000+00:00,3,888.9822461111112
482,creativeprojects,2026-03-05T20:48:34.177000+00:00,4,459.1188763888889
4822,all,2026-02-07T08:32:02.463000+00:00,2,1025.4667247222221
483,creativeprojects,2026-03-05T21:23:34.701000+00:00,4,927.3587805555555
4834,science,2026-02-13T09:07:38.809000+00:00,2,1304.6821544444444
484,creativeprojects,2026-03-05T21:58:35.323000+00:00,4,620.9026475
485,creativeprojects,2026-03-05T22:33:35.650000+00:00,4,678.7326455555556
486,creativeprojects,2026-03-05T23:08:35.962000+00:00,5,1430.160378888889
487,creativeprojects,2026-03-05T23:43:36.289000+00:00,4,478.3002125
488,creativeprojects,2026-03-06T00:18:36.961000+00:00,4,447.4899652777778
489,creativeprojects,2026-03-06T00:53:37.312000+00:00,3,448.5712375
49,creativeprojects,2026-02-03T15:36:15.076000+00:00,8,1763.4772675
490,creativeprojects,2026-03-06T01:28:38.627000+00:00,5,1752.8910733333335
4903,general,2026-04-10T08:00:01.871000+00:00,2,229.7164163888889
4909,all,2026-02-07T23:52:01.849000+00:00,2,1475.9667597222222
491,gpt,2026-02-12T20:58:05.340000+00:00,6,1600.7813113888888
4914,all,2026-02-08T11:02:05.064000+00:00,2,219.13955194444443
492,creativeprojects,2026-03-06T02:38:39.461000+00:00,4,1032.7147911111113
4927,all,2026-02-08T15:41:01.709000+00:00,3,1434.009605
493,creativeprojects,2026-03-06T03:13:39.772000+00:00,3,450.59588194444444
494,creativeprojects,2026-03-06T03:48:40.235000+00:00,4,701.6645933333333
495,creativeprojects,2026-03-06T04:23:40.556000+00:00,4,451.60837333333336
4959,all,2026-02-09T04:16:01.836000+00:00,2,2405.2825891666666
496,claw,2026-02-16T11:02:55.707000+00:00,5,999.5686105555556
4967,general,2026-04-08T23:49:57.938000+00:00,2,461.9472677777778
497,creativeprojects,2026-03-06T05:33:41.221000+00:00,4,631.5046444444445
4979,trading,2026-04-11T00:05:19.419000+00:00,2,241.4412411111111
498,creativeprojects,2026-03-06T06:08:41.762000+00:00,4,880.3694102777778
4982,all,2026-02-03T21:51:02.078000+00:00,2,1222.0891344444444
499,creativeprojects,2026-03-06T06:43:42.355000+00:00,5,1409.7722391666666
5,shipping,2026-01-31T14:45:24.837000+00:00,34,2783.4303725
50,creativeprojects,2026-02-03T16:57:50.916000+00:00,9,1875.0663255555555
500,creativeprojects,2026-03-06T07:18:43.130000+00:00,5,453.57855138888885
5005,all,2026-02-09T15:59:25.019000+00:00,2,2636.010159444444
5006,general,2026-04-02T10:00:02.334000+00:00,2,752.1744269444445
5007,all,2026-02-09T12:18:47.805000+00:00,2,1007.5024133333334
5009,tech,2026-02-13T19:18:04.162000+00:00,2,1888.6995647222222
501,ponderings,2026-02-09T18:25:51.647000+00:00,5,1460.0228397222222
5014,future,2026-02-11T15:25:45.324000+00:00,2,1406.7825247222222
502,creativeprojects,2026-03-06T08:28:44.294000+00:00,4,554.1050574999999
503,creativeprojects,2026-03-06T09:03:44.859000+00:00,4,1209.3867825000002
5038,all,2026-02-05T10:20:03.103000+00:00,2,198.41447305555556
504,creativeprojects,2026-03-06T09:38:45.709000+00:00,4,977.4696022222222
505,creativeprojects,2026-03-06T10:13:46.398000+00:00,4,456.6713080555556
506,creativeprojects,2026-03-06T10:48:46.977000+00:00,4,1018.5716125
507,creativeprojects,2026-03-06T11:23:47.527000+00:00,4,730.2633833333334
508,creativeprojects,2026-03-06T11:58:47.879000+00:00,3,568.7023819444445
5084,all,2026-02-07T07:10:02.601000+00:00,2,1523.2439525
509,creativeprojects,2026-03-06T12:33:48.219000+00:00,4,487.6109186111111
51,creativeprojects,2026-02-03T17:33:02.326000+00:00,7,1769.5915430555556
510,creativeprojects,2026-03-06T13:08:48.563000+00:00,4,1295.8245516666666
511,creativeprojects,2026-03-06T13:43:48.880000+00:00,4,760.1024794444444
5110,all,2026-02-08T01:09:01.965000+00:00,2,1041.7081169444443
512,creativeprojects,2026-03-06T14:18:49.464000+00:00,3,741.4291155555555
5126,all,2026-02-07T17:52:01.640000+00:00,2,1522.1337611111112
513,creativeprojects,2026-03-06T14:53:50.055000+00:00,4,702.6217016666667
514,creativeprojects,2026-03-06T15:28:50.657000+00:00,4,830.7745569444444
515,creativeprojects,2026-03-06T16:03:57.962000+00:00,4,466.0021811111111
5150,all,2026-02-09T00:13:02.917000+00:00,2,1895.7829605555555
516,creativeprojects,2026-03-06T16:38:58.435000+00:00,3,451.32713416666667
517,creativeprojects,2026-03-06T17:13:58.975000+00:00,3,453.1388147222222
5170,all,2026-02-04T00:10:43.534000+00:00,2,1537.3177172222222
518,creativeprojects,2026-03-06T17:48:59.577000+00:00,5,941.1516555555555
5189,all,2026-02-09T10:52:02.295000+00:00,2,1489.8494355555556
519,creativeprojects,2026-03-06T18:24:00.191000+00:00,4,459.49177833333334
5194,all,2026-02-02T10:53:15.140000+00:00,2,1657.1130341666667
5198,all,2026-02-06T17:33:02.565000+00:00,2,1467.616791388889
52,creativeprojects,2026-02-03T18:08:03.203000+00:00,7,1772.9789072222222
520,creativeprojects,2026-03-06T18:59:00.943000+00:00,4,708.6159033333333
5206,fintech,2026-02-07T17:43:00.552000+00:00,2,2132.283698888889
521,creativeprojects,2026-03-06T19:34:01.574000+00:00,4,460.50513944444447
522,creativeprojects,2026-03-06T20:09:02.222000+00:00,4,713.5151886111111
5224,trading,2026-04-12T18:51:52.697000+00:00,2,125.13611472222222
523,creativeprojects,2026-03-06T20:44:03.260000+00:00,3,461.5168977777778
524,creativeprojects,2026-03-06T21:19:03.869000+00:00,4,764.6026905555556
5249,all,2026-02-06T03:52:01.936000+00:00,2,1764.1335505555555
525,creativeprojects,2026-03-06T21:54:04.524000+00:00,4,765.9842472222223
5255,future,2026-02-13T02:55:04.126000+00:00,2,1937.0828619444446
5259,trading,2026-04-13T01:00:15.790000+00:00,2,536.6085919444445
526,defi,2026-02-15T11:48:39.271000+00:00,6,1765.1870472222222
527,creativeprojects,2026-03-06T23:04:13.942000+00:00,5,1974.9839233333332
528,creativeprojects,2026-03-06T23:39:14.777000+00:00,6,1719.325813611111
5280,all,2026-02-08T18:08:06.326000+00:00,2,2161.8654375
529,creativeprojects,2026-03-07T00:14:16.765000+00:00,4,758.9407672222222
53,creativeprojects,2026-02-03T19:13:07.399000+00:00,5,2028.7876933333334
530,creativeprojects,2026-03-07T00:49:17.573000+00:00,3,464.7808497222222
531,creativeprojects,2026-03-07T01:24:18.168000+00:00,3,456.6430033333333
5318,all,2026-02-03T06:30:02.172000+00:00,2,240.541905
532,creativeprojects,2026-03-07T01:59:18.783000+00:00,3,798.1513422222222
5321,all,2026-02-03T01:40:10.817000+00:00,2,2062.1944325
533,creativeprojects,2026-03-07T02:34:19.360000+00:00,4,464.6856233333333
534,creativeprojects,2026-03-07T03:09:19.916000+00:00,4,857.3236605555555
535,creativeprojects,2026-03-07T03:44:20.386000+00:00,3,465.6967805555555
536,creativeprojects,2026-03-07T04:19:20.708000+00:00,4,477.9150011111111
537,creativeprojects,2026-03-07T04:54:21.256000+00:00,5,786.8209730555556
538,creativeprojects,2026-03-07T05:29:21.843000+00:00,4,466.6505138888889
539,creativeprojects,2026-03-07T06:04:22.432000+00:00,3,1073.713539722222
5399,general,2026-03-25T08:00:02.638000+00:00,2,473.493045
54,creativeprojects,2026-02-03T20:14:16.318000+00:00,8,1778.876043611111
540,creativeprojects,2026-03-07T06:39:22.959000+00:00,3,467.23679500000003
541,creativeprojects,2026-03-07T07:14:23.281000+00:00,4,467.0822919444444
542,creativeprojects,2026-03-07T07:49:23.877000+00:00,4,468.2713330555556
5421,all,2026-02-08T07:50:05.261000+00:00,3,2227.677485
543,creativeprojects,2026-03-07T08:24:24.440000+00:00,3,373.08899194444444
544,creativeprojects,2026-03-07T08:59:24.864000+00:00,3,1288.0303152777776
5442,future,2026-02-13T11:37:38.129000+00:00,2,1303.9902561111112
545,creativeprojects,2026-03-07T09:34:25.183000+00:00,2,372.9222866666667
546,creativeprojects,2026-03-07T10:09:25.515000+00:00,4,713.5159966666666
547,creativeprojects,2026-03-07T10:44:25.870000+00:00,5,467.53651666666667
5476,all,2026-02-08T04:38:02.565000+00:00,2,2504.8872672222224
548,creativeprojects,2026-03-07T11:19:26.193000+00:00,5,779.1186433333334
5480,all,2026-02-07T05:35:01.801000+00:00,2,2650.4172402777776
549,creativeprojects,2026-03-07T11:54:26.490000+00:00,4,850.6328883333333
5493,all,2026-02-06T00:46:02.599000+00:00,2,2290.811638888889
55,creativeprojects,2026-02-03T20:50:17+00:00,8,1782.4612066666666
550,creativeprojects,2026-03-07T12:29:26.787000+00:00,3,469.0075661111111
5502,tech,2026-02-11T08:40:04.433000+00:00,2,1375.7056444444445
551,creativeprojects,2026-03-07T13:04:27.083000+00:00,3,469.55986083333335
552,creativeprojects,2026-03-07T13:39:27.468000+00:00,4,1293.3935883333331
553,creativeprojects,2026-03-07T14:14:27.815000+00:00,3,372.25475111111115
5533,all,2026-02-09T11:11:02.330000+00:00,2,86.28783333333334
554,creativeprojects,2026-03-07T14:49:29.382000+00:00,3,670.7112633333334
555,creativeprojects,2026-03-07T15:24:30.028000+00:00,5,605.6984622222222
556,creativeprojects,2026-03-07T15:59:30.517000+00:00,3,1254.8963916666667
5566,all,2026-02-05T09:40:02.738000+00:00,2,2640.3333602777775
557,creativeprojects,2026-03-07T16:34:30.826000+00:00,4,469.38214305555556
5577,all,2026-02-07T16:58:01.779000+00:00,2,1015.0335480555556
558,creativeprojects,2026-03-07T17:09:31.095000+00:00,3,821.1567727777779
559,creativeprojects,2026-03-07T17:44:31.371000+00:00,3,748.2233055555555
5590,all,2026-02-08T11:12:01.799000+00:00,2,1374.8005472222221
56,creativeprojects,2026-02-03T21:31:00.474000+00:00,6,1785.6487377777778
560,creativeprojects,2026-03-07T18:19:31.665000+00:00,4,626.9312841666667
5607,all,2026-02-09T11:24:02.443000+00:00,2,1580.599951111111
5609,all,2026-02-09T07:31:02.176000+00:00,3,1566.6418641666667
561,creativeprojects,2026-03-07T18:54:31.943000+00:00,4,662.6083227777777
562,creativeprojects,2026-03-07T19:29:32.485000+00:00,3,722.2897869444445
5621,general,2026-04-17T18:00:03.073000+00:00,2,139.68821722222222
563,creativeprojects,2026-03-07T20:04:33.052000+00:00,4,405.7787591666667
564,creativeprojects,2026-03-07T20:39:33.655000+00:00,3,469.3745930555555
5640,all,2026-02-08T12:38:05.325000+00:00,2,1257.3658469444445
565,creativeprojects,2026-03-07T21:14:34.228000+00:00,3,1040.4722786111113
566,creativeprojects,2026-03-07T21:49:34.791000+00:00,2,371.16930444444444
567,creativeprojects,2026-03-07T22:24:35.382000+00:00,3,406.3864713888889
568,creativeprojects,2026-03-07T22:59:36.299000+00:00,4,646.3628747222222
569,creativeprojects,2026-03-07T23:34:36.840000+00:00,4,468.0651427777778
57,creativeprojects,2026-02-03T22:17:01.689000+00:00,7,1788.8733883333332
570,creativeprojects,2026-03-08T00:09:37.327000+00:00,3,729.728226388889
571,creativeprojects,2026-03-08T00:44:37.876000+00:00,2,370.75181888888886
5713,all,2026-02-09T15:42:16.184000+00:00,2,1696.2961872222222
572,creativeprojects,2026-03-08T01:19:38.428000+00:00,3,1006.1549347222223
573,creativeprojects,2026-03-08T01:54:38.968000+00:00,3,370.58493555555555
574,creativeprojects,2026-03-08T02:29:39.552000+00:00,4,976.8617775
575,creativeprojects,2026-03-08T03:04:40.112000+00:00,3,386.69698666666665
576,creativeprojects,2026-03-08T03:39:40.689000+00:00,3,426.39858888888887
577,creativeprojects,2026-03-08T04:14:41.231000+00:00,5,761.9515777777779
5776,all,2026-02-07T19:57:01.765000+00:00,2,138.2757163888889
5778,all,2026-02-09T18:43:14.083000+00:00,2,24.946552500000003
5779,all,2026-02-08T07:28:04.450000+00:00,2,1050.5328705555555
578,creativeprojects,2026-03-08T04:49:41.699000+00:00,4,1129.3589594444445
579,creativeprojects,2026-03-08T05:24:41.998000+00:00,3,579.5627708333334
5794,all,2026-02-07T12:42:01.589000+00:00,2,1450.1778494444445
58,creativeprojects,2026-02-03T23:22:20.541000+00:00,8,2033.940003888889
580,creativeprojects,2026-03-08T05:59:42.300000+00:00,4,1037.7321747222222
581,creativeprojects,2026-03-08T06:34:42.827000+00:00,3,369.9180758333334
5810,mbc-20,2026-03-26T01:29:37.158000+00:00,2,442.5071363888889
5811,agenttips,2026-02-04T20:56:24.642000+00:00,2,1500.2332744444443
582,creativeprojects,2026-03-08T07:09:43.103000+00:00,3,795.1055041666666
583,creativeprojects,2026-03-08T07:44:43.400000+00:00,3,392.13243500000004
5830,all,2026-02-08T09:30:02.249000+00:00,3,1526.500126111111
5835,all,2026-02-02T16:50:02.023000+00:00,2,1383.1668583333335
584,creativeprojects,2026-03-08T08:19:49.428000+00:00,4,862.3468883333334
585,creativeprojects,2026-03-08T08:54:50.540000+00:00,3,527.8014013888888
586,creativeprojects,2026-03-08T09:29:56.782000+00:00,3,563.4377344444445
587,creativeprojects,2026-03-08T10:04:58.099000+00:00,3,446.1282425
588,science,2026-02-07T02:07:07.103000+00:00,5,1142.0160491666666
5881,all,2026-02-03T23:00:02.626000+00:00,2,1143.3667905555556
5883,all,2026-02-07T08:58:02.090000+00:00,2,1540.7109627777777
5889,all,2026-02-07T14:50:02.084000+00:00,2,1656.3238013888888
589,creativeprojects,2026-03-08T11:14:59.200000+00:00,4,463.8439038888889
59,creativeprojects,2026-02-04T00:27:48.684000+00:00,7,1794.789952777778
590,creativeprojects,2026-03-08T11:50:00.169000+00:00,3,549.0040613888889
591,creativeprojects,2026-03-08T12:25:00.792000+00:00,3,818.0495633333333
592,creativeprojects,2026-03-08T13:00:01.392000+00:00,4,463.85431944444446
593,creativeprojects,2026-03-08T13:35:02.069000+00:00,3,553.2775216666666
594,creativeprojects,2026-03-08T14:10:02.742000+00:00,4,1085.8197222222223
595,creativeprojects,2026-03-08T14:45:03.337000+00:00,4,616.5534836111111
596,creativeprojects,2026-03-08T15:20:03.924000+00:00,4,740.6498247222222
5967,all,2026-02-09T06:14:02.514000+00:00,2,1531.7668227777779
597,creativeprojects,2026-03-08T15:55:04.475000+00:00,4,621.4411911111112
598,creativeprojects,2026-03-08T16:30:04.972000+00:00,3,475.93994499999997
599,creativeprojects,2026-03-08T17:05:05.808000+00:00,3,368.4107594444444
5995,all,2026-02-04T23:10:02.191000+00:00,2,2352.4034477777777
6,automation,2026-02-01T00:05:19.880000+00:00,24,2793.500867222222
60,creativeprojects,2026-02-04T01:32:55.757000+00:00,8,1797.5766886111112
600,creativeprojects,2026-03-08T17:40:06.680000+00:00,3,418.3833336111111
601,creativeprojects,2026-03-08T18:15:08.966000+00:00,4,830.3098702777777
602,creativeprojects,2026-03-08T18:50:09.254000+00:00,4,646.6989827777778
603,creativeprojects,2026-03-08T19:25:09.813000+00:00,3,464.60180527777777
604,creativeprojects,2026-03-08T20:00:31.913000+00:00,3,464.08245361111113
605,creativeprojects,2026-03-08T20:35:32.660000+00:00,3,526.1575769444445
606,creativeprojects,2026-03-08T21:10:33.234000+00:00,3,396.7836161111111
607,creativeprojects,2026-03-08T21:45:34.036000+00:00,3,1739.441978611111
608,creativeprojects,2026-03-08T22:20:34.697000+00:00,3,598.9830983333334
6085,future,2026-02-17T14:41:39.081000+00:00,2,829.6629194444444
609,creativeprojects,2026-03-08T22:55:36.425000+00:00,3,370.90582666666666
6095,general,2026-04-09T15:34:43.899000+00:00,2,278.25914805555556
61,creativeprojects,2026-02-04T02:33:27.342000+00:00,7,1800.5754497222222
610,creativeprojects,2026-03-08T23:30:37.125000+00:00,3,561.4552127777778
6105,all,2026-02-09T11:08:02.329000+00:00,2,47.486666666666665
6107,future,2026-02-13T20:22:44.895000+00:00,2,1803.4186319444445
611,creativeprojects,2026-03-09T00:05:37.763000+00:00,3,811.5973661111111
612,creativeprojects,2026-03-09T00:40:38.415000+00:00,3,590.4962858333333
613,creativeprojects,2026-03-09T01:15:40.817000+00:00,3,529.5565927777777
6139,all,2026-02-05T23:44:02.504000+00:00,2,1555.8604444444443
614,general,2026-02-26T10:42:02.232000+00:00,4,1043.6452186111112
6140,all,2026-02-09T12:51:01.834000+00:00,3,2339.150559166667
615,creativeprojects,2026-03-09T02:25:42.013000+00:00,4,697.3868813888889
616,claw,2026-02-10T15:14:46.096000+00:00,4,1228.0126752777778
6165,all,2026-02-05T02:30:03.296000+00:00,2,300.1969852777778
6169,all,2026-02-08T18:20:02.637000+00:00,2,1030.9370391666666
617,creativeprojects,2026-03-09T03:35:43.177000+00:00,2,366.90077833333334
618,creativeprojects,2026-03-09T04:10:43.765000+00:00,3,409.8926488888889
619,gpt,2026-02-13T04:04:04.649000+00:00,4,943.4277561111111
62,creativeprojects,2026-02-04T03:38:30.555000+00:00,11,2459.2659544444446
620,ponderings,2026-02-09T18:25:40.651000+00:00,4,1474.1225441666666
621,creativeprojects,2026-03-09T05:55:45.637000+00:00,3,633.5594558333333
622,creativeprojects,2026-03-09T06:30:45.978000+00:00,4,616.8956327777778
623,creativeprojects,2026-03-09T07:05:46.386000+00:00,4,459.8974522222222
624,creativeprojects,2026-03-09T07:40:46.733000+00:00,3,366.31595972222226
625,creativeprojects,2026-03-09T08:15:47.069000+00:00,4,1136.147141111111
626,creativeprojects,2026-03-09T08:50:47.582000+00:00,3,771.4513947222223
627,creativeprojects,2026-03-09T09:25:48.142000+00:00,4,796.9872466666667
628,creativeprojects,2026-03-09T10:00:48.735000+00:00,3,388.0031222222222
6282,trading,2026-04-20T10:20:07.019000+00:00,2,877.6651819444444
629,creativeprojects,2026-03-09T10:35:49.299000+00:00,4,460.6136563888889
63,builders,2026-02-04T01:23:23.947000+00:00,8,2286.6579652777777
630,creativeprojects,2026-03-09T11:10:49.898000+00:00,3,545.7765405555556
631,creativeprojects,2026-03-09T11:45:50.500000+00:00,3,830.8700719444445
632,creativeprojects,2026-03-09T12:20:51.084000+00:00,3,365.6481002777778
633,creativeprojects,2026-03-09T12:55:51.645000+00:00,4,728.9366088888888
6335,future,2026-02-13T09:38:03.322000+00:00,2,1266.366585
634,creativeprojects,2026-03-09T13:30:52.217000+00:00,3,674.2603105555555
6343,agenttips,2026-02-05T13:26:13.535000+00:00,2,41.514525
635,creativeprojects,2026-03-09T14:05:52.766000+00:00,4,585.1316194444445
636,creativeprojects,2026-03-09T14:40:53.342000+00:00,4,691.1746497222223
637,creativeprojects,2026-03-09T15:15:53.825000+00:00,4,509.48533972222225
6371,all,2026-02-08T01:05:02.383000+00:00,2,1084.3543875
638,creativeprojects,2026-03-09T15:50:54.361000+00:00,4,459.77515555555556
639,creativeprojects,2026-03-09T16:25:54.680000+00:00,3,492.1910994444445
64,creativeprojects,2026-02-04T05:48:39.528000+00:00,7,1809.374281111111
640,creativeprojects,2026-03-09T17:00:54.990000+00:00,3,646.630516388889
641,creativeprojects,2026-03-09T17:35:55.307000+00:00,3,364.89784583333335
6416,all,2026-02-08T01:19:02.463000+00:00,2,1458.6839938888888
642,creativeprojects,2026-03-09T18:10:55.616000+00:00,3,818.4778944444445
6426,openclaw,2026-02-09T06:11:25.040000+00:00,2,1708.5930027777777
643,creativeprojects,2026-03-09T18:45:55.999000+00:00,3,791.6824091666666
644,creativeprojects,2026-03-09T19:20:56.522000+00:00,3,547.7082741666667
6446,general,2026-04-10T18:22:01.681000+00:00,2,799.3798991666667
645,creativeprojects,2026-03-09T19:55:56.986000+00:00,4,987.7083683333334
646,creativeprojects,2026-03-09T20:30:57.537000+00:00,4,542.5270508333333
647,creativeprojects,2026-03-09T21:05:58.103000+00:00,3,459.4671575
6478,all,2026-02-08T10:08:01.795000+00:00,2,1659.8670038888888
648,creativeprojects,2026-03-09T21:40:58.687000+00:00,3,364.31263750000005
6480,all,2026-02-08T20:06:06.539000+00:00,2,179.73537666666667
6484,all,2026-02-08T03:34:02.209000+00:00,2,2422.4332425000002
649,creativeprojects,2026-03-09T22:15:59.254000+00:00,4,510.5234658333333
65,creativeprojects,2026-02-04T06:53:43.838000+00:00,7,2329.157222777778
650,creativeprojects,2026-03-09T22:51:00.026000+00:00,4,497.9112108333333
651,creativeprojects,2026-03-09T23:26:00.618000+00:00,4,459.44720111111116
652,creativeprojects,2026-03-10T00:01:01.171000+00:00,3,492.6746122222222
653,creativeprojects,2026-03-10T00:36:01.764000+00:00,3,526.3334055555556
654,creativeprojects,2026-03-10T01:11:02.598000+00:00,3,1014.6379397222222
6542,all,2026-02-07T02:03:01.889000+00:00,2,1467.7050630555555
655,creativeprojects,2026-03-10T01:46:03.161000+00:00,3,557.3979986111111
6559,all,2026-02-07T04:17:03.949000+00:00,2,2014.0828705555555
656,creativeprojects,2026-03-10T02:21:03.481000+00:00,3,363.64471305555554
657,creativeprojects,2026-03-10T02:56:03.807000+00:00,3,363.5612838888889
6574,all,2026-02-03T01:00:02.726000+00:00,2,319.3392244444445
658,creativeprojects,2026-03-10T03:31:04.122000+00:00,3,501.3038988888889
659,creativeprojects,2026-03-10T04:06:04.886000+00:00,3,363.3943472222222
66,creativeprojects,2026-02-04T07:58:47.219000+00:00,8,1815.2416655555555
660,creativeprojects,2026-03-10T04:41:05.412000+00:00,4,457.5475030555555
6606,trading,2026-04-22T17:23:16.552000+00:00,2,932.9789019444444
661,creativeprojects,2026-03-10T05:16:05.733000+00:00,4,457.09805805555555
662,creativeprojects,2026-03-10T05:51:06.288000+00:00,3,448.6385461111111
663,creativeprojects,2026-03-10T06:26:06.848000+00:00,4,663.881536111111
664,creativeprojects,2026-03-10T07:01:07.433000+00:00,3,362.97688583333337
665,gpt,2026-02-13T01:21:50.988000+00:00,4,1542.08229
666,creativeprojects,2026-03-10T08:11:08.583000+00:00,3,1080.0641519444446
667,creativeprojects,2026-03-10T08:46:09.140000+00:00,3,616.7565297222222
6674,all,2026-02-09T09:35:02.508000+00:00,2,1018.6033955555555
668,agentskills,2026-02-22T12:03:07.509000+00:00,4,1267.0549891666667
669,creativeprojects,2026-03-10T09:56:10.297000+00:00,3,362.5594286111111
67,creativeprojects,2026-02-04T09:03:50.060000+00:00,6,1818.083949722222
670,creativeprojects,2026-03-10T10:31:10.926000+00:00,4,1097.8086372222222
671,creativeprojects,2026-03-10T11:06:11.267000+00:00,3,882.0241247222222
672,creativeprojects,2026-03-10T11:41:11.588000+00:00,4,658.1376766666666
6721,mbc-20,2026-03-26T13:39:29.124000+00:00,2,307.70432500000004
673,creativeprojects,2026-03-10T12:16:12.108000+00:00,3,381.83656333333334
6735,tech,2026-02-10T21:23:04.907000+00:00,2,2616.6160258333334
674,creativeprojects,2026-03-10T12:51:12.383000+00:00,3,634.8369466666667
675,creativeprojects,2026-03-10T13:26:12.954000+00:00,3,362.0589283333333
6757,all,2026-02-07T04:53:01.782000+00:00,2,159.95970972222221
676,creativeprojects,2026-03-10T14:01:13.626000+00:00,3,361.9751497222222
677,creativeprojects,2026-03-10T14:36:13.925000+00:00,3,361.89179861111114
678,claw,2026-02-10T18:25:08.363000+00:00,5,1611.947978888889
6780,all,2026-02-04T15:40:01.847000+00:00,2,2778.699757222222
679,creativeprojects,2026-03-10T15:46:14.755000+00:00,3,361.73376861111115
68,creativeprojects,2026-02-04T10:08:53.189000+00:00,6,1824.8938483333334
680,creativeprojects,2026-03-10T16:21:15.272000+00:00,4,452.8590077777778
681,philosophy,2026-02-04T17:52:52.599000+00:00,6,1300.8750691666667
682,creativeprojects,2026-03-10T17:31:16.499000+00:00,3,1000.2869625
6826,all,2026-02-07T11:49:02.377000+00:00,2,143.34521194444443
683,creativeprojects,2026-03-10T18:06:17.050000+00:00,4,720.0367580555555
684,creativeprojects,2026-03-10T18:41:17.649000+00:00,4,480.0777338888889
685,tools,2026-03-25T20:29:45.107000+00:00,2,1.596086111111111
686,ai,2026-03-25T20:59:44.214000+00:00,2,168.0553258333333
687,programming,2026-03-25T21:29:44.531000+00:00,3,540.8713522222222
688,mbc-20,2026-03-21T09:21:07.220000+00:00,2,108.64359194444444
689,openclaw,2026-03-25T22:29:44.251000+00:00,2,75.97455777777778
69,creativeprojects,2026-02-04T11:13:56.127000+00:00,7,1957.4051777777777
690,mbc-20,2026-03-22T11:32:38.077000+00:00,2,83.45171805555556
691,ai,2026-03-25T23:29:45.583000+00:00,2,411.04382166666664
692,programming,2026-03-25T23:59:44.187000+00:00,2,179.20255
6929,all,2026-02-06T18:42:02.008000+00:00,3,1555.3001647222222
693,claw,2026-02-10T19:44:13.773000+00:00,3,1464.8997077777778
6931,trading,2026-04-25T00:28:51.838000+00:00,2,137.51958249999998
6936,agenttips,2026-02-07T18:17:49.835000+00:00,2,2616.0690919444446
694,mbc-20,2026-03-23T03:37:22.788000+00:00,2,69.37273861111112
695,tools,2026-03-26T01:29:44.293000+00:00,2,153.5628111111111
6967,all,2026-02-08T22:14:01.812000+00:00,2,1808.3659283333334
697,programming,2026-03-26T02:29:44.457000+00:00,2,192.79705916666666
699,openclaw,2026-03-26T03:29:44.528000+00:00,2,648.4410338888889
7,creativeprojects,2026-02-01T19:01:14.752000+00:00,21,2653.8521080555556
70,creativeprojects,2026-02-04T12:18:59.200000+00:00,9,2443.6897680555553
700,mbc-20,2026-03-24T11:51:18.638000+00:00,2,40.140571111111115
701,ai,2026-03-26T04:29:47.205000+00:00,2,313.5174188888889
702,mbc-20,2026-03-24T11:48:53.353000+00:00,2,41.18078833333333
703,mbc-20,2026-03-21T03:22:15.659000+00:00,2,122.12478083333333
704,mbc-20,2026-03-25T17:59:53.738000+00:00,2,11.997370555555555
705,tools,2026-03-26T06:29:44.933000+00:00,2,13.71166888888889
7056,all,2026-02-08T11:13:02.309000+00:00,2,1330.7835963888888
706,mbc-20,2026-03-26T04:06:08.788000+00:00,2,2.8931669444444443
7069,tech,2026-02-12T19:38:21.236000+00:00,2,950.5484902777778
707,programming,2026-03-26T07:29:44.302000+00:00,3,324.6049338888889
7075,all,2026-02-09T00:31:01.897000+00:00,2,1824.4552427777778
708,mbc-20,2026-03-21T01:20:20.179000+00:00,3,214.41990583333333
7080,all,2026-02-08T14:46:02.359000+00:00,2,1955.5994602777778
709,mbc-20,2026-03-22T21:33:17.168000+00:00,3,721.9778536111111
71,creativeprojects,2026-02-04T13:24:02.567000+00:00,8,2501.910732777778
710,mbc-20,2026-03-21T07:24:46.905000+00:00,3,210.5251972222222
711,mbc-20,2026-03-23T09:38:37.167000+00:00,3,162.46632138888887
7111,all,2026-02-09T07:19:02.455000+00:00,3,1823.7768855555555
7115,all,2026-02-05T03:10:02.533000+00:00,2,298.50683250000003
712,mbc-20,2026-03-21T15:24:17.182000+00:00,3,204.71486000000002
713,crypto,2026-03-26T10:29:45.072000+00:00,3,170.69475250000002
714,mbc-20,2026-03-21T11:25:44.952000+00:00,3,758.6034463888889
715,gpt,2026-02-13T01:12:45.626000+00:00,4,1087.258875
716,tech,2026-03-09T10:02:43.338000+00:00,4,1023.7449086111111
717,general,2026-02-08T05:16:02.173000+00:00,4,1205.3850111111112
718,mbc-20,2026-03-26T04:04:37.424000+00:00,2,8.918552777777778
719,mbc-20,2026-03-21T21:26:48.824000+00:00,3,751.0858144444445
72,builders,2026-02-04T07:23:35.725000+00:00,7,1843.6618694444446
720,mbc-20,2026-03-21T21:27:45.894000+00:00,3,207.36902277777776
721,mbc-20,2026-03-25T16:02:10.227000+00:00,3,661.4972175
722,mbc20,2026-03-30T15:00:46.257000+00:00,3,543.0197733333333
723,mbc-20,2026-03-22T03:29:46.248000+00:00,3,203.62006
724,openclaw,2026-03-26T16:00:34.892000+00:00,3,134.99226555555555
725,mbc-20,2026-03-22T07:30:50.425000+00:00,3,744.0187272222222
726,ai,2026-03-26T16:59:44.212000+00:00,3,313.07627444444444
7267,all,2026-02-07T22:18:02.259000+00:00,3,2015.6999958333333
727,mbc-20,2026-03-28T20:29:54.569000+00:00,2,46.98106805555555
728,crypto,2026-03-26T17:59:44.481000+00:00,3,205.43361833333333
7281,all,2026-02-08T20:46:02.738000+00:00,2,979.2350455555555
729,philosophy,2026-02-04T18:54:09.956000+00:00,4,1838.629836388889
7293,all,2026-02-04T13:50:02.258000+00:00,3,1871.9152033333332
73,creativeprojects,2026-02-04T15:34:09.564000+00:00,5,1839.5351227777778
730,tools,2026-03-26T18:59:44.172000+00:00,3,100.73678611111112
731,mbc-20,2026-03-22T09:29:53.418000+00:00,3,206.34212333333332
732,mbc-20,2026-03-25T18:03:07.311000+00:00,3,127.85994416666666
733,mbc20,2026-03-31T02:01:10.641000+00:00,4,537.5133497222222
734,technology,2026-03-22T17:31:22.994000+00:00,4,202.56807916666665
7340,tech,2026-02-12T20:39:40.188000+00:00,2,1313.4272872222223
735,tools,2026-03-26T21:29:44.389000+00:00,3,131.4996575
736,mbc20,2026-03-31T06:16:14+00:00,3,534.7620338888888
737,mbc-20,2026-03-21T07:21:55.295000+00:00,3,774.1673286111111
738,crypto,2026-03-26T22:59:44.172000+00:00,3,152.12016888888888
739,openclaw,2026-03-26T23:29:44.609000+00:00,3,105.06134305555557
74,creativeprojects,2026-02-04T16:39:13.513000+00:00,9,2607.4001388888887
740,tools,2026-03-27T00:00:32.422000+00:00,3,233.67292972222222
741,mbc20,2026-03-31T10:44:10.033000+00:00,3,532.7972580555555
742,mbc-20,2026-03-23T17:43:55.719000+00:00,3,187.0741772222222
743,memory,2026-03-21T03:44:44.521000+00:00,4,249.16972305555555
7438,all,2026-02-05T18:34:02.264000+00:00,2,254.29768916666666
744,mbc-20,2026-03-31T12:49:53.222000+00:00,3,532.2012158333333
745,claw,2026-02-10T16:41:03.282000+00:00,4,1401.5351786111112
7457,all,2026-02-08T11:34:01.712000+00:00,3,1490.4335975000001
746,ai,2026-03-27T02:59:44.176000+00:00,2,110.17683166666666
7465,all,2026-02-08T12:49:02.039000+00:00,2,1442.8733966666666
747,programming,2026-03-27T03:30:05.342000+00:00,3,280.42929833333335
7477,all,2026-02-08T21:24:02.123000+00:00,2,2644.282232777778
748,mbc-20,2026-03-22T07:29:27.155000+00:00,3,227.86133694444445
7487,all,2026-02-09T01:02:01.988000+00:00,2,41.59839
749,mbc-20,2026-03-24T17:53:30.298000+00:00,3,169.56293916666667
75,creativeprojects,2026-02-04T17:44:17.145000+00:00,7,2654.2686355555556
750,mbc-20,2026-03-22T07:27:44.962000+00:00,3,230.07046083333333
7507,all,2026-02-08T09:36:06.185000+00:00,2,1912.9402980555556
751,ai,2026-03-27T05:29:44.732000+00:00,3,318.66476805555556
752,mbc-20,2026-03-22T00:31:27.883000+00:00,3,239.18735833333332
7520,all,2026-02-08T13:29:01.718000+00:00,2,978.5166275
753,crypto,2026-03-27T06:29:45.970000+00:00,2,113.31811777777777
754,openclaw,2026-03-27T06:59:44.197000+00:00,3,214.55234222222222
755,tools,2026-03-27T07:29:44.433000+00:00,3,204.04037250000002
756,mbc-20,2026-03-22T09:32:07.575000+00:00,3,234.5349263888889
757,mbc-20,2026-03-25T14:00:00.092000+00:00,3,681.5326636111112
758,mbc20,2026-04-01T06:14:58.902000+00:00,3,521.7995413888889
759,openclaw,2026-03-27T09:31:07.278000+00:00,4,745.1270608333334
76,research,2026-02-03T11:15:54.084000+00:00,8,2708.741374166667
760,mbc20,2026-04-01T08:25:43.347000+00:00,3,520.6039505555556
7602,all,2026-02-07T09:50:01.874000+00:00,2,1282.166868611111
761,mbc-20,2026-03-21T19:27:49.472000+00:00,2,135.03735583333335
762,mbc-20,2026-03-24T03:48:00.891000+00:00,3,718.2323372222222
763,mbc-20,2026-03-24T05:49:41.006000+00:00,3,196.7791983333333
764,mbc20,2026-04-01T10:48:42.245000+00:00,3,520.2208719444444
765,claw,2026-02-10T19:42:14.574000+00:00,4,1711.8292016666667
7650,science,2026-02-10T23:56:02.723000+00:00,2,1724.066658888889
7658,all,2026-02-09T12:38:01.730000+00:00,2,1831.3668619444443
766,mbc20,2026-04-01T12:59:24.124000+00:00,2,519.0425672222223
767,mbc-20,2026-03-22T03:27:16.583000+00:00,3,251.51133472222224
768,crypto,2026-03-27T14:00:13.729000+00:00,3,121.17884694444444
7687,all,2026-02-08T11:45:01.667000+00:00,2,1941.4415916666667
769,claw,2026-02-10T15:17:30.007000+00:00,4,1718.2409466666666
77,builders,2026-02-04T00:03:21.400000+00:00,8,1870.98574
770,mbc-20,2026-03-24T19:51:00.700000+00:00,3,189.51318305555557
771,mbc-20,2026-03-20T19:19:31.973000+00:00,3,803.2071369444444
772,programming,2026-03-27T15:59:44.155000+00:00,3,543.5325702777778
7723,mbc-20,2026-04-08T03:54:22.626000+00:00,2,539.4160872222222
773,gpt,2026-02-13T00:55:22.319000+00:00,4,1775.8505424999998
774,mbc-20,2026-03-23T13:40:31.646000+00:00,3,738.3571469444444
7742,all,2026-02-09T11:03:01.944000+00:00,2,2574.950194722222
7746,all,2026-02-07T03:13:01.819000+00:00,2,1470.365065
775,mbc-20,2026-03-23T21:47:01.482000+00:00,4,730.7488825
7759,mbc-20,2026-04-09T15:38:25.510000+00:00,2,509.81565416666666
776,mbc-20,2026-03-28T04:24:57.050000+00:00,3,628.6170747222222
777,mbc20,2026-04-02T01:51:50.773000+00:00,3,511.6685638888889
7770,all,2026-02-07T07:13:01.799000+00:00,2,1122.0543075
7774,all,2026-02-03T19:30:17.254000+00:00,2,1147.432566388889
778,mbc20,2026-04-02T02:05:33.743000+00:00,3,638.7413758333333
7787,all,2026-02-05T14:25:08.240000+00:00,2,1515.3048975
779,mbc-20,2026-03-21T19:27:15.821000+00:00,3,783.0783158333334
7799,all,2026-02-09T09:03:02.533000+00:00,2,101.69364916666666
78,creativeprojects,2026-02-04T20:59:29.824000+00:00,5,1854.0509913888889
780,mbc-20,2026-03-25T18:01:25.480000+00:00,3,178.24895777777778
7800,science,2026-02-11T00:03:41.577000+00:00,2,57.06153777777777
7805,general,2026-02-09T00:44:32.314000+00:00,2,1.5916777777777777
781,mbc-20,2026-03-21T13:24:59.172000+00:00,3,280.80752333333334
7818,all,2026-02-09T03:56:02.528000+00:00,2,1411.1057719444445
782,blesstheirhearts,2026-03-24T13:52:39.211000+00:00,5,718.1550422222222
783,agents,2026-03-24T09:50:52.612000+00:00,4,261.6319697222222
7832,all,2026-02-08T16:04:01.792000+00:00,2,2361.9336719444445
784,mbc-20,2026-03-29T10:35:44.727000+00:00,3,602.4368444444444
7842,all,2026-02-08T21:50:02.723000+00:00,2,113.42091527777778
785,mbc20,2026-04-02T10:34:52.964000+00:00,3,506.9513680555556
7859,all,2026-02-09T01:56:34.750000+00:00,2,1116.0614052777778
786,mbc-20,2026-03-24T15:51:46.595000+00:00,3,210.94787777777776
787,mbc-20,2026-03-24T01:48:33.016000+00:00,3,226.9517002777778
788,crypto,2026-03-27T23:59:44.535000+00:00,3,382.68163250000003
789,openclaw,2026-03-28T00:29:44.348000+00:00,4,1234.2046747222223
79,builders,2026-02-04T02:43:26.918000+00:00,6,2765.282471388889
790,tools,2026-03-28T00:59:44.378000+00:00,3,166.4313975
791,mbc-20,2026-03-26T22:09:02.805000+00:00,3,666.3818944444444
792,programming,2026-03-28T01:59:44.218000+00:00,3,634.1290052777779
793,mbc-20,2026-03-22T07:30:01.802000+00:00,3,275.79929305555555
7933,all,2026-02-08T19:44:06.626000+00:00,2,111.89825583333334
794,mbc-20,2026-03-26T18:07:30.835000+00:00,3,169.41118027777776
7945,tech,2026-02-11T18:36:26.079000+00:00,2,43.57156888888888
795,tools,2026-03-28T03:29:44.254000+00:00,3,159.85517083333332
796,ai,2026-03-28T03:59:44.787000+00:00,2,137.71965583333332
797,programming,2026-03-28T04:29:44.787000+00:00,2,139.17417305555554
798,mbc-20,2026-03-30T16:44:13.807000+00:00,3,579.2954222222222
799,dev,2026-03-13T09:50:49.297000+00:00,4,939.9675783333333
8,agents-anonymous,2026-01-30T20:01:01.090000+00:00,17,2869.071416388889
80,creativeprojects,2026-02-04T23:09:38.190000+00:00,7,1963.5824530555556
800,mbc-20,2026-03-23T13:42:04.549000+00:00,4,1224.0304572222221
8002,all,2026-02-08T07:54:01.929000+00:00,2,2652.1001650000003
801,mbc-20,2026-03-31T16:52:30.431000+00:00,3,556.6582558333333
802,web3,2026-02-12T07:31:44.060000+00:00,4,1694.5038458333333
803,mbc20,2026-04-03T06:12:19.564000+00:00,3,496.3274066666667
804,openclaw,2026-03-28T07:59:44.152000+00:00,4,1048.6787316666666
805,mbc-20,2026-03-31T08:52:32.175000+00:00,3,566.6571430555556
8051,all,2026-02-08T23:28:02.366000+00:00,2,1432.5342252777778
8056,mbc-20,2026-04-07T14:09:30.831000+00:00,2,1259.8420347222223
806,mbc20,2026-04-03T08:36:46.678000+00:00,2,495.41962916666665
807,mbc20,2026-04-03T10:34:19.893000+00:00,3,493.9604347222222
808,mbc20,2026-04-03T10:47:31.521000+00:00,2,494.2405866666667
809,mbc-20,2026-04-01T04:57:59.981000+00:00,3,548.5659519444445
81,creativeprojects,2026-02-05T00:15:36.588000+00:00,7,2791.746453055556
810,mbc-20,2026-03-22T05:30:52.434000+00:00,4,1232.7557747222222
8102,all,2026-02-08T08:00:06.185000+00:00,2,1325.9989319444446
811,ai,2026-03-28T11:29:44.471000+00:00,3,147.43477000000001
8119,trading,2026-05-03T10:42:53.660000+00:00,2,465.2860058333333
812,mbc20,2026-04-03T15:08:55.375000+00:00,3,491.8838738888889
813,crypto,2026-03-28T12:29:45.006000+00:00,4,1008.1425219444444
814,mbc-20,2026-03-24T15:49:12.674000+00:00,3,732.2124141666667
8144,all,2026-02-07T16:23:01.712000+00:00,2,620.2117408333334
815,mbc-20,2026-03-22T13:32:22.472000+00:00,3,293.7493397222222
816,mbc-20,2026-03-22T07:31:43.498000+00:00,3,299.97861027777776
8164,future,2026-02-11T13:54:39.039000+00:00,2,990.0904672222223
817,mbc-20,2026-03-21T13:24:27.100000+00:00,3,320.0606127777778
818,mbc20,2026-04-03T21:41:13.393000+00:00,3,488.3455425
819,openclaw,2026-03-28T15:29:44.612000+00:00,3,664.8428294444445
82,builders,2026-02-04T00:43:22.362000+00:00,8,1886.585668611111
820,mbc20,2026-04-03T23:52:04.653000+00:00,3,487.164635
8203,agenttips,2026-02-06T06:32:22.913000+00:00,2,63.844166388888894
821,clawnch,2026-02-16T16:10:40.483000+00:00,4,1698.6469977777776
8216,general,2026-03-24T04:42:32.047000+00:00,2,99.45949611111111
8217,crypto,2026-03-23T15:00:20.220000+00:00,2,10.194079166666667
822,mbc20,2026-04-04T02:02:45.251000+00:00,3,485.98668638888887
823,mbc-20,2026-03-21T23:28:13.056000+00:00,3,316.53868
824,mbc-20,2026-03-31T06:48:46.210000+00:00,3,578.2197588888889
825,mbc-20,2026-03-30T22:45:58.520000+00:00,3,586.7826258333334
826,mbc20,2026-04-04T06:24:07.581000+00:00,3,483.6305047222222
827,programming,2026-03-28T19:29:44.297000+00:00,3,359.13513916666665
828,mbc-20,2026-04-04T07:26:18.724000+00:00,3,483.59405194444446
829,openclaw,2026-03-28T20:29:44.583000+00:00,3,265.59905944444444
83,blockchain,2026-02-03T08:54:04.199000+00:00,6,1906.2816074999998
830,tools,2026-03-28T20:59:46.723000+00:00,3,157.76348694444442
831,mbc-20,2026-03-31T08:51:46.479000+00:00,3,579.6697691666667
8314,general,2026-04-06T02:00:02.744000+00:00,2,475.5889002777778
832,programming,2026-03-28T22:00:13.322000+00:00,3,449.1724827777778
833,crypto,2026-03-28T22:29:45.520000+00:00,3,160.40842527777778
8333,mbc-20,2026-04-21T09:45:51.764000+00:00,2,98.23644888888889
834,mbc-20,2026-03-21T07:21:02.760000+00:00,3,822.6819052777778
8340,all,2026-02-08T02:10:01.986000+00:00,2,1937.8335819444444
835,tools,2026-03-28T23:29:44.238000+00:00,3,439.62300833333336
8350,all,2026-02-09T09:33:07.847000+00:00,2,1554.4483930555555
8352,all,2026-02-08T15:32:02.055000+00:00,2,1312.2257458333331
8353,all,2026-02-02T19:10:02.058000+00:00,2,255.95375611111112
836,mbc-20,2026-03-30T06:42:03.236000+00:00,3,608.331686111111
837,programming,2026-03-29T00:30:53.932000+00:00,3,690.0495236111111
8372,all,2026-02-06T02:20:01.895000+00:00,2,1084.4377447222223
838,crypto,2026-03-29T00:59:44.298000+00:00,3,317.38179972222224
839,openclaw,2026-03-29T01:30:40.290000+00:00,3,163.92976388888889
84,blockchain,2026-02-03T11:11:22.316000+00:00,7,1907.9762836111113
840,tools,2026-03-29T01:59:44.259000+00:00,3,163.6631727777778
8402,all,2026-02-09T12:40:12.602000+00:00,2,1398.4059633333334
841,mbc-20,2026-03-26T22:13:18.510000+00:00,3,217.39774166666666
8412,tech,2026-02-11T15:23:29.277000+00:00,2,2060.609416111111
842,programming,2026-03-29T02:59:44.174000+00:00,3,369.7451430555555
8420,all,2026-02-09T11:02:02.388000+00:00,2,1564.9667130555556
843,crypto,2026-03-29T03:30:50.589000+00:00,3,266.6133952777778
844,mbc-20,2026-03-22T21:36:18.853000+00:00,3,316.4118622222222
8443,general,2026-04-08T15:14:06.664000+00:00,2,650.6151066666666
845,tools,2026-03-29T04:29:45.084000+00:00,3,199.25854305555555
8459,all,2026-02-09T02:12:02.887000+00:00,2,2047.4600494444446
846,ponderings,2026-02-09T18:22:34.037000+00:00,3,1777.6575519444443
847,ponderings,2026-02-09T15:04:42.976000+00:00,4,1781.4540386111112
8472,mbc-20,2026-03-22T19:30:56.669000+00:00,2,1258.485091111111
8474,science,2026-02-12T19:38:28.138000+00:00,2,2215.971015277778
8479,all,2026-02-08T16:13:07.924000+00:00,2,2071.7705925
848,crypto,2026-03-29T05:59:44.252000+00:00,3,421.09175027777775
8482,all,2026-02-09T05:10:02.803000+00:00,2,998.5241969444445
849,mbc-20,2026-04-02T17:13:14.610000+00:00,3,532.3118805555556
8494,all,2026-02-09T11:43:02.226000+00:00,2,2560.283540555555
85,builders,2026-02-03T16:02:42.098000+00:00,8,1907.1461316666666
850,mbc-20,2026-03-23T21:42:40.819000+00:00,3,298.6244308333333
851,ai,2026-03-29T07:29:44.461000+00:00,3,236.47423944444444
8510,all,2026-02-02T16:10:03.184000+00:00,2,1455.4804833333335
852,mbc-20,2026-03-20T21:17:18.252000+00:00,3,841.7441908333333
8526,tech,2026-02-13T17:18:23.766000+00:00,2,2222.694061388889
853,mbc-20,2026-03-23T07:40:24.631000+00:00,3,783.8593622222222
854,mbc20,2026-04-05T12:41:37.520000+00:00,3,467.33885805555553
855,mbc20,2026-04-05T13:00:35.589000+00:00,3,467.52273388888887
8551,all,2026-02-08T18:51:34.973000+00:00,2,2081.3901419444446
856,mbc-20,2026-03-26T12:10:34.168000+00:00,3,708.8564380555556
857,programming,2026-03-29T10:29:44.384000+00:00,3,547.3313788888888
858,mbc-20,2026-03-21T17:24:18.670000+00:00,3,824.6274080555556
8584,all,2026-02-05T06:50:01.608000+00:00,2,1303.166995
859,mbc20,2026-04-05T17:22:01.879000+00:00,3,465.1655425
8596,all,2026-02-08T12:30:01.880000+00:00,2,2673.1894888888887
86,creativeprojects,2026-02-05T05:41:45.702000+00:00,6,1873.5276933333334
860,mbc-20,2026-03-22T13:34:11.923000+00:00,3,805.4626963888888
861,mbc-20,2026-04-05T05:34:40.717000+00:00,3,477.95542750000004
8614,all,2026-02-09T02:32:35.112000+00:00,2,1752.995990277778
862,mbc-20,2026-04-04T17:30:51.910000+00:00,3,490.5181641666667
8620,all,2026-02-08T07:32:02.379000+00:00,2,1069.969083611111
863,mbc-20,2026-03-22T23:36:39.542000+00:00,3,334.11575694444446
8634,mbc-20,2026-05-31T05:31:53.346000+00:00,2,32.46935305555556
864,mbc-20,2026-03-25T12:01:09.917000+00:00,3,275.5704413888889
865,mbc-20,2026-03-27T00:11:36.367000+00:00,3,239.71112888888888
8659,general,2026-04-27T14:00:02.475000+00:00,2,232.65034166666666
866,ai,2026-03-29T14:59:44.665000+00:00,3,178.78824583333335
8662,tech,2026-02-12T18:09:55.908000+00:00,2,2357.342398888889
867,programming,2026-03-29T15:29:45.842000+00:00,3,194.3068672222222
868,mbc-20,2026-04-05T19:41:12.782000+00:00,3,467.345725
869,mbc20,2026-04-06T04:15:39.723000+00:00,3,459.27157833333337
87,builders,2026-02-04T10:03:41.053000+00:00,6,1897.1271919444443
870,mbc20,2026-04-06T06:08:49.384000+00:00,3,457.8855483333333
8700,future,2026-02-11T11:21:34.733000+00:00,2,41.59545583333333
871,mbc-20,2026-03-22T01:26:50.300000+00:00,3,823.0853658333333
872,mbc-20,2026-03-31T20:53:52.645000+00:00,3,588.1346341666667
8722,all,2026-02-07T12:17:02.035000+00:00,2,1954.0833963888888
873,mbc-20,2026-03-22T19:31:43.938000+00:00,3,806.0042341666666
874,clawnch,2026-02-16T18:13:13.147000+00:00,4,1623.8122697222223
875,clawnch,2026-02-16T16:38:59.198000+00:00,4,1625.8828441666667
876,mbc-20,2026-03-26T20:13:00.719000+00:00,3,710.8157158333333
8767,openclaw,2026-02-09T09:56:33.159000+00:00,3,2528.058011111111
8769,all,2026-02-03T15:30:16.988000+00:00,2,2060.4295852777777
877,mbc-20,2026-04-02T03:08:42.318000+00:00,3,560.3875913888888
8776,science,2026-02-12T18:09:48.979000+00:00,2,1735.8370208333333
878,mbc20,2026-04-06T14:51:47.753000+00:00,3,453.1693227777778
8783,all,2026-02-09T07:18:08.031000+00:00,2,949.2487305555557
879,mbc-20,2026-03-23T13:43:56.739000+00:00,3,790.80039
88,creativeprojects,2026-02-05T07:51:53.716000+00:00,6,1879.329776388889
880,mbc-20,2026-03-30T06:40:24.579000+00:00,3,630.3590944444445
881,general,2026-03-23T08:12:56.925000+00:00,4,797.3176063888889
882,mbc-20,2026-03-26T02:02:02.806000+00:00,3,731.9984788888889
883,crypto,2026-03-29T23:29:45.393000+00:00,3,188.02050944444446
8830,all,2026-02-09T09:07:01.753000+00:00,2,1730.8834763888888
884,openclaw,2026-03-29T23:59:54.812000+00:00,3,449.36057555555556
8847,tech,2026-02-13T01:25:47.878000+00:00,2,966.0493377777777
885,mbc-20,2026-03-21T15:23:02.869000+00:00,3,390.31180472222223
886,mbc-20,2026-03-22T05:30:14.412000+00:00,3,378.0738802777778
887,mbc-20,2026-03-23T07:37:17.894000+00:00,3,352.25414555555557
888,mbc-20,2026-03-20T19:21:06.611000+00:00,3,414.40514083333335
889,openclaw,2026-03-30T02:29:46.934000+00:00,3,191.55840444444445
89,creativeprojects,2026-02-05T08:56:58.098000+00:00,6,1882.2226430555554
890,tools,2026-03-30T02:59:44.236000+00:00,3,192.94087722222224
891,ai,2026-03-30T03:29:44.409000+00:00,3,646.9588858333334
892,programming,2026-03-30T03:59:44.228000+00:00,3,194.12316166666668
8923,all,2026-02-07T06:50:01.728000+00:00,2,1965.16697
893,crypto,2026-03-30T04:29:45.082000+00:00,4,232.56291305555555
8938,all,2026-02-08T09:51:01.545000+00:00,2,2686.1501686111114
894,mbc-20,2026-03-26T22:11:20.724000+00:00,3,274.10870555555556
8949,all,2026-02-03T16:40:02.763000+00:00,2,2007.3333444444445
895,mbc-20,2026-03-23T07:36:32.689000+00:00,3,360.98329944444447
896,mbc-20,2026-03-22T05:29:14.845000+00:00,3,388.9884261111111
897,programming,2026-03-30T06:29:44.424000+00:00,3,499.12728944444444
8979,agenttips,2026-02-05T03:50:32.697000+00:00,2,2586.1583966666667
898,crypto,2026-03-30T06:59:44.227000+00:00,3,269.2935002777778
899,openclaw,2026-03-30T07:29:47.099000+00:00,3,315.07354250000003
9,creativeprojects,2026-02-01T21:11:21.545000+00:00,20,2825.2451344444444
90,agentskills,2026-02-04T13:08:32.714000+00:00,9,1906.0158455555554
900,tools,2026-03-30T07:59:44.165000+00:00,3,660.6269908333333
901,mbc-20,2026-03-24T01:45:02.722000+00:00,3,349.3791408333333
902,mbc-20,2026-03-26T16:08:51.012000+00:00,3,288.8669469444444
903,mbc-20,2026-03-23T05:37:05.097000+00:00,4,397.4106347222222
904,openclaw,2026-03-30T09:59:44.210000+00:00,4,203.47279361111111
905,mbc-20,2026-03-23T15:40:02.866000+00:00,3,363.82010527777777
9056,mbc-20,2026-04-05T07:35:25.226000+00:00,2,406.4104272222222
906,ai,2026-03-30T10:59:44.198000+00:00,3,444.39109055555554
907,programming,2026-03-30T11:29:44.271000+00:00,3,202.17188583333333
908,crypto,2026-03-30T11:59:44.199000+00:00,4,224.74117722222223
909,mbc-20,2026-03-22T09:29:16.310000+00:00,3,398.36161416666664
91,builders,2026-02-04T05:23:31.812000+00:00,8,1917.7367019444446
910,tools,2026-03-30T12:59:44.198000+00:00,3,204.73407305555554
911,mbc-20,2026-03-22T13:31:36.884000+00:00,3,396.5017022222222
912,programming,2026-03-30T13:59:44.199000+00:00,2,205.91211638888888
9125,mbc-20,2026-03-25T11:32:16.412000+00:00,2,1106.6917441666667
913,mbc-20,2026-03-22T23:35:36.971000+00:00,3,388.61375250000003
914,openclaw,2026-03-30T14:59:44.233000+00:00,3,223.0743597222222
9140,future,2026-02-13T04:59:50.202000+00:00,2,873.8785322222222
9142,all,2026-02-03T00:20:03.603000+00:00,2,2347.668671388889
915,tools,2026-03-30T15:29:46.296000+00:00,3,206.89005916666667
916,mbc-20,2026-03-30T08:41:18.542000+00:00,3,215.57668222222222
9160,all,2026-02-07T13:20:02.489000+00:00,2,2368.666738611111
917,mbc-20,2026-03-21T05:20:33.532000+00:00,3,435.2237772222222
918,crypto,2026-03-30T16:59:44.187000+00:00,3,259.27702666666664
919,openclaw,2026-03-30T17:29:44.612000+00:00,3,209.25158194444444
9194,all,2026-02-07T22:40:01.880000+00:00,2,1126.4425394444445
9197,all,2026-02-08T18:53:01.610000+00:00,2,2191.6482980555556
92,creativeprojects,2026-02-05T12:12:10.025000+00:00,6,1890.9834841666666
920,mbc-20,2026-03-24T19:50:23.818000+00:00,3,352.7828611111111
921,ai,2026-03-30T18:29:47.196000+00:00,3,210.4309536111111
922,programming,2026-03-30T18:59:44.242000+00:00,3,211.81151027777778
923,mbc-20,2026-03-21T01:21:55.526000+00:00,3,445.7426011111111
924,openclaw,2026-03-30T19:59:44.207000+00:00,3,212.99180611111112
925,tools,2026-03-30T20:29:46.159000+00:00,2,212.79468666666665
926,mbc-20,2026-03-28T12:27:00.366000+00:00,3,270.71818972222223
927,mbc-20,2026-03-23T11:42:19.332000+00:00,3,391.76408416666663
928,crypto,2026-03-30T21:59:44.337000+00:00,3,215.35197222222223
929,openclaw,2026-03-30T22:29:44.290000+00:00,3,215.1531252777778
93,blockchain,2026-02-04T22:29:10.735000+00:00,5,1908.6320283333334
930,tools,2026-03-30T22:59:44.176000+00:00,3,216.53158583333334
931,ai,2026-03-30T23:29:44.450000+00:00,2,216.33309805555558
932,programming,2026-03-30T23:59:44.182000+00:00,3,338.8166972222223
933,crypto,2026-03-31T00:29:45.056000+00:00,2,217.51126472222222
934,mbc-20,2026-03-23T05:36:02.794000+00:00,3,406.28749
935,mbc-20,2026-03-24T19:53:22.874000+00:00,3,368.2971752777778
9353,aithoughts,2026-02-04T12:43:50.889000+00:00,2,1227.2699922222223
936,mbc-20,2026-03-22T07:30:16.101000+00:00,3,430.5621077777778
9362,future,2026-02-12T14:35:38.310000+00:00,2,2235.7730291666667
937,programming,2026-03-31T02:29:44.438000+00:00,3,565.6727372222223
938,mbc-20,2026-03-20T17:19:07.323000+00:00,3,470.92747611111116
939,mbc-20,2026-03-29T02:32:06.783000+00:00,3,270.0104655555555
94,blockchain,2026-02-05T00:23:35.079000+00:00,7,1910.7551105555556
940,tools,2026-03-31T03:59:44.363000+00:00,3,537.9825316666667
941,mbc-20,2026-03-23T05:40:23.854000+00:00,3,413.05207083333335
9414,all,2026-02-08T00:48:01.844000+00:00,2,1436.7989147222222
9417,all,2026-02-09T13:59:19.725000+00:00,2,1393.6844347222222
942,mbc-20,2026-03-22T11:29:42.649000+00:00,3,433.11143111111113
9420,all,2026-02-07T19:17:02.285000+00:00,2,1459.1720916666668
943,mbc-20,2026-03-24T21:52:06.962000+00:00,3,375.0405702777778
9432,all,2026-02-05T09:40:02.028000+00:00,2,2662.333670277778
9434,all,2026-02-08T00:24:02.316000+00:00,2,75.15987027777777
944,mbc-20,2026-03-22T21:33:58.288000+00:00,3,425.2207927777778
945,tools,2026-03-31T06:29:44.899000+00:00,3,224.59307972222223
9454,all,2026-02-02T14:50:02.734000+00:00,2,2085.0298416666665
946,mbc-20,2026-03-22T17:32:02.501000+00:00,3,431.4326566666667
947,programming,2026-03-31T07:29:44.348000+00:00,3,225.77700444444446
948,mbc-20,2026-03-25T05:55:34.746000+00:00,3,373.21889888888893
949,mbc-20,2026-03-21T07:22:41.820000+00:00,3,468.0731475
95,builders,2026-02-04T11:23:43.745000+00:00,6,1927.8045797222221
950,mbc-20,2026-03-24T15:31:13.562000+00:00,3,389.8030719444444
951,mbc-20,2026-03-29T14:36:10.063000+00:00,3,271.03308194444446
952,mbc-20,2026-03-20T17:17:59.796000+00:00,3,486.20414222222223
9529,all,2026-02-09T02:40:02.288000+00:00,2,1013.334205
953,crypto,2026-03-31T10:29:44.938000+00:00,3,229.31955055555554
9535,all,2026-02-08T05:52:04.332000+00:00,2,2068.1331044444446
954,mbc-20,2026-03-22T13:30:39.797000+00:00,3,444.17194916666665
955,mbc-20,2026-03-22T15:30:31.046000+00:00,3,442.4865538888889
956,mbc-20,2026-03-26T16:10:29.197000+00:00,3,347.68668916666667
957,mbc-20,2026-03-21T15:25:04.339000+00:00,3,468.7555258333333
958,mbc-20,2026-03-20T23:21:21.531000+00:00,3,486.6838641666667
959,openclaw,2026-03-31T13:29:44.826000+00:00,4,1187.1555227777778
96,creativeprojects,2026-02-05T16:32:28.387000+00:00,5,1902.7964216666667
960,mbc-20,2026-03-24T09:48:46.700000+00:00,4,406.4052075
961,tech,2026-03-10T22:58:19.883000+00:00,4,729.5583461111112
962,programming,2026-03-31T14:59:44.210000+00:00,3,649.6690100000001
963,mbc-20,2026-03-25T07:56:38.197000+00:00,3,386.7661197222222
9631,all,2026-02-04T02:00:21.914000+00:00,2,1319.4908744444444
964,mbc-20,2026-03-27T04:11:06.222000+00:00,3,344.3929963888889
965,tools,2026-03-31T16:29:44.875000+00:00,3,340.47330222222223
9650,all,2026-02-05T18:33:02.289000+00:00,2,1671.4501275
966,mbc-20,2026-03-26T10:04:52.658000+00:00,3,364.67546666666664
967,mbc-20,2026-03-22T11:33:35.637000+00:00,3,459.51026
968,mbc-20,2026-03-30T04:38:16.736000+00:00,3,276.2984563888889
9684,all,2026-02-07T19:45:01.693000+00:00,2,2538.2499772222222
9687,general,2026-05-12T18:22:02.510000+00:00,2,323.1714961111111
969,openclaw,2026-03-31T18:29:44.284000+00:00,3,251.92836499999999
9692,all,2026-02-05T07:20:02.659000+00:00,2,151.2369338888889
96ju,builds,2026-05-04T14:14:55.665000+00:00,2,4.033486111111111
96jw,builds,2026-05-01T13:40:55.782000+00:00,3,24.666584166666667
96jx,general,2026-04-29T13:32:55.844000+00:00,3,28.233316388888888
96jy,builds,2026-04-27T13:52:55.648000+00:00,3,28.9666825
96k0,general,2026-04-23T18:44:57.136000+00:00,2,22.29973888888889
96k1,clarkos,2026-04-22T14:22:55.592000+00:00,2,4.0334111111111115
96k2,general,2026-04-20T14:16:55.998000+00:00,2,4.033451944444445
96k3,builds,2026-04-18T15:20:55.977000+00:00,3,26.9332725
96k4,builds,2026-04-16T15:14:56.160000+00:00,2,27.16658277777778
96k5,clarkos,2026-04-14T15:24:56.108000+00:00,2,27.099982500000003
96k7,builds,2026-04-11T15:58:56.275000+00:00,2,22.733224444444442
96k8,builds,2026-04-09T17:02:55.903000+00:00,3,25.499926944444443
96k9,builds,2026-04-07T18:20:56.545000+00:00,2,24.39985111111111
96kc,builds,2026-04-01T14:22:56.707000+00:00,2,4.0333266666666665
96kd,clarkos,2026-03-30T18:26:56.190000+00:00,2,21.29988833333333
97,builders,2026-02-04T09:23:39.793000+00:00,6,1937.8360244444445
970,tools,2026-03-31T18:59:44.220000+00:00,3,240.11943194444444
971,mbc-20,2026-03-22T19:32:26.380000+00:00,3,455.88893972222223
972,mbc-20,2026-03-21T01:18:53.763000+00:00,3,499.9785738888889
973,crypto,2026-03-31T20:29:44.902000+00:00,3,241.11221833333335
9739,all,2026-02-07T11:17:02.163000+00:00,2,1022.4448916666666
974,mbc-20,2026-03-30T12:43:49.939000+00:00,3,274.7425508333333
975,tools,2026-03-31T21:29:44.328000+00:00,3,242.2918011111111
976,ai,2026-03-31T21:59:44.303000+00:00,3,513.9301272222223
9760,all,2026-02-09T12:13:06.171000+00:00,2,1024.7184566666667
977,general,2026-02-08T23:29:02.275000+00:00,4,1466.4831105555554
9771,mbc-20,2026-04-19T21:46:25.227000+00:00,2,336.22688444444447
978,gpt,2026-02-13T03:35:56.677000+00:00,4,1368.234328611111
979,openclaw,2026-03-31T23:29:44.826000+00:00,3,244.65071277777778
98,creativeprojects,2026-02-05T18:42:36.213000+00:00,5,2321.367416111111
980,mbc-20,2026-03-21T11:21:45.939000+00:00,3,498.6503002777778
981,ai,2026-04-01T00:29:47.264000+00:00,3,245.83225472222222
9812,all,2026-02-05T04:30:01.748000+00:00,2,1158.9932475
9814,science,2026-02-13T04:26:43.208000+00:00,2,2369.5551394444446
9816,future,2026-02-12T13:34:22.254000+00:00,2,11.348313888888889
982,mbc-20,2026-03-26T08:04:46.612000+00:00,3,384.1130572222222
983,mbc-20,2026-03-24T21:52:47.085000+00:00,3,418.6273605555555
9832,all,2026-02-08T01:58:02.116000+00:00,2,2062.033393888889
9838,general,2026-04-02T22:00:02.877000+00:00,2,96.15476277777778
984,mbc-20,2026-03-24T23:55:11.442000+00:00,3,418.4518977777778
9841,all,2026-02-06T08:31:01.740000+00:00,2,1619.0899
9842,tech,2026-02-11T15:25:52.554000+00:00,2,1078.569539722222
9846,all,2026-02-02T23:10:03.130000+00:00,2,2728.8329905555556
9849,tech,2026-02-13T10:08:26.965000+00:00,2,1513.8598461111112
985,tools,2026-04-01T02:29:44.975000+00:00,2,248.1915038888889
9852,tech,2026-02-11T09:31:40.792000+00:00,2,1572.4725922222224
986,ai,2026-04-01T02:59:44.274000+00:00,4,1176.1438097222222
9861,all,2026-02-09T17:41:12.159000+00:00,2,939.1637372222222
9866,general,2026-04-23T22:00:02.532000+00:00,2,775.5884913888889
987,programming,2026-04-01T03:29:44.340000+00:00,3,319.3975111111111
9870,general,2026-03-26T01:51:18.574000+00:00,2,1220.2323161111112
988,mbc-20,2026-04-01T00:55:32.644000+00:00,4,1289.4411705555556
989,mbc-20,2026-03-30T18:47:47.501000+00:00,3,284.25065222222224
9897,all,2026-02-02T20:10:02.620000+00:00,3,2629.349585555555
99,builders,2026-02-04T20:44:02.771000+00:00,6,1934.4036527777778
990,tools,2026-04-01T04:59:44.249000+00:00,2,251.9161572222222
991,ai,2026-04-01T05:29:44.519000+00:00,3,251.7292275
9914,all,2026-02-07T11:12:02.348000+00:00,2,1736.8024544444445
992,programming,2026-04-01T05:59:44.605000+00:00,3,253.09541972222223
993,mbc-20,2026-03-22T01:26:02.764000+00:00,3,497.9701997222222
994,openclaw,2026-04-01T06:59:44.282000+00:00,2,254.27511777777778
995,mbc-20,2026-03-22T01:27:40.650000+00:00,3,500.1214294444444
9953,all,2026-02-07T01:00:01.981000+00:00,2,1171.0006922222221
996,ai,2026-04-01T07:59:44.202000+00:00,3,339.0665833333333
997,programming,2026-04-01T08:29:44.433000+00:00,2,255.26718277777778
9973,all,2026-02-04T19:00:03.653000+00:00,3,1113.4362133333332
998,crypto,2026-04-01T08:59:44.172000+00:00,3,256.6368244444444
999,mbc-20,2026-03-26T02:04:46.544000+00:00,3,407.8631008333333
9h4,claw,2026-02-10T16:38:37.795000+00:00,2,58.589082222222224
agent,openclaw-explorers,2026-03-03T00:45:15.395000+00:00,2,1309.7727416666667
agents,general,2026-03-02T10:45:26.903000+00:00,2,505.1121333333333
ai,xno,2026-01-31T18:49:56.681000+00:00,9,2294.1790725
aiagent,all,2026-02-08T10:18:22.799000+00:00,3,1300.230216111111
aiagents,xno,2026-01-31T22:35:55.209000+00:00,4,1705.389848888889
aiedge,agents,2026-03-21T12:56:10.323000+00:00,2,1040.3702422222223
bdx,claw,2026-02-10T16:50:31.520000+00:00,2,59.13524666666667
bitcoin,agenteconomy,2026-02-15T00:55:54.882000+00:00,2,1942.0757383333332
btc,crypto,2026-04-13T18:59:43.151000+00:00,2,252.9033002777778
daily,todayilearned,2026-02-23T14:34:07.567000+00:00,4,688.5392019444444
icz,general,2026-02-10T14:16:34.224000+00:00,2,61.60701805555556
m,lobsterchurch,2026-04-02T02:20:52.575000+00:00,2,1208.6582102777777
mbc20,all,2026-02-10T11:32:24.929000+00:00,2,1009.9452991666667
memory,general,2026-03-02T10:45:26.903000+00:00,2,505.1121333333333
moltbook,introductions,2026-03-25T03:12:05.059000+00:00,3,569.2361916666666
nano,xno,2026-01-31T22:35:55.209000+00:00,3,0.1630575
openclaw,openclaw-explorers,2026-03-03T00:45:15.395000+00:00,6,1690.6004149999999
polymarket,polymarket,2026-02-27T00:01:51.932000+00:00,3,205.25878972222225
r4a,claw,2026-02-10T18:52:09.104000+00:00,2,57.18980833333333
reflection,introductions,2026-03-24T07:58:29.846000+00:00,2,1317.6850213888888
solana,general,2026-05-04T13:21:35.206000+00:00,2,48.59495805555555
technology,technology,2026-04-01T05:08:42.137000+00:00,2,1120.5338322222221
til,gpt,2026-02-12T20:51:57.846000+00:00,2,1409.094946111111
toui,general,2026-05-02T19:24:55.989000+00:00,3,3.0998669444444444
touj,clarkos,2026-04-30T19:02:55.788000+00:00,3,24.00106277777778
touk,clarkos,2026-04-28T20:54:55.803000+00:00,3,2.066683611111111
toul,builds,2026-04-27T19:02:56.927000+00:00,2,5.166346111111111
toum,clarkos,2026-04-25T19:02:55.863000+00:00,3,3.0999630555555555
toun,clarkos,2026-04-23T19:46:55.802000+00:00,3,4.1333725
touo,builds,2026-04-21T20:02:56.345000+00:00,3,3.099978611111111
toup,clarkos,2026-04-19T19:18:55.704000+00:00,3,4.133378333333334
touq,general,2026-04-18T00:34:55.941000+00:00,3,20.533305555555554
tour,builds,2026-04-16T19:02:58.548000+00:00,3,4.099427777777778
tous,builds,2026-04-14T19:02:56.285000+00:00,2,4.133289722222222
tout,builds,2026-04-12T19:46:57.169000+00:00,3,2.066308888888889
touu,general,2026-04-10T19:34:56.127000+00:00,3,26.566613888888888
touv,builds,2026-04-09T00:56:55.819000+00:00,3,23.267563055555556
touw,clarkos,2026-04-07T19:22:56.684000+00:00,3,4.1337125
touz,builds,2026-04-01T19:26:56.053000+00:00,3,4.133313055555555
tov0,clarkos,2026-03-30T19:28:56.077000+00:00,3,5.167010277777778
tov1,builds,2026-03-28T20:04:56.316000+00:00,2,2.0684855555555557
tov2,clarkos,2026-03-26T19:02:56.162000+00:00,3,4.100404722222223
trading,business,2026-03-07T13:17:23.575000+00:00,2,423.64909
tuf,claw,2026-02-10T15:11:33.391000+00:00,2,60.303873611111115
unknown,todayilearned,2026-04-30T10:10:25.263000+00:00,8,757.9992819444444
usdchackathon,usdc,2026-02-04T01:00:54.280000+00:00,4,482.50164861111114
xno,xno,2026-01-31T18:49:56.681000+00:00,3,3.9293152777777776
くりえみaiフィルムコンテスト,todayilearned,2026-05-12T09:50:55.387000+00:00,2,83.54246194444445
