subreddit,nodes,edges,density,reciprocity,top_out_user,top_in_user,n_wcc,largest_wcc_frac
funny,709753,4163153,8.264346356449463e-06,0.28597603787321774,lots42,poemi,5442,0.984129690187995
leagueoflegends,253666,3987095,6.196319090017162e-05,0.3498170974105207,runekatashima,wafflezlolqt,883,0.9927621360371512
AdviceAnimals,482696,3449914,1.4806819046392146e-05,0.34957683003112544,lots42,studmuffffffin,2002,0.9914749656098248
pics,626749,3038945,7.73635221303325e-06,0.2987266962712389,skarface6,spartan2470,5105,0.9830665864644379
worldnews,322645,2526731,2.4272274565468123e-05,0.39525853761243285,holocauster-ride,drboomkin,1228,0.9921120736413086
videos,444182,2457125,1.2453927062587266e-05,0.2903572264333316,frankeh,frankeh,3058,0.9856500263405541
todayilearned,427272,2337692,1.280499578777814e-05,0.3479671402391761,herp_der_derp,mike_pants,2529,0.9876940216068453
WTF,388727,2151190,1.4236081781790931e-05,0.29508132707943047,eyeswideshuttonight,rojocinco,2126,0.9886835748481582
nfl,95794,2134929,0.00023265444472369502,0.3685256043643606,probablymylastlogin,fig_newton_,157,0.9966073031713886
gaming,373767,2001289,1.4325475978222161e-05,0.3448097701031685,skyman724,saintvanilla,2275,0.9873798382414712
soccer,99177,1823613,0.0001854023028334193,0.37879747512218875,zaviex,zaviex,168,0.9965213708823618
nba,75444,1819720,0.0003197134537617515,0.372607873738817,wjbc,wjbc,99,0.9973225173638726
DotA2,92649,1701668,0.00019824308490209134,0.363898245721257,intolerable,teerre,206,0.9954020011009294
news,249804,1535874,2.4612659895851898e-05,0.39480452172508945,science_diction,ratsandmorerats,1361,0.9886831275720165
movies,253327,1293714,2.01593735416429e-05,0.316799539929227,okfour,mr_popcorn,2132,0.9823666644297686
pcmasterrace,104501,1180959,0.00010814291788787626,0.4566424405927725,strazdas1,nukeclears,234,0.9954545889513019
hockey,51300,1105048,0.0004199087055529317,0.4278872953935033,crazy_canucklehead,crazy_canucklehead,105,0.9958479532163743
politics,119741,1025839,7.154792965425584e-05,0.4627295316321567,spinninghead,spinninghead,394,0.9932437510961157
IAmA,374343,1020960,7.285686075021801e-06,0.33448910829023665,touchmyfuckingcoffee,_willferrell,2560,0.9852808787662651
CFB,42216,1010135,0.0005668074428188484,0.4441030159335138,milesgmsu,honestly_,33,0.9984839871138904
SquaredCircle,29812,920351,0.0010355851912218945,0.3665775340060477,808dent,thegrassyknoll,39,0.9973836039178854
Games,98469,858847,8.857703903190392e-05,0.3910894489938254,alinosburns,jschild,327,0.9931247397658146
fantasyfootball,54427,849155,0.00028665937987978684,0.4274154895160483,fakebaseball,quickonthedrawl,46,0.9983280357175667
technology,187899,840512,2.380659545193757e-05,0.37370317140028936,natanael_l,bfodder,1473,0.9834911308735012
gifs,253023,808160,1.2623479124852492e-05,0.26338101366066125,skarface6,j0be,3125,0.973923319223944
DestinyTheGame,73451,788858,0.0001462208557204041,0.4347499803513433,kristallnachte,kristallnachte,320,0.9908646580713673
trees,143005,728569,3.562634594260086e-05,0.3941891571011119,damasterzulf,420microbiologist,1031,0.9850774448445858
explainlikeimfive,216484,719724,1.5357353582033436e-05,0.4070866054209669,mason11987,mason11987,2447,0.9760444189870845
TumblrInAction,54168,679430,0.00023156191640299833,0.37844663909453513,flerps,thefuzzypickler,111,0.9957908728400532
GlobalOffensive,65253,677526,0.0001591225226458218,0.4171795621127455,duelistgamer,carlosfromphilly,283,0.9910195699814568
dogecoin,49141,673414,0.00027887077194173104,0.4815878493764608,couchdive,doge_much_share,102,0.995726582690625
smashbros,47735,651269,0.0002858219980440559,0.4182388536841152,henryuuk,henryuuk,124,0.994658007751126
friendsafari,102768,641478,6.0739356030772385e-05,0.3169680020203343,smellslikeowls,smellslikeowls,79,0.9984333644714308
hearthstone,67132,613015,0.00013602489489520362,0.3678017666778138,splergel,iambinarymind,271,0.9917773937913364
anime,53320,582395,0.0002048544966939985,0.41171026536972327,jeroz,-niernen,251,0.9903038259564891
wow,69798,580793,0.00011921794696845353,0.4174843705072203,nbca,xunae,357,0.9895412476002178
magicTCG,38020,574500,0.00039744517674438894,0.4349625761531767,mtgcardfetcher,inkmothnexus,54,0.9971856917411889
Android,72002,573677,0.00011065839073423701,0.42968778598409907,dlerium,dlerium,334,0.990305824838199
Bitcoin,52376,569195,0.00020749360325722616,0.4606259717671448,natanael_l,rydan,242,0.9903581793187719
asoiaf,44988,568994,0.00028114085906591366,0.3803801094563387,klug3,idreamofpikas,63,0.9972437094336267
aww,230711,555606,1.0438358448404153e-05,0.30901034186095905,alflup,zachdaulton,7065,0.9336442562339897
hiphopheads,51828,554261,0.00020634492900392865,0.3968347042277916,buges,buges,284,0.9887126649687428
buildapc,93290,553213,6.356628727466581e-05,0.6167570176405833,jakomako,jakomako,402,0.9910386965376782
atheism,98845,548211,5.611031770475765e-05,0.43571909356069105,merari01,merari01,635,0.9865344731650564
DarkSouls2,38375,536917,0.00036460422357768364,0.4964454468754016,sketchyjj,sketchyjj,112,0.9941107491856678
electronic_cigarette,39214,526814,0.0003425990022796288,0.5508130004138083,project_twenty5oh1,jackster1232002,63,0.9967103585454175
Fitness,100187,513841,5.1192972154468085e-05,0.4441218197847194,phrakture,phrakture,808,0.9831714693523111
xboxone,38274,478157,0.00032641804555570323,0.4818668345334273,falconbox,falconbox,151,0.9913779589277316
pokemon,69539,475392,9.831080048746649e-05,0.43084864701130854,litagano,captbuttertoast,469,0.9855908195401142
PS4,49389,455687,0.00018681638615539788,0.4557558148465943,falconbox,falconbox,302,0.9871226386442326
baseball,33936,443377,0.0003850034806675852,0.3919012488243639,senor_met,senor_met,79,0.9950789721829326
Music,181887,441674,1.3350603636522257e-05,0.3194799784456409,empw,empw,4373,0.9475608482189491
AskMen,54511,433858,0.00014601157266015233,0.48920153598642874,twwwy,twwwy,221,0.991341197189558
gameofthrones,80380,423500,6.554850847952067e-05,0.3226351829988194,elbruce,elbruce,533,0.9861781537695944
SubredditDrama,37825,414189,0.0002895024005153308,0.4414844430924047,tightdickplayer,theladyeve,124,0.9928354263053536
relationships,72786,403056,7.608090169187419e-05,0.4979903536977492,slimshanny,slimshanny,713,0.9795839859313604
Smite,23859,396880,0.0006972249865801583,0.4894275347712155,javiklegrand,saxonturner,58,0.9950123643069702
MakeupAddiction,46080,392807,0.00018499658120353692,0.47194169146680176,kahlex,kahlex,130,0.9941623263888889
cringepics,99626,392254,3.952085693845043e-05,0.2863093811662851,cyrusm,cyrusm,885,0.9813301748539538
teenagers,33300,384843,0.00034706288017198253,0.6055248503935371,alekzander01,no_thanks_im_gucci,183,0.9881681681681682
malefashionadvice,61342,364447,9.685579189096607e-05,0.496461762615689,metcarfre,metcarfre,604,0.9792801017247563
mildlyinteresting,151989,358404,1.551498607788046e-05,0.2911184026963985,stopreadingmyuser,an_undeniable_truth,4051,0.9420155405983328
AskWomen,48798,358166,0.0001504143292267894,0.505463946884964,poesie,sehrah,202,0.9913930898807328
dayz,39067,350965,0.00022996132394721323,0.4545809411194848,seriou,alaskafish,161,0.9914249878414007
TwoXChromosomes,78828,347070,5.5854937397734025e-05,0.49584233728066385,melojelo,melojelo,784,0.978916121175217
whowouldwin,23162,343434,0.0006401915305184862,0.5694893341952165,vadergeek,roflmoo,73,0.9935238753130127
Minecraft,61958,340087,8.859358173145582e-05,0.4268731236418916,wildblunthickok,wildblunthickok,502,0.9827140966461151
tf2,28591,329530,0.0004031358840984761,0.42177646951719117,teslatorment,themisterace,89,0.9937742646287293
Showerthoughts,130878,317117,1.8513543170784776e-05,0.32546347247230517,thumpas,thumpas,3159,0.9479668087837528
science,114633,313679,2.3870961748596615e-05,0.39580590348732303,sirt6,sirt6,1812,0.9654985911561244
cars,33221,309214,0.0002801862505421114,0.4767183892061808,verdegrrl,mrdotkom,137,0.9915715962794618
personalfinance,74535,308050,5.545063556085638e-05,0.49249147865606235,aboglehead,aboglehead,786,0.9777017508553029
MMA,20492,307524,0.000732371633035944,0.40072319558798664,tranypanda,vinceonaplane,42,0.9959984384149912
ffxiv,24423,306202,0.0005133668091238521,0.443746285132037,talderas,1have2much3time,71,0.9939810834049871
Random_Acts_Of_Amazon,5876,301526,0.008734440855698623,0.7882636986528525,pinalope4real,pinalope4real,7,0.9976174268209667
Planetside,13012,300680,0.001776028007042588,0.4897765065850738,angermacfadden,scrinrusher,16,0.9975407316323394
tifu,110096,298217,2.4603294248413e-05,0.3269833711693163,ilikeeatingbrains,sloanesteel,1679,0.9670378578694957
motorcycles,31079,296141,0.00030660444005586727,0.4692021705876593,mirrory,mirrory,92,0.9940796035908491
formula1,20115,295373,0.0007300495057861959,0.40611024027246906,oh84s,oh84s,51,0.9944817300521999
Guildwars2,21967,284310,0.000589210402975027,0.448264218634589,howellq,howellq,51,0.9953111485409933
sex,77975,281163,4.6243742200532754e-05,0.46886681391221463,dagnart,dagnart,1055,0.9713369669765951
Diablo,34902,279261,0.00022925673546299584,0.41662817221165865,herpderpenberg,ashmedai,193,0.9885966420262449
australia,22425,278043,0.0005529252580548553,0.46539564024269625,nath1234,nath1234,90,0.9916610925306577
Eve,18240,276590,0.0008314011425295516,0.45257601504031236,kristallnachte,kristallnachte,44,0.9950109649122807
TrollXChromosomes,38226,274407,0.00018779708043898638,0.47997317852678684,alenabrolxflami,alenabrolxflami,197,0.9892743159106367
unitedkingdom,23716,272005,0.0004836289798955217,0.4731824782632672,dogbotherer,frankeh,103,0.9907657277787147
books,100670,271519,2.679195482904775e-05,0.38809807048493844,siecle,soapenhauer,1861,0.960087414324029
europe,22501,270838,0.0005349648657590526,0.49507085416374363,mkvgtired,cyridius,68,0.9938669392471445
starcraft,27350,266947,0.0003568833300590251,0.3911787733145531,elvenashwin,junho_c,116,0.9912248628884827
changemyview,34177,263762,0.00022581722063998402,0.6254502164830416,mavericgamer,dhckris,122,0.9925095824677415
guns,27666,262399,0.00034283498093998785,0.5574411487848658,monkeymasher,whatthefuckguys,85,0.9935299645774597
jailbreak,28697,260949,0.00031688214962094117,0.5462983188285834,x-weapon-x,beta382,149,0.988883855455274
pokemontrades,16398,258911,0.0009629311220048247,0.8667688896956869,godofghosts,gjones18,79,0.9903036955726308
SVExchange,7926,258001,0.004107409945783991,0.9550970732671579,derwinning,derwinning,8,0.9982336613676508
4chan,59451,257141,7.275457455623638e-05,0.2921354432004231,waffocalypse,evil_white_oppressor,485,0.9828093724243495
canada,31394,254603,0.0002583354717123039,0.4748962109637357,mrflagg,mrflagg,184,0.987609097279735
television,85858,251127,3.4067238540736566e-05,0.31178646660852877,xlite414,dorkside,1385,0.9654079992545831
battlefield_4,28885,245213,0.0002939096072590578,0.44002561038770377,dannyonpc,dannyonpc,181,0.9868097628526917
pathofexile,17515,241588,0.0007875531474009243,0.4384654866963591,colinstyles,chris_wilson,32,0.9960605195546675
polandball,21398,236362,0.0005162399217708751,0.4436161481117946,dlimzw,dickrhino,30,0.9972427329656978
india,10277,231638,0.0021934076527824267,0.5743789879035391,amar_,panditji_reloaded,25,0.9948428529726574
apple,41149,230527,0.00013614878872493015,0.44447721958816105,owlsrule143,owlsrule143,381,0.9805584582857421
conspiracy,34737,225838,0.00018716511452173215,0.5062301295618984,ambiguously_ironic,ambiguously_ironic,257,0.9844834038633158
elderscrollsonline,22824,225537,0.00043296551853142407,0.4721797310419133,wopperjoe,dominoid73,196,0.9816859446196986
oculus,19455,214215,0.0005659912686503456,0.4638237284970707,wormslayer,wormslayer,98,0.9889488563351324
Christianity,21220,212948,0.0004729369793285844,0.618470236865338,paedraggaidin,dolphins3,77,0.9926013195098963
cringe,55970,210990,6.735332152670479e-05,0.2949334091663112,kingnick,kingnick,537,0.9799178131141683
fatlogic,22566,209362,0.0004111572349343077,0.42136586391035624,maybesaydie,maybesaydie,79,0.992776743773819
comicbooks,22753,208151,0.00040208720718301594,0.45932039721163964,watwait,librarydrone,89,0.9921768557992353
WildStar,26154,206019,0.00030119491923078835,0.45644333775040163,the_dumber,the_dumber,241,0.9792001223522214
programming,34705,203952,0.00016933876381108266,0.4382207578253707,grauenwolf,grauenwolf,303,0.9816452960668491
Pokemongiveaway,12389,202675,0.0013205739683924407,0.8141408659183422,superkittehs,darwinistic,13,0.9980627976430705
nottheonion,72034,202475,3.902135748255036e-05,0.3516384738856649,lots42,themeatbridge,1156,0.9652247549768165
TheLastAirbender,27142,200717,0.00027246860361236814,0.37087042951020593,enleat,slyfox00,113,0.9913418318473215
MLS,10985,198667,0.0016465129400781904,0.4769689983741638,alexoobers,alexoobers,13,0.9978152025489304
CollegeBasketball,17010,198657,0.0006866268433673925,0.43613867117695326,claudelemieux,kimboslice11,42,0.9951793062904174
runescape,18138,197269,0.000599658497815596,0.4496398319046581,gatlinbeach,jagexslayer,48,0.9947072444591465
GrandTheftAutoV,25772,195728,0.0002946955410881932,0.44306384370146323,darth_kyofu,darth_kyofu,133,0.989484712090641
sysadmin,26136,192988,0.00028253267378786973,0.4562459842062719,vexingraven,crankysysadmin,126,0.9896694214876033
Gunners,12213,191804,0.001286022323111855,0.41641467331233967,bellend1234,bellend1234,21,0.9967248014410873
TheRedPill,17950,191219,0.0005935076650944311,0.41815928333481506,vengefully_yours,illimitableman,31,0.9965459610027855
starcitizen,14553,189042,0.0008926538613179625,0.491224172406132,shadow703793,nehkara,31,0.995602281316567
LifeProTips,85708,187068,2.5466065301600946e-05,0.34634464472812027,pricezombie,icanseestars,1991,0.9487095720352826
thewalkingdead,39104,185790,0.00012150413907489194,0.3322999084988428,exoromeo,miniduffa,255,0.9862418166939444
OkCupid,23055,185407,0.0003488307096102073,0.5491809910089694,heyfgt,heyfgt,130,0.9886792452830189
talesfromtechsupport,29817,185093,0.00020819805572061303,0.40355929181546574,krutonium,airz23,147,0.9894020189824597
KerbalSpaceProgram,22655,180315,0.0003513361949815634,0.45289632032831434,dkmdlb,dkmdlb,82,0.9924961377179431
summonerschool,23952,176828,0.0003082375905137206,0.5068654285520393,stringerlittle,stringerlittle,96,0.9918587174348698
MapPorn,35611,175986,0.00013877843231471245,0.3720977805052675,mullinbk,holytriplem,234,0.9864367751537446
casualiama,38576,174867,0.00011751268018987289,0.558515900655927,lichorat,gumner,239,0.9851980506014102
reddevils,10755,174383,0.001507730422299916,0.43446895626293847,feezbull,pedantic_pat,22,0.994514179451418
reactiongifs,66473,173829,3.934034882345369e-05,0.3193943473183416,hiyosilver64,studmuffffffin,1217,0.9602094083312022
skyrim,38164,173469,0.00011910376230459087,0.4284454282897809,diegroblers,diegroblers,364,0.9800073367571533
civ,26298,172211,0.0002490186998003608,0.4133766135728844,sometimes_lies,spluxx,168,0.9868431059396152
FIFA,17416,171761,0.0005663079586906203,0.4965155070126513,longtime_lurker2,nastylep,73,0.991214974735875
GameDeals,37013,170730,0.00012462724642454848,0.4058923446377321,caninehere,gramis,399,0.9772782535865777
BabyBumps,8688,167508,0.002219452830704673,0.5211094395491559,birdred,maebeweird,16,0.996316758747698
CoDCompetitive,8895,165891,0.002096909791203953,0.5033546123659511,redditor_unfound,redditor_unfound,10,0.9978639685216414
Naruto,17821,164137,0.000516852619241187,0.41215569920249545,idratherbelurking,idratherbelurking,60,0.9929296896919365
toronto,16415,163054,0.0006051682588145949,0.44706661596771624,in4real,in4real,110,0.9856838257691136
Futurology,47002,162223,7.34326146919254e-05,0.4282253441250624,mrnovember5,mrnovember5,600,0.9725330836985661
roosterteeth,22678,161870,0.00031475744816711744,0.37726570704886636,dalatedentarthurdent,cckk0,109,0.9899902989681629
bicycling,25673,160743,0.0002438909832446107,0.4529341868697237,boredcircuits,i_drink_cereal,125,0.9894052117010088
Drugs,30712,160605,0.00017027739780029147,0.4875439743470004,roionsteroids,roionsteroids,262,0.9823521750455848
LiverpoolFC,9956,159308,0.0016073536216308058,0.42857860245562057,rydleo,rydleo,29,0.993471273603857
bestof,65396,158013,3.6948523590890946e-05,0.3925626372513654,silasx,the_meme-master,1156,0.9603798397455502
halo,22594,154795,0.00030324238365599896,0.4537743467166252,ihazcheese,needconfirmation,135,0.9878286270691334
sweden,12549,154716,0.0009825430757080952,0.4859355205667158,vattenpuss,vattenpuss,43,0.9928281137939278
Justrolledintotheshop,23931,153733,0.00026845009182706873,0.4179323892723098,chubbysumo,mrdotkom,96,0.9917262128619782
wiiu,20025,152550,0.00038044234558978665,0.47035070468698786,sylverstone14,sylverstone14,93,0.9906117353308365
mindcrack,14292,151712,0.0007427870215867875,0.400746150601139,readonlypdf,guardax,31,0.9954520011195074
2007scape,14367,151289,0.0007330024030176274,0.44134074519627997,celery_under,celery_under,47,0.9931092086030486
Warthunder,10084,148501,0.0014605175299673557,0.5105150807065272,frostcollar,frostcollar,26,0.9949424831416105
ACTrade,6343,148375,0.003688415028339208,0.9193327716933446,mwgiii,mwgiii,4,0.9990540753586631
TalesFromRetail,26941,146908,0.00020241101516699296,0.40855501402238137,robertr4836,techiejames,127,0.9903121636167922
MensRights,19626,146717,0.0003809245632175179,0.49986027522373006,xnom,davidbyron2,92,0.9903189646387445
askscience,56930,145999,4.5047961396545365e-05,0.4098932184467017,iorgfeflkd,iorgfeflkd,906,0.9648867029685578
Frugal,43143,145252,7.803896582722943e-05,0.43451381048109494,justimpolite,coomassieblue,539,0.9735067102426813
gamegrumps,17027,143464,0.0004948711891315491,0.36593152289076003,gray_sloth,gray_sloth,77,0.9907793504434134
photography,24102,141644,0.00024384285682713054,0.5290022874248115,av4rice,av4rice,160,0.9856443448676458
food,65280,141009,3.308972775678693e-05,0.379692076392287,sonvoltmma,sonvoltmma,1792,0.9388633578431372
boardgames,16981,140800,0.0004883168460502762,0.46954545454545454,bluesapphyre,bluesapphyre,65,0.9922854955538543
britishproblems,18610,137473,0.00039696114638791577,0.39428833298174915,vzzzbux,squirebev,62,0.9931219774314884
childfree,17785,136634,0.0004319917604323446,0.46682377739069336,t-wrox,thr0wfaraway,99,0.9881922968793927
techsupport,47459,136070,6.041355186530422e-05,0.6407143382082752,ospfv3,a_water_fountain,932,0.9582165658779157
pcgaming,26240,132715,0.00019275644195616468,0.46065629356139093,ac3r665,ac3r665,244,0.9799161585365853
WorldofTanks,8813,132673,0.0017083792620761669,0.48544918709910834,learnyouahaskell,zdude1858,25,0.9942130942925224
JusticePorn,44932,132594,6.567832033688785e-05,0.3532437365189978,daghostqc,daghostqc,562,0.9732929760527018
keto,23224,131956,0.00024466609882237947,0.4943920700839674,anbeav,anbeav,80,0.9930244574578023
Steam,42201,131850,7.403633996678725e-05,0.41403109594235876,consuelasaysnono,steam_reddit,885,0.9545271439065425
titanfall,23335,131766,0.00024199498368123395,0.4528785877995841,frothyomen,frothyomen,255,0.9766445253910435
sports,62034,130577,3.393236391472059e-05,0.32866431301071397,vbullinger,rawtashk,1813,0.9339878131347326
woahdude,62670,128862,3.2810466711511356e-05,0.2995452499573187,rwoahdude,rwoahdude,1807,0.9366044359342588
DnD,19551,128395,0.0003359173025208776,0.4986487012734141,famoushippopotamus,famoushippopotamus,92,0.9902306787376605
Guitar,23920,128289,0.00022422561596894535,0.47933961602319763,pigz,chuckeye,172,0.9852842809364548
Libertarian,16947,127955,0.0004455508018761862,0.5401586495252237,matts2,matts2,75,0.9907358234495781
windowsphone,13937,127577,0.0006568480995379651,0.5065803397164066,stormarsenal,jaskys,48,0.9929683576092416
NoFap,27622,125957,0.00016509266927548132,0.4320204514238986,sid_44,clickyclacky,327,0.9755629570632105
DIY,56041,124889,3.9766757898179496e-05,0.41862774143439374,pricezombie,heyho-offwego,1202,0.9523563105583412
darksouls,19500,124111,0.000326409901362463,0.4899323992232759,furtivecutless,furtivecutless,102,0.9891282051282051
linux,20400,124081,0.0002981715751156583,0.4672915273087741,3g6a5w338e,tidux,130,0.9866666666666667
NASCAR,6854,121375,0.002584070814547236,0.5102533470648816,m0d3rnw4rr10r,m0d3rnw4rr10r,18,0.99489349285089
exmormon,8334,120391,0.0017335610631048712,0.4559144786570425,youngmodern,youngmodern,35,0.9887209023278137
ClashOfClans,16791,118594,0.0004206641089988046,0.46439111590805604,tarlus,tarlus,90,0.9889226371270323
Homebrewing,15120,118507,0.0005184049573559461,0.5404575257157805,sufferingcubsfan,sufferingcubsfan,71,0.9897486772486772
bodybuilding,16566,117987,0.00042995703709323724,0.45657572444421846,kingmike9879,kingmike9879,81,0.990220934444042
Seattle,16340,117730,0.00044097058325804034,0.4497239446190436,watchout5,derrickito,84,0.9894124847001224
MechanicalKeyboards,18428,117311,0.00034546646610248083,0.5436659818772324,ripster55,ripster55,88,0.9899609290210549
Fallout,25755,117041,0.0001764541098779581,0.43000316128536153,kalapos,mendax_verax,196,0.9841195884294311
paydaytheheist,11659,115053,0.000846471994514563,0.45632882236882133,sgttittyfist,sgttittyfist,58,0.9900506046830775
3DS,23529,114697,0.00020718751306471564,0.4600817806917356,coraldragon,icravedanger,203,0.9814271749755621
Jokes,57590,114364,3.4482815701184664e-05,0.2886222937287958,cat_herder_64,skeptickal,1745,0.9327313769751693
longboarding,10060,113767,0.0011242516073654504,0.5704817741524344,josietheiguana,thestig7423,46,0.990854870775348
StarWars,31565,111124,0.00011153470871930544,0.4031532342248299,realvoltar,yunners,443,0.9699984159670522
SkincareAddiction,22299,110663,0.00022256206430247482,0.5617415034835491,iswearimagirl,iswearimagirl,150,0.9859186510605856
TrueReddit,28305,108685,0.000135662131056671,0.4718958457928877,canteloupy,sirbruce,231,0.9821586292174528
GlobalOffensiveTrade,11021,108215,0.0008910146954230753,0.58845816199233,therandomdude69,limelight22,37,0.9932855457762454
lewronggeneration,13403,107591,0.0005989689545902691,0.35527135169298546,prince_of_tacoma,coleyote,61,0.9905245094381855
fatpeoplestories,18198,107206,0.00032373945884651094,0.4515605469843106,alistair9000,goaskalice,96,0.9890097812946478
Sneakers,11929,106308,0.0007471267372868277,0.5072807314595327,bookwormskates,bookwormskates,52,0.9912817503562746
Warframe,9601,106075,0.0011508675311599486,0.47460758897006833,buildmypaperheart,buildmypaperheart,31,0.9935423393396521
MLPLounge,4053,104572,0.006367506160354572,0.7440615078606128,randyrules,randyrules,12,0.994325191216383
thatHappened,28128,104231,0.00013174515048010945,0.26070938588327847,maybesaydie,usefulstick,321,0.9757892491467577
raisedbynarcissists,14909,104170,0.00046867821298058953,0.49582413362772393,amerrickangirl,amerrickangirl,72,0.9896706687235898
dataisbeautiful,42361,103477,5.76662451581074e-05,0.3500874590488708,rhiever,rhiever,836,0.9571067727390761
iphone,28010,102767,0.000130991455046791,0.4602644817889011,crisss1205,crisss1205,416,0.9689753659407354
yugioh,7579,102055,0.0017769196050915227,0.5675175150654059,kipcakes,tb_ax,21,0.9947222588732023
femalefashionadvice,14028,100895,0.0005127540395281095,0.5589573318796769,jacquelynjoy,justgoodenough,70,0.9894496720844026
vita,13183,100600,0.0005788984961103258,0.4866003976143141,korialstraszz,tonymhfan,66,0.9893802624592278
nosleep,38620,100385,6.730627101615432e-05,0.4219953180256014,luv2luvem1,luv2luvem1,905,0.9484981874676334
gaybros,15018,99390,0.0004407044236534591,0.478881175168528,questionsign,molemchenry,73,0.9900119856172593
ultrahardcore,6346,99077,0.0024606007594118718,0.5447883969034185,milen323,milen323,11,0.9963756697132051
OnePiece,10206,98846,0.0009490531311715553,0.44944661392469093,xfoehammer,xfoehammer,24,0.9954928473446992
ImGoingToHellForThis,40909,98521,5.887103898702035e-05,0.31477553009003156,madd74,madd74,921,0.9516487814417366
feedthebeast,9981,98406,0.0009879090914019202,0.5225697620063817,nanakisan,hilburn,49,0.9902815349163411
WritingPrompts,38046,97635,6.745263791629153e-05,0.4883699493009679,dankolar62,schoolgirlerror,894,0.9492719339746623
gonewild,40402,97438,5.969437121533426e-05,0.5078716722428621,thediggitydank,thediggitydank,1804,0.9003019652492451
legaladvice,24456,96908,0.00016203414347729808,0.5942543443265778,swalsh411,swalsh411,224,0.9789417729800458
offmychest,41660,96697,5.571663688278989e-05,0.48760561341096414,tootiefruitiebootie,tootiefruitiebootie,1610,0.9144743158905425
Parenting,18011,96310,0.0002969065945911085,0.4563804381684145,groundhogcakeday,groundhogcakeday,105,0.9877297207262229
truegaming,21099,96290,0.00021631071187853032,0.44714923668085993,cutterjohn,seriouslees,145,0.985402151760747
SteamGameSwap,15727,95296,0.00038531020686074873,0.5453744123572868,yuv9,yuv9,56,0.9930056590576716
facepalm,36124,94976,7.278371689208759e-05,0.3482985175202156,captain_pudding,captain_pudding,622,0.963182371830362
photoshopbattles,49481,94620,3.864691079500608e-05,0.23925174381737477,shappie,theblazingphoenix,1133,0.9488086336169439
space,36398,94513,7.134251895181297e-05,0.3658332716134288,manwhokilledhitler,peterabbit456,670,0.9592834771141272
Portland,12550,94129,0.0005976825822854093,0.45664991660380966,timtankard,timtankard,68,0.9886055776892431
tipofmytongue,48093,93818,4.056313035776031e-05,0.32848707071137734,rumandwrite,mbd34,1644,0.925165824548271
cigars,5646,92492,0.0029020129789245432,0.6646845132552005,bignikistyle,goatcan,10,0.9968119022316685
Marvel,17534,91524,0.00029771297145149113,0.4210698833092959,librarydrone,dorkside,164,0.9807231664195277
Austin,12669,91057,0.0005673655300015405,0.43623225012904004,psdtwk,mannnix,82,0.98681821769674
chicago,15381,90878,0.00038416505121876594,0.4307973326877792,bettorworse,bettorworse,110,0.985306547038554
DCcomics,9751,90791,0.0009549684581988961,0.497582359484971,watwait,aloerp,40,0.9912829453389396
rage,26266,90662,0.00013141772667162494,0.4005426749906245,stephen1986uk,stephen1986uk,298,0.9760907637249676
mylittlepony,9819,89991,0.0009334881086927824,0.4629351824071296,cyberscythe,cyberscythe,44,0.9898156635095223
DebateReligion,5926,89838,0.002558645232124472,0.7234577795587613,shakauvm,shakauvm,10,0.996793790077624
loseit,27174,88789,0.00012024527082916198,0.46309790627217334,anbeav,anbeav,370,0.9710752925590638
diablo3,22720,88612,0.00017167023444421094,0.4325824944702749,thetwh9,taintedsquirrel,330,0.9685739436619718
dragonage,13481,87975,0.0004841135903547734,0.46995169082125604,saskei,flashnewb,130,0.9795267413396632
Economics,13734,87825,0.0004656458056391385,0.5398690577853686,tracymorganfreeman,besttrousers,86,0.9871122761031018
doctorwho,25293,87709,0.0001371073201424552,0.3868474158866251,protokun7,protokun7,363,0.9684893053413988
relationship_advice,25759,86729,0.0001307143299321564,0.5433246088390273,absurdamerica,absurdamerica,577,0.9522496991342831
PoliticalDiscussion,8968,86496,0.0010756060953797586,0.6341333703292638,clockofthelongnow,clockofthelongnow,34,0.9921944692239072
Metal,15193,86063,0.00037287047085616707,0.449995933211717,toucher_of_sheep,kaptain_carbon,117,0.9841374317119727
battlestations,29329,86027,0.00010001268227822005,0.4629709277319911,pricezombie,ottetal,293,0.9782808824030823
subaru,13069,85578,0.0005010841306308025,0.5090560658113067,demandcommonsense,mrdotkom,61,0.9904353814369883
PuzzleAndDragons,5786,85546,0.0025557473244062724,0.5626212797793,ironchef33,dolomite808,13,0.9958520566885586
opiates,7218,85373,0.0016388792617474065,0.5764117461023978,traceyh415,traceyh415,11,0.9972291493488501
newzealand,7811,84329,0.0013823540163245274,0.5275765157893488,giantcrazyoctopus,dead_rooster,47,0.9863013698630136
creepy,50500,83564,3.276763249306574e-05,0.3203053946675602,banfromallsubreddits,jack_shid,2358,0.8927326732673267
rupaulsdragrace,4912,82811,0.0034328888084118815,0.44194611826931207,blogginglife,gardenofcucumbers,8,0.9971498371335505
mildlyinfuriating,36488,82617,6.205563226403625e-05,0.3457399808756067,diarygirl,diarygirl,1193,0.927674852006139
PKA,9037,82141,0.001005910823649937,0.4435300276354074,godmin,vanguard_anon,36,0.9919220980413854
gamedev,17617,80735,0.0002601492592640139,0.5510621168018827,videogameattorney,lordned,106,0.9871714820911619
bjj,7487,80532,0.0014368480038121827,0.46560373516117814,kintanon,truthjusticeusaway,14,0.9959930546280219
ireland,9168,80511,0.0009579732559939276,0.5069866229459329,cdfm,louiseber,47,0.9893106457242583
assassinscreed,11669,80480,0.0005910958461620766,0.4897365805168986,aftermath1231,aftermath1231,74,0.9871454280572457
running,19873,80359,0.00020348364692285547,0.44945805696935004,slacksonslacks,slacksonslacks,268,0.971267548935742
rpg,13312,79999,0.0004514717349878354,0.4988812360154502,jesterraiin,jesterraiin,80,0.9879056490384616
frugalmalefashion,19254,79892,0.00021551818205768134,0.4616732588995143,midnight1214,midnight1214,204,0.9777189155500156
AskHistorians,24588,79724,0.00013187435083840122,0.5346696101550349,georgy_k_zhukov,georgy_k_zhukov,380,0.9673824629900765
learnprogramming,25420,78201,0.00012102589397914401,0.5155944297387501,vicstudent,zifyoip,323,0.973170731707317
airsoft,6929,77829,0.001621298608752517,0.6139099821403333,arrogantwhale,uncletouchers,24,0.993072593447828
rawdenim,6222,77559,0.0020037428828878824,0.6309519204734461,elementality22,ecp12,15,0.9950176792028287
EDH,7694,77487,0.0013091244455012306,0.5203711590331281,mtgcardfetcher,edhrec,14,0.9964907720301533
Seahawks,9495,76825,0.0008522330502688264,0.37742922225837944,bigfishmcnish,m3rc_nate,64,0.9842022116903634
conspiratard,10166,76796,0.0007431579218325526,0.41817282150111984,shredder13,shredder13,34,0.9929175683651387
ukpolitics,6288,76349,0.0019312894129855582,0.5683636982802657,olliesimmonds,bulldog312,15,0.9955470737913485
NoStupidQuestions,19099,76113,0.0002086701471508222,0.4389263332150881,doc_daneeka,diketian,195,0.9780616786219174
hardwareswap,8854,75762,0.0009665435989086715,0.6589583168342968,psikeiro,psikeiro,26,0.9939010616670432
gallifrey,8586,75548,0.001024924295364547,0.44300312384179596,zapactions-dower,zapactions-dower,27,0.993943629163755
golf,11765,75432,0.0005450152763521953,0.4424117085587019,xxazam14xx,phallstrom,58,0.9896302592435189
gadgets,34767,74946,6.200497194395396e-05,0.39916740052838046,noeatnosleep,noeatnosleep,1026,0.933183766215089
Cooking,23477,74522,0.00013521279836728288,0.4341536727409356,pricezombie,rks1157,354,0.9676278911274865
Military,14108,74445,0.00037405495915226387,0.44416683457586137,knights-of-ni,knights-of-ni,129,0.9812872129288347
MorbidReality,25673,74438,0.00011294275340613483,0.41210134608667615,the_mermaid,dethb0y,410,0.965722743738558
BitcoinMarkets,7233,74334,0.0014210541287535375,0.48586111335324345,moral_agent,moral_agent,47,0.9845154154569336
vinyl,13380,74221,0.00041461693252180785,0.5121731046469328,mawnck,nevermind4790,73,0.9885650224215247
travel,24210,73723,0.00012578572570624437,0.4892909946692348,jippiejee,jippiejee,451,0.9591904171829823
Entrepreneur,18788,73630,0.00020860120536649564,0.5164742632079315,localcasestudy,chr0me,185,0.9791356184798807
opieandanthony,5155,72941,0.002745355749040136,0.39670418557464254,lizardkingrumsfeld,kgt5003,13,0.9953443258971872
whatisthisthing,27571,72845,9.583198044414548e-05,0.35431395428649876,mrdorkesq,mrdorkesq,465,0.96267817634471
OldSchoolCool,44075,72776,3.746393518393278e-05,0.30630977245245683,amolad,rawtashk,2239,0.883630175836642
Anarcho_Capitalism,5464,72437,0.002426713825391044,0.5972638292585281,anen-o-me,aletoledo,14,0.9950585651537335
Patriots,7714,72237,0.0012141063639664888,0.41682240403117515,swantonsoup,swantonsoup,36,0.9909255898366606
buildapcsales,14988,71900,0.00032008881498561985,0.48239221140472877,pricezombie,okp11,124,0.9822524686415799
OutOfTheLoop,28852,71894,8.63685946557919e-05,0.375552897321056,werner__herzog,werner__herzog,584,0.9541799528628865
EarthPorn,46667,71462,3.281441806551827e-05,0.36604069295569674,kairisika,i_am_a_idiot_ama,2995,0.8456939593288619
swtor,7743,70969,0.0011838761174041317,0.48421141625216646,bstr413,bstr413,33,0.9917344698437298
bindingofisaac,13170,70887,0.00040872200901163793,0.4116128486182234,elucidater,elucidater,148,0.9757782839787396
AskScienceFiction,10814,70652,0.0006042155416736914,0.4628602162713016,effa94,garbagephoenix,35,0.9931570186794896
Fantasy,13547,70558,0.0003844962070303092,0.4583463250092123,michaeljsullivan,mikeofthepalace,88,0.9863438399645678
Pathfinder_RPG,6848,70476,0.00150306294181639,0.5598785402122708,neothelid,smartalec105,18,0.9950350467289719
DarkNetMarkets,13518,70399,0.00038527757722809925,0.52441085810878,sharpshooter789,hugsfordrugs,144,0.9781772451546087
HistoryPorn,28610,70185,8.574795447726191e-05,0.36096031915651494,michaelconfoy,namraka,558,0.9580566235581964
nyc,14165,70155,0.00034966819526153863,0.42833725322500177,eurynom0s,darrkman,142,0.9776208965760678
masseffect,12369,69626,0.00045513200854659287,0.45132565420963433,pkbitchgirl,commanderninja,93,0.9844773223381034
CasualPokemonTrades,5678,69353,0.0021515476543622907,0.876530214987095,satanftw,satanftw,27,0.9908418457203241
redditgetsdrawn,20168,69063,0.0001698014164038883,0.5362060727162157,itwillbemine,itwillbemine,292,0.9689607298690995
SFGiants,5434,69049,0.0023388267597631426,0.506886413995858,kobracola,kobracola,19,0.993191019506809
nintendo,14935,68946,0.00030912042447767834,0.44022858468946713,portaldark,portaldark,149,0.9791764312018748
beer,18550,68677,0.0001995937328666449,0.4277705782139581,turkeypants,turkeypants,208,0.9766037735849057
harrypotter,19767,68659,0.00017572676758607913,0.42240638517892776,miket97,miket97,283,0.9690393079374715
AFL,3454,68462,0.00574024819350125,0.5566007420174696,billybrooks,billybrooks,8,0.9959467284308049
edmproduction,10843,68349,0.0005813976930176288,0.5175496349617404,holy_city,holy_city,55,0.9897629807248917
investing,16516,68026,0.0002493971478551207,0.5009849175315321,hydrocyanide,hedgefundaspirations,195,0.9752966820053282
startrek,13683,67988,0.00036316279734408067,0.3906571747955522,starfuryg7,vicpellicier,90,0.9865526565811591
Unexpected,34407,67843,5.73091611480444e-05,0.2834485503294371,79rettuc,bardfinn,1027,0.933966925334961
vancouver,9226,67528,0.0007934216779843931,0.46780594716265844,majormoron,majormoron,74,0.9826577064816822
TagPro,4866,67300,0.002842890387355432,0.5656463595839525,thevdude,tim-sanchez,19,0.9913686806411838
paradoxplaza,8303,66911,0.0009706882075084795,0.45248165473539476,lordofturtles,lordofturtles,35,0.9916897506925207
wicked_edge,10449,66595,0.0006100054710423867,0.5741872512951423,leisureguy,leisureguy,54,0.9895683797492583
weddingplanning,7308,66090,0.0012376507400173888,0.5067635043123014,ivegotopinions,rockspeak,22,0.9939792008757526
LosAngeles,12825,65915,0.00040077753821720724,0.4457255556398392,atomicclown,atomicclown,112,0.9814424951267057
writing,16736,65634,0.0002343427320833531,0.5103452478898132,biffhardcheese,inkedexistence,251,0.9685707456978967
headphones,13370,65561,0.00036678810136512354,0.5845853479965223,veni_vidi_vale,veni_vidi_vale,94,0.9852655198204936
heroesofthestorm,11309,65353,0.0005110407414725487,0.43511391978945113,cyasteve,cyasteve,81,0.9846140242284905
iOSthemes,10004,65258,0.0006521234353404495,0.5832848079928897,c0nstant,c0nstant,40,0.9919032387045182
Watches,10279,65132,0.0006165026316461519,0.5469815144629369,arghzombies,arghzombies,61,0.9881311411615916
woodworking,14631,64742,0.00030245987963739383,0.47184208087485713,joelav,joelav,131,0.981135944228009
dogs,13548,64531,0.00035160097959865434,0.558553253475074,homehealthgirl,homehealthgirl,149,0.9774136403897254
eu4,7630,64401,0.001106370170936691,0.46229095821493454,reefj13,reefj13,27,0.9929226736566186
Aquariums,9330,63484,0.0007293694120961306,0.5586919538781425,otp1144,otp1144,37,0.9920685959271168
Cynicalbrit,15165,63328,0.0002753845569134317,0.39227513895907024,ihmhi,realtotalbiscuit_,129,0.9818001978239367
Nexus5,14105,62235,0.00031283785835228573,0.49836908492006105,dustbink,dustbink,167,0.9749734136830911
interestingasfuck,32099,62177,6.034763963568059e-05,0.30831336346237354,fazookus,ikingjeremy,1024,0.9284712919405589
Yogscast,9447,61848,0.0006930806973058808,0.38154831199068684,brettor,lewisxephos,70,0.9846512120249815
scifi,17910,61689,0.00019232724382797715,0.39300361490703367,dantonn,spammeaccount,224,0.9739251814628699
creepyPMs,16268,61656,0.00023298808702919768,0.380530686388997,lolihull,lolihull,176,0.9771944922547332
Cricket,4877,61181,0.0025727649984533386,0.5102237622791389,uosa11,uosa11,15,0.9938486774656551
MURICA,24244,61037,0.00010384905354868057,0.3454953552763078,the_sad_zebra,dw-im-here,624,0.9446048506847055
community,16907,60912,0.00021310588455137044,0.3325453112687155,teamgreendale,teamgreendale,202,0.9746258945998699
lego,13683,60903,0.0003253177597023967,0.4569561433755316,ashitloadoflego,oldguynewname,147,0.9770518161221954
WeAreTheMusicMakers,16705,60366,0.00021633432759824816,0.5265878143325713,fuzeebear,fuzeebear,252,0.968572283747381
CrusaderKings,8237,60289,0.0008886948766399117,0.43327970276501515,centerflag982,centerflag982,45,0.989073691878111
boston,10679,59907,0.0005253600790989333,0.43410619794014055,itsonlyastrongbuzz,itsonlyastrongbuzz,79,0.984736398539189
TheBluePill,6018,59816,0.0016519053995290732,0.45853952119834157,docilebanalbovine,doldenberg,13,0.9955134596211366
cats,26038,59748,8.813021032365851e-05,0.4006159201981656,cant_think_of_one_,bravelilturtles,903,0.9243797526691758
offbeat,20092,59712,0.00014792340480913378,0.3791532690246517,folderol,wendylrogers3,304,0.9680469838741788
melbourne,7971,59466,0.0009360468712885968,0.49090236437628226,shes_the_cheese,shes_the_cheese,27,0.9930999874545227
Atlanta,9275,59384,0.0006903803753588707,0.4442610804257039,zedsmith,zedsmith,72,0.9841509433962264
Bad_Cop_No_Donut,12973,58823,0.00034954235817795533,0.4360199241793176,thehungriestnunu,thehungriestnunu,110,0.9815000385415864
ShinyPokemon,5517,58817,0.0019327497590347351,0.7740279170987979,cloud2630,cloud2630,26,0.9905745876382092
minnesotavikings,5029,58766,0.002324070114892889,0.48660790252867303,vbullinger,strallweat,16,0.9934380592563133
arrow,9333,58746,0.0006745005451254023,0.4017294794539203,mbii,mac4491,57,0.9875709846780242
fantasybaseball,5686,58625,0.0018136168051202618,0.5245202558635395,hughristik,fawkesmulder,18,0.9938445304256067
HIMYM,16478,58194,0.00021433622108366115,0.33910712444581914,csl512,cormega,231,0.9700813205486103
chelseafc,5660,58029,0.0018117111677386844,0.4257871064467766,notsoyoungpadawan,notsoyoungpadawan,23,0.9915194346289753
houston,8937,57789,0.0007236194994324641,0.4476976587239786,rechlin,rechlin,55,0.9875797247398456
RandomActsofMakeup,3742,57431,0.004102559486791103,0.6564399017951977,anitxtina,42spleens,1,1.0
webdev,15449,57292,0.00024006085541846832,0.46812818543601203,wdpttt,legolas-the-elf,178,0.9753382095928539
fffffffuuuuuuuuuuuu,21548,57163,0.00012311791003730398,0.373633294263772,fagit15,th3_questioner,390,0.9607388156673473
ProtectAndServe,9339,56760,0.0006508608391412572,0.5293868921775898,dasilence,dasilence,60,0.9841524788521255
Civcraft,2731,56731,0.007609149059167367,0.674199291392713,ttk2,ttk2,6,0.9959721713658001
CHIBears,6200,56657,0.0014741451534846931,0.4180948514746633,phildunphy_,phildunphy_,28,0.9908064516129033
metalgearsolid,6918,56035,0.0011710111839874967,0.49643972517176765,flashmedallion,flashmedallion,21,0.9942179820757444
xxfitness,9889,55899,0.0005716671068275332,0.5124599724503122,firemonkee,firemonkee,54,0.9889776519364951
forwardsfromgrandma,9574,55834,0.000609196304513135,0.3237812085825841,baudelairean,platinumarks,65,0.9862126592855651
SSBPM,6738,55596,0.0012247458943057247,0.49719404273688755,muonmanlaserjab,hyldago,24,0.9928762243989314
rugbyunion,5466,55274,0.001850380745113517,0.49893259036798493,reddititis,wallopyjoe,30,0.9892060007317965
Monstercat,3530,54770,0.004396594144670986,0.5780901953624247,teekaytank,44diamonds,9,0.9954674220963173
eagles,5863,54600,0.0015886452713973498,0.4185714285714286,weaponext,aqua-tech,21,0.9931775541531639
spikes,6584,54547,0.0012585115126797566,0.5289750123746494,zemanjaski,jeffhoogland,12,0.9965066828675577
manga,9498,54448,0.0006036195934512064,0.4403100205700852,arcterion,arcterion,88,0.9812592124657823
Scotland,6838,54306,0.0011615907337631727,0.5495525356314219,z3k3,demoneggy,62,0.9809885931558935
Shitty_Car_Mods,15397,54266,0.0002289200321826147,0.38539785501050383,marino1310,marino1310,252,0.9656426576605832
AdoptMyVillager,5799,54031,0.0016069844921579835,0.8344468915992671,pinkobession,pameatsbabies,16,0.9948266942576306
badhistory,5993,53616,0.0014930636699647586,0.49395702775290956,turnshroud,turnshroud,15,0.9953278825296179
DebateAChristian,4494,53431,0.0026462070108365177,0.728940128389886,ssurebrec,ssurebrec,7,0.9973297730307076
coys,4016,53333,0.003307628762657961,0.46714041962762265,smokey815,smokey815,15,0.9927788844621513
batman,14836,53248,0.0002419351247836928,0.40737680288461536,runnerofshadows,plaidchuck,230,0.9670396333243462
MilitaryPorn,13043,53238,0.00031296807724436374,0.40966978474022314,swesof,swesof,159,0.9723223184850112
Kappa,5057,52975,0.0020719102860303927,0.3644360547428032,z3rocool,guardcrushspecial,14,0.9948586118251928
marvelstudios,6553,52901,0.0012321109719247976,0.4310315494981191,jordanrhys,supercoenbros,31,0.9902334808484663
Autos,11820,52691,0.0003771709466059482,0.4412138695412879,marino1310,marino1310,89,0.9843485617597293
GetMotivated,34513,52524,4.4096584597116395e-05,0.35732236691798036,ogreok,gmthrowaway1,2141,0.8523165184133515
OutreachHPG,2350,52210,0.009458076320389844,0.5627657536870332,avatarofmomus,homeless-bill,2,0.9991489361702127
asktransgender,6213,52164,0.0013515685750823238,0.5732305804769573,revengeofsalmacis,nancysbw,21,0.9935618863672944
pettyrevenge,18197,52108,0.00015737244101109624,0.40765333538036386,emilvikstrom,ticktockbent,214,0.9740616585151398
dwarffortress,7547,52005,0.0009131748666041249,0.45622536294587057,peridexiserrant,peridexiserrant,24,0.9939048628594144
EDC,13619,51796,0.0002792786088383883,0.5162560815506989,wags_01,wags_01,105,0.9835523900433218
aviation,11394,51680,0.0003981146804773019,0.4165247678018576,maxwellmaxen,agha0013,92,0.9827979638406179
supremeclothing,4367,51556,0.0027040348946168013,0.565792536271239,toolspaper,toolspaper,9,0.9963361575452255
amiugly,19513,51511,0.00013529263309852387,0.45955232862883655,ian_n,_r_tell_me_im_pretty,404,0.9547481166401885
actuallesbians,8275,51353,0.0007500363311855943,0.5400658189394972,code-sloth,code-sloth,53,0.9865861027190332
49ers,6516,51219,0.0012065229835102166,0.3892305589722564,realik,realik,22,0.9929404542664211
Calgary,6225,51032,0.0013171451874335388,0.4812666562157078,ajau_1,texasnorth,29,0.9885943775100402
gamecollecting,7340,50997,0.000946698482557261,0.5015589152303077,partymark,btgreenone,33,0.9911444141689373
vegan,7870,50972,0.0008230711832560594,0.5313505453974732,anachronic,the_withheld_name,37,0.9904701397712834
gardening,14210,50788,0.0002515379509146382,0.5021264865716311,grandmagos,grandmagos,174,0.9745249824067558
Bravenewbies,3935,50785,0.0032806232958168097,0.5199566801220833,adamnpatriot,cagali,4,0.9984752223634054
survivor,4391,50607,0.0026253223486225967,0.4318374928369593,shutupredneckman,thenobullman,11,0.995445228877249
Browns,4904,50536,0.0021017860689879586,0.4443564983378186,miked1be,pabstyloudmouth,20,0.992047308319739
Conservative,9216,50490,0.0005945215002712968,0.507585660526837,chabanais,chabanais,58,0.9870876736111112
sydney,5974,50248,0.0014081893237793484,0.5361805444992835,silverstar9192,spiritkarmicdragon,25,0.9916303983930365
makeupexchange,3972,50204,0.0031829454380106733,0.7892199824715163,stormyhiccups,stormyhiccups,6,0.9972306143001007
GreenBayPackers,6789,50176,0.0010888007073732657,0.39668367346938777,rhadamanthus52,madhanded,36,0.989247311827957
skeptic,12191,50150,0.00033746435007091463,0.4738584247258225,archiesteel,xm525754,90,0.9838405381018784
philosophy,16171,50144,0.0001917662067666043,0.5966017868538609,yourlycantbsrs,son_of_sophroniscus,472,0.9356873415373199
socialism,6982,50021,0.0010262540575924233,0.5635633034125668,atlasing,zoto888,29,0.9911200229160699
Documentaries,26172,49822,7.273843090307202e-05,0.4215808277467785,bigbowlowrong,bigbowlowrong,1135,0.9011539049365734
math,13242,49814,0.00028410380306823665,0.46954671377524393,protocol_7,zifyoip,222,0.9639782510194834
adventuretime,15900,49487,0.00019576010674299756,0.3638935478004324,joshumertens,joshumertens,319,0.9549056603773585
Boxing,5281,49480,0.0017745146982033936,0.48172999191592564,noirargent,noirargent,30,0.9876917250520735
shield,7389,49241,0.0009020161446619864,0.39398062590117994,v2blast,kickshaw,23,0.993639193395588
hcfactions,1952,49149,0.012905582257102284,0.6422918065474373,stabbdnthetumy,stabbdnthetumy,7,0.9933401639344263
Philippines,3898,49000,0.003225698999098516,0.5681224489795919,coffeefiefofum,hanselpremium,15,0.9923037455105183
nerdcubed,10229,48591,0.0004644424837815511,0.42073635035294604,joshm_01,revanaught,95,0.9811320754716981
Whatcouldgowrong,20011,48196,0.00012036358513562169,0.30533654245165576,bouchard,terevos2,367,0.9598220978461846
playrust,9937,48100,0.0004871673831774641,0.4426611226611227,derpybastard,derpybastard,104,0.9777598872899266
Cardinals,3109,48087,0.004976522265039473,0.5781188262940088,bravo_delta,bravo_delta,9,0.9945320038597619
self,18458,48075,0.00014111511663112287,0.4578263130525221,n1nj4_v5_p1r4t3,periphery72271,489,0.9414887853505255
Indiemakeupandmore,2751,47968,0.006340570371104722,0.6964643095396932,daisyismydog,daisyismydog,4,0.9970919665576155
comics,21795,47902,0.00010084626695864969,0.3582313890860507,jimkb,jimkb,612,0.9370956641431522
techsupportgore,14908,47895,0.0002155165082270474,0.38329679507255454,omnilatent,bender44410,174,0.974912798497451
depression,23997,47850,8.309715160469404e-05,0.5810240334378265,aimlessastronaut,aimlessastronaut,1412,0.8696503729632871
dogemarket,9984,47559,0.00047716334114147896,0.6063626232679409,mbernier,bvm1228,67,0.9861778846153846
totalwar,8027,47209,0.0007327779335323895,0.4601241288737317,chrisps989,chrisps989,60,0.9850504547153357
oddlysatisfying,28363,46716,5.807331694357045e-05,0.30323657847418445,robotsneedhugs2,derpybastard,1515,0.8760004230864153
AMA,19563,46574,0.000121701191272636,0.505045733671147,coorslight3,coorslight3,349,0.9551704748760415
poker,6233,46052,0.001185561054695215,0.5421262920177191,berryguns,berryguns,33,0.9894111984598107
tattoos,24546,46035,7.640897629449478e-05,0.4314977734332573,limberine,spazzx625,1113,0.8982318911431598
london,8975,45716,0.0005676069462197509,0.4391022836643626,ianvisits,ianvisits,84,0.9798328690807799
Animesuggest,8784,45702,0.000592379466293865,0.45039604393680804,ugotmal,anonymepelle,51,0.9882741347905283
argentina,2676,45682,0.006381682801782546,0.6187557462457861,mortiphago,gustavsen,9,0.9940209267563528
flying,6156,45665,0.001205193535633771,0.504587758677324,deadlyfalcon89,deadlyfalcon89,33,0.987491877842755
italy,2986,45651,0.00512172382340369,0.6225055310946092,frankoball,andreahb,11,0.9933020763563295
letsplay,4896,45616,0.0019033694512874948,0.6422746404770256,ricdesi,ricdesi,17,0.9930555555555556
islam,6325,45570,0.0011392699372239014,0.5945139346061005,ibnalwaleed,ibnalwaleed,47,0.9827667984189723
ecigclassifieds,6106,45532,0.001221445964321824,0.6337520864446983,musicka,musicka,17,0.99475925319358
seduction,15660,45403,0.00018515215361360906,0.4458736206858578,thepua_baddie,happyjerk,318,0.9565134099616859
YouShouldKnow,22366,45229,9.041901312991864e-05,0.3992128943819231,gaardyn,gekko_the_great,574,0.9412501117768041
Coffee,11574,45228,0.0003376587064231349,0.49027151322189794,menschmaschine5,menschmaschine5,149,0.973561430793157
InternetIsBeautiful,29316,45113,5.2493689365588173e-05,0.32620309001839826,luigibrick,elfa82,1586,0.8709919497885114
web_design,14530,44915,0.00021276004130050646,0.4443059111655349,rotationsurgeon,rotationsurgeon,240,0.9644184445973847
CCW,6740,44872,0.0009879161248818275,0.4959885897664468,candidcarry,bluefalconnation,27,0.9910979228486647
makinghiphop,4909,44729,0.0018564856758115883,0.6056473428871649,cesarjulius,cesarjulius,24,0.9904257486249746
MonsterHunter,5998,44727,0.001243452669982874,0.5375723835714445,shadyfigure,shadyfigure,24,0.9923307769256419
Borderlands,10569,44559,0.00039894105631791776,0.4688615094593685,jiandersonzer0,jiandersonzer0,149,0.9702904721354906
Dodgers,3594,44477,0.0034442938496777186,0.5052499044449941,phuckduck,shakenbakey,11,0.9941569282136895
Jeep,7555,44475,0.0007792996973741411,0.5258684654300169,kiriesh,kiriesh,33,0.9915287888815354
worldpolitics,12180,44014,0.00029670982016879847,0.48552733221247785,fitzroy95,sematrix,201,0.9650246305418719
BMW,7579,43924,0.0007647779798543927,0.5014115290046444,intense_introvert,intense_introvert,43,0.988257025992875
streetwear,7359,43791,0.0008087350700924042,0.514991664953986,beefk,rodmund,47,0.9870906373148526
lifehacks,23257,43751,8.089082640823845e-05,0.3433978651916528,clinthammer,dynamiklol,855,0.9157672958679107
leafs,4258,43675,0.0024094815568047896,0.43970234688036636,riversfan17,riversfan17,15,0.9931892907468295
ProgrammerHumor,11007,43487,0.0003589723295870348,0.36084347046243703,clickhereforbacardi,clickhereforbacardi,100,0.9806486781139275
NetflixBestOf,19551,43440,0.00011365121399982027,0.34125230202578266,lampmonster1,junglemonkey47,475,0.946805789985167
neopets,3387,43196,0.0037665295767092518,0.6570978794332809,labpartnerincrime,labpartnerincrime,7,0.9964570416297609
discgolf,6182,43181,0.0011300689734369805,0.4754405872953382,royalhghnss,unzbuzzled,30,0.9901326431575542
philadelphia,7276,42570,0.0008042257272886994,0.4559548978153629,mister__crowley,cthulhucompanioncube,56,0.9846069268829027
steroids,3542,42231,0.0033671067216000483,0.6400037886860364,papa_shango,papa_shango,7,0.9966120835686053
FoodPorn,22195,42110,8.548590433662421e-05,0.39696034196152935,morganeisenberg,morganeisenberg,858,0.9107006082451002
tall,9860,42089,0.0004329710171017842,0.46311387773527524,grandbuba,grandbuba,89,0.9809330628803246
stopdrinking,5815,41896,0.0012392182891771603,0.5228184074852015,sarahsiddonscooks,coolcrosby,19,0.9938091143594153
ottawa,6329,41830,0.0010444467393586282,0.44857757590246233,canadave,bbud613,41,0.9867277610996998
army,4977,41801,0.0016878686976167542,0.5164469749527524,citisol,citisol,21,0.9915611814345991
Rateme,15147,41700,0.00018176550905052316,0.4715587529976019,youdummy,youdummy,439,0.9357628573314848
breakingmom,2961,41599,0.004746273629252353,0.5393398879780764,dietotaku,dietotaku,2,0.9993245525160419
history,21325,41524,9.13148623272975e-05,0.3980348713996725,moxy801,moxy801,843,0.9103868698710433
japan,8297,41321,0.0006003174806476392,0.49243725950485223,tannerleaf,tannerleaf,95,0.9751717488248764
cscareerquestions,10230,41271,0.00039439934015445135,0.5121756196845243,csgirlthrowaway,yellowjacketcoder,129,0.9741935483870968
montageparodies,15888,41227,0.0001633317467250929,0.3333252480170762,ziggurati,ziggurati,528,0.9276812688821753
Filmmakers,10474,41206,0.00037564428428040343,0.5070135417172257,nailgunyeah,nailgunyeah,125,0.9753675768569792
Warhammer40k,5050,41190,0.00161545566321338,0.5550861859674678,herald_of_yuck,aura_enchanted,16,0.9938613861386139
RWBY,3870,41123,0.0027464714890706823,0.5495221652116821,shinobi201,shinobi201,11,0.9948320413436692
kpop,4799,41101,0.0017850130476501766,0.44772633269263523,evenastoppedclock,evenastoppedclock,20,0.9920816836841009
Romania,2666,40999,0.005770532689457542,0.5800141466865045,anarchisto,anarchisto,6,0.9962490622655664
RedditLaqueristas,10166,40985,0.0003966134619811861,0.43796510918628767,pleasanceliddle,pleasanceliddle,100,0.9796380090497737
thesims,8366,40811,0.0005831676588085524,0.4861924481144789,simify,simify,81,0.980635907243605
ar15,5796,40735,0.0012127908271510328,0.5661961458205474,tnarmsco,sikhanddestroy,16,0.994824016563147
MTB,7278,40455,0.0007638494659737775,0.4950685947348906,christophcolombo,christophcolombo,53,0.9850233580654025
PublicFreakout,11437,40308,0.0003081803769929541,0.3570507095365684,theherbalgerbil,coffeetablesex,119,0.975605490950424
TrueAtheism,8702,40214,0.0005311155611259544,0.499229124185607,troglozyte,troglozyte,59,0.9858653183176281
skyrimmods,8102,40109,0.0006110981419441316,0.5756314044229475,terrorfox1234,terrorfox1234,59,0.9850654159466798
cordcutters,11311,39761,0.0003108090752404039,0.48640627750811094,topcat5,topcat5,145,0.971090089293608
climbing,8247,39672,0.0005833709115841035,0.4356221012300867,tinyonion,bearbreeder,69,0.9820540802716139
TwoBestFriendsPlay,3619,39467,0.0030142340399564914,0.4235943953176071,mike0dude,mike0dude,8,0.9961315280464217
Warhammer,6329,39455,0.0009851457351516778,0.5070586744392346,gwarsh41,gwarsh41,28,0.9911518407331332
Fishing,9578,39340,0.00042887431307340817,0.4772241992882562,randomasfuuck27,randomasfuuck27,98,0.9781791605763207
AirForce,5013,39242,0.0015618609492414695,0.5005351409204424,silentd,silentd,15,0.9944145222421703
circlebroke,6153,39238,0.00103658189932195,0.408736428971915,benthetraveler,beanfiddler,23,0.9928490167398017
networking,8232,39195,0.0005784591636609518,0.5048092868988391,the-packet-thrower,hoorayinternetdrama,74,0.9817784256559767
TheSimpsons,11030,39183,0.0003220965217636484,0.27726309879284383,dantonn,dantonn,221,0.957751586582049
Catholicism,4381,39122,0.0020387955878383096,0.5927611062829099,limehatkitty,limehatkitty,16,0.9931522483451267
CanadaPolitics,3424,39109,0.0033368451732507694,0.6169935309008157,palpz,palpz,9,0.9944509345794392
GirlGamers,6802,38869,0.0008402218381068111,0.5312202526434948,firestar1215,lolaruns,50,0.9841223169655984
confession,15229,38801,0.0001673126060434895,0.45699853096569676,hopelesssemantic,hopelesssemantic,404,0.9421498456891457
MechanicAdvice,9298,38760,0.0004483853304145253,0.5757481940144479,odtranstech,odtranstech,65,0.9856958485695848
CrappyDesign,18877,38582,0.00010827839065184175,0.3073453942252864,seroevo,quickstoprandal,710,0.9170419028447316
DoesAnybodyElse,18656,38115,0.00010951715104959468,0.3609602518693428,fuzzynyanko,twfm,718,0.9137542881646655
drunk,14902,38094,0.00017155232317485444,0.4795505853940253,zonopogo,fuckinehrightsbud,337,0.9510803918937055
progresspics,19170,38082,0.00010363302577330655,0.40050417520088233,imlosinitnow,hitogokoro,448,0.9454355764214919
horror,9673,38068,0.00040689521719191934,0.44068508983923504,robachurch,robachurch,128,0.9713635893724801
buildapcforme,13471,37983,0.0002093253527043741,0.7175841823973883,chronicburritos,marcustyphoon,202,0.9672630094276594
beyondthebump,4191,37901,0.0021583356539100437,0.4960818975752619,tanskies,madalitchy,9,0.9961822953948938
spaceengineers,6107,37855,0.001015169428304742,0.48585391625941093,krolitian,krolitian,40,0.9864090388079253
Terraria,8660,37843,0.0005046612116723258,0.48077583701080784,seriouslees,thisisbleep,93,0.9779445727482678
askgaybros,6628,37821,0.0008610602426623079,0.5340419343750826,john2nhoj,john2nhoj,51,0.9831019915509958
FinalFantasy,8587,37753,0.000512057959215539,0.4692607210023044,plattbagarn,plattbagarn,92,0.9777570746477233
Denver,7375,37750,0.0006941475546238962,0.4566887417218543,4sammich,4sammich,62,0.9823728813559321
Denmark,4562,37723,0.0018129710550373662,0.5139570023593033,viking83,viking83,19,0.9921087242437527
spacex,3851,37631,0.002538116259227659,0.4968244266695012,echologic,echologic,13,0.9937678525058427
dawngate,4272,37622,0.0020619639288398284,0.5053957790654404,damnedscholar,handsofevil,14,0.9939138576779026
france,4037,37617,0.002308735868145325,0.5763351676103889,keepthepace,my_baby_ate_dingos,27,0.9863760217983651
shittyfoodporn,15428,37565,0.00015783099102030943,0.3254092905630241,undeadbread,paby,438,0.9379051075965776
youtubehaiku,15218,37471,0.00016181123143455678,0.27189026180246056,blackblarneystone,enleat,304,0.9564988829018268
sanfrancisco,7084,37399,0.0007453567615989581,0.44017219711757,el_sharko,el_sharko,67,0.9805194805194806
CrazyIdeas,17220,37319,0.00012586034698590455,0.32937645703261076,shifty_drifter,shifty_drifter,521,0.9328687572590012
FanTheories,13640,37306,0.0002005311231226479,0.3943065458639361,greggorybasore,greggorybasore,215,0.9653958944281525
jobs,12847,37242,0.00022566455703450813,0.5070619193383814,neurorex,wannabe2good,332,0.9443449832645754
marvelheroes,4316,36766,0.001974168176404701,0.44824022194418756,oscarmiguelramirez,doomsaw-gazillion,15,0.9935125115848007
ADHD,8686,36744,0.00048707606029912547,0.512627912040061,roland00,roland00,102,0.9761685470872669
KitchenConfidential,6074,36741,0.0009960311111094243,0.43509975232029613,taint_odour,cool_hand_luke,29,0.990615739216332
watchpeopledie,11984,36662,0.0002552988117233727,0.3718291418907861,danwallace,danwallace,190,0.9658711615487316
ForeverAlone,6734,36533,0.0008057561154249109,0.5015191744450223,ryanfuller003,gigawattthesecond,65,0.9803979803979804
Surface,7380,36514,0.0006705104318965673,0.4982198608752807,ratshack,ratshack,50,0.986449864498645
RotMG,3100,36500,0.003799352548688963,0.5271232876712328,zxcv_rotmg,zxcv_rotmg,7,0.9961290322580645
drums,6633,36422,0.000827959846197968,0.4786667398824886,onehighgiraffa,greenbriermusic,49,0.9847731041760892
geek,16880,36369,0.00012764746794089742,0.3615716681789436,kichigai,wil,441,0.9412914691943128
chicagobulls,4288,36288,0.0019740346552750594,0.4549713403880071,alba7or,alba7or,17,0.9925373134328358
Firearms,5855,36265,0.0010580545625302514,0.5020267475527368,doctorrfabulous,doctorrfabulous,20,0.9931682322801024
dbz,7443,36211,0.0006537366508080781,0.469525834691116,fatnigger69,fatnigger69,81,0.977428456267634
carporn,12564,36182,0.00022922990889368713,0.4188270410701454,project_seven,project_seven,254,0.9552690226042662
vaporents,8334,36096,0.0005197616111987892,0.5620567375886525,chuckl8899,chuckl8899,87,0.9782817374610031
CombatFootage,8609,36041,0.00048634210070640173,0.40870120140950583,supremereader,supremereader,85,0.979091648275061
zelda,12825,35991,0.00021883310897330663,0.44505570837153735,malaroo,malaroo,253,0.9563352826510721
promos,26697,35883,5.034775265580712e-05,0.4212579773151632,omfgcoffee,omfgcoffee,2688,0.7257744315840731
notinteresting,14107,35778,0.00017979496017509971,0.3514450220806082,maybesaydie,maybesaydie,350,0.9459842631317785
fountainpens,4274,35518,0.0019448275242758477,0.5829157047131032,elenchermind,elenchermind,9,0.9962564342536265
quityourbullshit,14540,35472,0.0001677979816748634,0.36631709517365807,doxep,doxep,240,0.9634800550206327
SF4,4871,35451,0.0014944500347149475,0.4835970776564836,wisdom_and_frivolity,wisdom_and_frivolity,28,0.98870868404845
washingtondc,7229,35438,0.0006782235022605791,0.4323607427055703,eurynom0s,eurynom0s,60,0.9827085350670909
orioles,2953,35338,0.004053798580654279,0.5389099552889242,aresef,aresef,15,0.9901794784964443
shittyaskscience,18216,35275,0.00010631262197696933,0.30650602409638555,excultist,excultist,707,0.9132630654369784
gamernews,10677,35182,0.00030864746648172033,0.41839577056449323,real-terminal,sfx,145,0.9711529455839656
starbound,9714,35070,0.000371692910814623,0.4367265469061876,wulf_oman,tiyuri,126,0.9729256742845378
Metalcore,6237,34871,0.0008965665903874157,0.488887614350033,manwithoutmodem,manwithoutmodem,45,0.9849286515953183
engineering,11064,34753,0.0002839273446648718,0.46712514027565966,inigo93,raoulduke25,181,0.9652024584237165
microgrowery,5474,34729,0.0011592097813553244,0.5773848944685998,justintime233,justintime233,32,0.9883083668249909
DetroitRedWings,3506,34724,0.002825724476401978,0.45887570556387514,cmbyrd,buffalosoldier11,13,0.9928693667997718
startups,11419,34707,0.00026619443021575764,0.5026075431469156,testmypatience,cmdrnacho,200,0.9632191960767142
furry,4432,34634,0.0017636043073618998,0.5503262689842351,the_ninja_nero,the_ninja_nero,25,0.9882671480144405
russia,4312,34532,0.0018576545567300115,0.580562956098691,wearebrics,wearebrics,37,0.9814471243042672
DenverBroncos,5385,34505,0.0011901214230823887,0.4260831763512534,aatencio91,anal_explorer,53,0.9792014856081709
xxketo,4414,34466,0.001769394314343532,0.5568966517727616,anbeav,anbeav,15,0.9934299954689624
Dota2Trade,5285,34424,0.0012326890339232986,0.5456077155472926,eternal_mr_bones,fleme,72,0.9695364238410596
audioengineering,8010,34415,0.000536459529221885,0.5136132500363214,fuzeebear,fuzeebear,65,0.9801498127340824
Art,24147,34329,5.887796272102403e-05,0.3843397710390632,chrisherreraart,magelanz,1888,0.8087961237420798
FiftyFifty,18479,34311,0.00010048470169837509,0.31908134417533734,plushsandyoso,plushsandyoso,718,0.9126576113426051
Psychonaut,9950,34281,0.0003462987871309508,0.4928094279630116,veridikal,veridikal,144,0.9688442211055276
Israel,4506,34197,0.0016846202843120014,0.5801093663186829,anti_human,eaturbrainz,41,0.9815801154016867
nsfw,21705,34086,7.23563196577639e-05,0.2707856598016781,ninjaryda,devilbunnies,1171,0.8766643630499885
homestuck,3305,34012,0.0031147318795720037,0.4925908502881336,mrcheeze,mrcheeze,12,0.9933434190620273
breakingbad,17602,33929,0.00010951451902881664,0.33234106516549267,jjolla888,jjolla888,644,0.9163731394159754
AnimalCrossing,8405,33837,0.00047903593116334223,0.5160622986671395,ladydrac,ladydrac,98,0.9752528256989887
Anarchism,5357,33810,0.001178373469595734,0.5675244010647738,all-the-post-leftist,all-the-post-leftist,42,0.9824528654097443
beermoney,9108,33745,0.0004068282232236381,0.5006963994665876,garwald,darkwulfv,139,0.9668423364075538
cowboys,4600,33614,0.001588908741976044,0.41720711608258465,itsaboat,itsaboat,25,0.9891304347826086
ftlgame,6586,33444,0.0007711532781277605,0.44833153928955866,aycarrumba,chewbacca77,54,0.9826905557242636
mexico,3945,33405,0.0021469778418775403,0.49309983535398894,waiv,soparamens,26,0.9870722433460076
StLouis,5537,33373,0.001088741164274805,0.47559404308872444,nerfdude,nerfdude,35,0.9866353621094456
FixedGearBicycle,4851,33185,0.001410486093843973,0.5129425945457284,zoidd,zoidd,13,0.994846423417852
Netrunner,2676,32965,0.004605143679365212,0.528985287426058,sigma83,sigma83,9,0.9932735426008968
audiophile,8360,32852,0.0004701118640711012,0.5418239376598076,zeospantera,arve,101,0.9753588516746412
Flipping,4227,32773,0.0018346552054037937,0.559423916028438,theenigma31680,theenigma31680,18,0.9919564703099125
bleach,4545,32597,0.001578357659709633,0.4344571586342301,andygoesrawr,andygoesrawr,17,0.9925192519251925
standupshots,14329,32468,0.00015814449610199242,0.3994086485154614,filthyson,filthyson,286,0.9494730965175519
singapore,3838,32400,0.0022001294816943115,0.5370987654320988,happyh0rse,newater,17,0.9906201146430432
rangers,3084,32395,0.0034071408708397544,0.48044451304213615,guyzieman,guyzieman,8,0.995136186770428
crossfit,5934,32208,0.0009148330949393267,0.4555389965226031,snatchaddict,snatchaddict,46,0.9839905628581058
hookah,4510,32091,0.001578070761654813,0.5815337633604437,leargle,leargle,26,0.9889135254988913
BuyItForLife,13827,32087,0.00016784352771305512,0.422414061769564,pricezombie,oldaccount,352,0.9425037969190714
Dallas,6517,32021,0.0007540603302897752,0.45888635582898724,tonictuna,tonictuna,67,0.9788246125517877
3Dprinting,6347,31887,0.000791671654907329,0.5699501364192304,ubermeisters,ubermeisters,52,0.9823538679691193
arma,6415,31878,0.0007747568950520114,0.48898927159796723,toxicsludge1977,toxicsludge1977,66,0.9778643803585347
osugame,3873,31747,0.002116995068635798,0.4966768513560336,look_at_that_omgwtf,_ohyou,16,0.9922540666150271
montreal,5393,31706,0.00109033800822145,0.4905696082760361,turtlestrangulation,turtlestrangulation,42,0.9836825514555906
bodyweightfitness,8870,31441,0.0003996668023846536,0.5420947170891511,antranik,antranik,132,0.9670800450958287
gentlemanboners,18973,31367,8.714126521705073e-05,0.26295150954825136,minifig81,geqagae,905,0.8913192431349813
rickandmorty,12242,31317,0.00020898296146573605,0.32065651243733434,theletter10,theletter10,233,0.9598104884822741
beards,14498,31302,0.0001489312562306263,0.4129448597533704,slattcatt,fullbeardma,457,0.9315767692095461
MMORPG,7510,31277,0.0005546296064784398,0.5030533618953225,ilandar,ilandar,101,0.9708388814913449
China,4567,31204,0.0014963850150113255,0.5101269068068196,thedark1,thedark1,42,0.9809502955988614
dota2loungebets,3805,31180,0.0021541748018200635,0.5199486850545221,avengeance_,avengeance_,12,0.9939553219448095
EnoughLibertarianSpam,2902,31149,0.003699976552204841,0.46505505794728563,zifnab25,instasquid,3,0.9986216402481047
detroitlions,3770,31124,0.0021904226367131558,0.4553399306001799,thabe331,xylan_treesong,26,0.9864721485411141
Twitch,9560,31107,0.0003403986078969588,0.5411000739383418,ferretbomb,ferretbomb,257,0.9387029288702929
knifeclub,3499,31092,0.002540299433751471,0.5958445902482954,colonelbunkymustard,colonelbunkymustard,9,0.995427264932838
TrollYChromosome,8347,31086,0.00044622720966227896,0.46824937270797146,hohnsenhoff,hohnsenhoff,99,0.9748412603330537
ShingekiNoKyojin,6483,31076,0.0007395032116608301,0.4859055219461964,h-k_47,h-k_47,72,0.97686256362795
southpark,14540,31051,0.00014688472961733715,0.31432159994847186,celcolevi_,celcolevi_,386,0.9398899587345254
AskCulinary,8761,30988,0.00040377159255500846,0.4923841487027236,bran_solo,bran_solo,93,0.9779705513069284
gtaonline,5863,30794,0.0008959842946412085,0.4945768656231733,imaxipad,imaxipad,49,0.9831144465290806
tmobile,5217,30749,0.0011299847360740196,0.5775797586913396,domini384,domini384,37,0.9858156028368794
syriancivilwar,3469,30719,0.002553428405089335,0.556333213971809,ofarrizzle,nottgeorgesabra,22,0.9847218218506775
electronicmusic,11519,30648,0.00023099909929344937,0.41568780997128685,empw,empw,287,0.9477385189686605
TopGear,12153,30570,0.0002069970613323964,0.34582924435721296,thats_absrd,thats_absrd,256,0.9548259688965688
KillLaKill,5360,30474,0.0010609157979462641,0.4316466496029402,yween,jmaisonet,52,0.9794776119402985
business,10436,30457,0.00027967947741985605,0.435302229372558,lwrellim,wannabe2good,253,0.9471061709467229
brisbane,4398,30332,0.0015685174572807558,0.5036265330344191,2littleducks,dannyr,19,0.9918144611186903
PS3,10583,30279,0.00027037403017748853,0.4599887710954787,360walkaway,360walkaway,241,0.9497307001795332
paintball,3516,30262,0.002448631494796395,0.5870068072169717,istranglehookersama,theamazingleech,10,0.9943117178612059
EngineeringStudents,8737,30241,0.00039620612686310294,0.4853675473694653,setruss,gyang193,148,0.9636030674144443
sto,2298,30209,0.005723020869920391,0.539574299049952,brainwav,futurepastnow,6,0.9956483899042646
knitting,5079,30012,0.0011636544332512045,0.5233240037318406,japaneseknotweed,japaneseknotweed,28,0.9885804292183501
fireemblem,3657,30011,0.0022446535495309196,0.5805871180567126,estrangedeskimo,estrangedeskimo,10,0.9950779327317474
HomeImprovement,7425,29935,0.0005430562812028329,0.5044262568899281,mackstann,mackstann,81,0.9776430976430976
worldbuilding,7317,29728,0.000555339980226848,0.5428552206673842,j_webb,j_webb,58,0.981139811398114
tennis,4650,29471,0.0013632715556819942,0.4638458145295375,kyleg,dropshot,39,0.983225806451613
crochet,5310,29317,0.0010399495721829719,0.4982092301395095,embertouchtehfire,embertouchtehfire,26,0.9902071563088513
Multicopter,3845,29279,0.001980963695976639,0.5794596810000342,raider1284,raider1284,11,0.9945383615084525
Bass,6689,29091,0.0006502811872094512,0.4747172665085422,chuckeye,chuckeye,58,0.9811631036029301
picrequests,13517,29089,0.00015922098076796216,0.4905634432259617,tracymapes,rewarren,344,0.9439964489161796
nonononoyes,15739,29077,0.00011738778828366926,0.30931664201946557,downhillcarver,the_real_opie,490,0.9282038248935764
NBA2k,5931,29054,0.0008260822960390755,0.4623115577889447,flysenberg,flysenberg,69,0.9762266059686393
MakeupAddicts,3689,29019,0.0021329608045023343,0.6150453151383576,jujicakes,jujicakes,22,0.9886148007590133
hardware,6649,28938,0.0006546680834174461,0.4982376114451586,dylan522p,dylan522p,96,0.969769890209054
DaystromInstitute,3685,28881,0.002127429185137387,0.49208822409196357,darth_rasputin32898,darth_rasputin32898,9,0.9956580732700135
firstworldanarchists,18457,28873,8.47604428517517e-05,0.29342292106812595,thefriendlyfaceplant,gets_it_police,1104,0.8596738364848026
Ingress,5245,28793,0.0010468362226492996,0.43920397318792764,here_comes_the_d,here_comes_the_d,42,0.9818875119161106
Barca,2666,28778,0.004050449760657801,0.4890541385780805,egcg119,egcg119,6,0.9958739684921231
bonnaroo,4481,28748,0.0014320384480504989,0.44058717128148045,ohshititsseth,beliciousm,21,0.9908502566391431
gameswap,4105,28595,0.0016973428970992917,0.726420702920091,musethegreat,musethegreat,70,0.9651644336175396
Silverbugs,2513,28547,0.004522185273520369,0.5926367043822468,zuizide,zuizide,8,0.9944289693593314
ShitRedditSays,5332,28482,0.00100200908415061,0.34477915876694054,persephonesecho,persephonesecho,45,0.9814328582145536
sandiego,6429,28328,0.0006854828913362493,0.41894944930810507,jenfoolery,jenfoolery,61,0.9779125836055375
de,3199,28327,0.0027689039003550397,0.5216224803191302,maripool,maripool,17,0.989371678649578
AndroidQuestions,10801,28226,0.00024197005078404948,0.5893148161269751,super_midget,super_midget,334,0.9347282659013054
patientgamers,9564,28191,0.0003082313144646917,0.4426235323330141,seifer93,seifer93,144,0.9671685487243831
starbucks,3314,28103,0.002559639145802066,0.4743977511297726,bionicbeans,maidenlocks,12,0.9933614966807484
medicine,7161,28058,0.0005472301471580621,0.4700263739396963,captain_thrace,armyortho,105,0.9684401619885491
gainit,8188,28002,0.00041772111338116375,0.4901792729090779,kiirk,kiirk,116,0.9692232535417684
UpliftingNews,18432,27920,8.218528264578398e-05,0.36525787965616047,razorsheldon,razorsheldon,1068,0.8601345486111112
everymanshouldknow,15195,27919,0.00012092804510604388,0.3949998209104911,talshar,freenarative,491,0.9247778874629813
snowboarding,7681,27799,0.00047124872520939114,0.4755566747005288,bladepsycho,bladepsycho,101,0.9725296185392527
exjw,2181,27791,0.005845100934257074,0.5619804972832931,mobius_sp,mobius_sp,4,0.9972489683631361
vexillology,6534,27737,0.0006497820324128717,0.4358077658001947,atlasing,republiken,67,0.9790327517600245
acturnips,5066,27694,0.0010792972058073314,0.7758359211381527,sapphberry,sapphberry,7,0.9968416896960126
Texans,3189,27655,0.0027201999659274174,0.5088410775628277,screw-it,tripstep,14,0.9918469739730323
Trucks,5138,27477,0.001041035760300124,0.5332459875532264,bammad33,bammad33,29,0.9887115609186454
Mustang,4268,27467,0.0015082181884952608,0.551643790730695,who-you,who-you,18,0.9917994376757263
pittsburgh,5003,27453,0.0010970227140005482,0.45000546388372853,jhc1415,montani,37,0.9848091145312813
Borderlands2,7081,27423,0.0005469997295220679,0.5079677642854539,jiandersonzer0,jiandersonzer0,135,0.9587628865979382
skateboarding,8311,27306,0.0003953700610777678,0.41880905295539445,skooterblade,skooterblade,136,0.9659487426302491
TalesFromYourServer,6765,27232,0.0005951249233475078,0.44594594594594594,rantngserver,rantngserver,62,0.9785661492978566
fakeid,5054,27168,0.0010638322033379303,0.5895170789163722,tumblrwithtonic,anyways_vs_anyway,36,0.9853581321725366
AsianBeauty,2926,27063,0.003162101056837899,0.6351106677012895,sharkus_reincarnus,misspicklesmeow,11,0.992822966507177
footballmanagergames,5219,27044,0.000993069298714026,0.4772223043928413,poet-laureate,poet-laureate,31,0.9871622916267484
RealEstate,6656,26964,0.0006087275327977807,0.5258863670078623,numnumlobster,shortwoman,72,0.9771634615384616
indonesia,1873,26962,0.007689683810879753,0.639047548401454,mental_octo,mental_octo,1,1.0
pokemonzetaomicron,6024,26961,0.0007430844445561602,0.5633322206149624,thesuzerain,thesuzerain,64,0.978253652058433
GTAV,9002,26952,0.00033262985590902153,0.46727515583259127,thats_absrd,thats_absrd,209,0.9489002443901355
nursing,5090,26938,0.0010399563602839978,0.47293785730195265,justatouchcrazy,auraseer,41,0.9836935166994106
ShouldIbuythisgame,9029,26931,0.0003303857265318422,0.4859084326612454,quantization,quantization,178,0.9579133901871747
Buddhism,5667,26911,0.000838108129807692,0.6019099996284047,dependentarising,clickstation,62,0.9763543320981118
Cyberpunk,8161,26807,0.00040254522345637187,0.4312306487111575,m_bishop,m_bishop,124,0.9676510231589266
AndroidGaming,8878,26803,0.00034009640857025187,0.45733686527627504,silverforceg,silverforceg,182,0.9567470150934895
LeagueofLegendsMeta,4549,26733,0.001292145161075153,0.5116522649908353,steakosaurus,quint-v,29,0.9874697735766103
asktrp,4738,26668,0.0011882067230187116,0.519574021298935,oldredder,tombreck2,22,0.990713381173491
Xcom,4543,26532,0.0012858198380890542,0.4694708276797829,cromodileadeuxtetes,cromodileadeuxtetes,35,0.9839313229143738
goodyearwelt,2499,26512,0.004247015059026012,0.6988533494266748,a_robot_with_dreams,a_robot_with_dreams,7,0.9951980792316927
NSFW_GIF,17225,26479,8.925002207740642e-05,0.2539370822160958,mckmitch,lesnaa,989,0.8679245283018868
stunfisk,3557,26360,0.0020840099513846967,0.6036418816388467,theohaiguy,theohaiguy,21,0.987630025302221
Nootropics,5679,26329,0.0008165205278204041,0.5612822363173687,misteryouaresodumb,misteryouaresodumb,76,0.9721782003873921
Sonsofanarchy,6052,26329,0.000718965899351,0.36089483079494095,asstasticbum,asstasticbum,57,0.9801718440185063
guitarpedals,3995,26274,0.0016466502005824757,0.518078708989876,minty901,pigsarepunished,14,0.9934918648310388
nononono,11286,26250,0.00020610460644973156,0.32106666666666667,edgarallannope,edgarallannope,234,0.9547226652489811
GuessTheMovie,4395,26246,0.0013590774056876608,0.22151946963346797,skoslovesyou,skoslovesyou,5,0.9981797497155859
Celebs,13906,26185,0.00013541892440293495,0.3049073897269429,cj105,cj105,599,0.9031353372644901
EatCheapAndHealthy,12343,26175,0.00017182265255498216,0.4479847182425979,randoh12,randoh12,334,0.9386696913230171
Braves,3054,26044,0.002793263134954164,0.4886346183381969,drrhythm2,vslyke,18,0.9878847413228553
SuggestALaptop,10348,25993,0.0002427647003818671,0.7083445543030816,construktz,construktz,258,0.946366447622729
ABraThatFits,5053,25858,0.0010129366639198526,0.619614819398252,t_maia,t_maia,32,0.9871363546408074
DebateAnAtheist,3264,25849,0.0024270377013815027,0.6123254284498433,cihera,crazy__eddie,9,0.9950980392156863
Winnipeg,2918,25716,0.003021215474130872,0.5321978534764349,derrickd26,derrickd26,11,0.9931459904043866
FeMRADebates,1661,25677,0.009312505893531985,0.6978229543949839,zahlman,strangetime,4,0.9963877182420229
freebies,13232,25578,0.00014609939630070708,0.4032371569317382,banned_accounts,banned_accounts,538,0.9053808948004837
PurplePillDebate,1972,25575,0.006579942636793341,0.7235972629521017,fiat_lux_,fiat_lux_,9,0.9913793103448276
minimalism,11813,25565,0.0001832154758188682,0.41196948953647566,anachronic,anachronic,353,0.9300770337763481
germany,5738,25562,0.000776514262047469,0.4636569908457867,rewboss,rewboss,66,0.9749041477866852
MaddenUltimateTeam,2547,25561,0.003941762886022432,0.6059230859512539,jgarcia_2,jgarcia_2,5,0.9968590498625834
ems,3841,25409,0.0017227094723596286,0.49289621787555593,jd3p0,jd3p0,20,0.9898463941681853
RealGirls,17115,25370,8.661478587797298e-05,0.295072920772566,therealgj,therealgj,1125,0.8456324861232837
Foodforthought,8511,25353,0.00035004123370585186,0.49264386857571096,otakucode,otakucode,153,0.9616966278933146
newjersey,5908,25227,0.0007228665850816292,0.45752566694414715,elbomberoloco,elbomberoloco,48,0.983073798239675
gonewildaudio,3740,25219,0.0018034362472164338,0.6660057892858559,_miss_,_miss_,14,0.9922459893048128
ainbow,5147,25171,0.0009503345520439838,0.5199634500019864,yourdadsbff,drewiepoodle,51,0.9792111909850398
minecraftsuggestions,4207,25170,0.0014224644951844744,0.5081446166070719,wildblunthickok,wildblunthickok,21,0.9902543380080817
progun,3479,25169,0.0020800891771395645,0.4743136397949859,whubbard,whubbard,10,0.9945386605346364
rva,3492,25048,0.0020547026013217427,0.5162088789524114,danger-moose,danger-moose,17,0.9902634593356243
bourbon,3635,25037,0.001895365412552547,0.5722730359068579,amity0,amity0,19,0.9900962861072903
Flyers,2721,24990,0.00337651598676957,0.5125250100040016,fly3rs18,molemon,17,0.9871370819551636
linux_gaming,4268,24950,0.0013700092402867718,0.4926653306613226,gutigen,gutigen,24,0.9885192127460168
madmen,6135,24787,0.0006586665795070112,0.29983459071287366,mattief,leamanc,65,0.9775061124694376
gtaglitches,5126,24762,0.0009425692071981195,0.5434132945642517,drobythepound420,drobythepound420,34,0.9865392118611003
BostonBruins,3103,24718,0.002567968894310595,0.541467756290962,slicked9778,slicked9778,24,0.985175636480825
cripplingalcoholism,3636,24684,0.0018676145468742198,0.5416464106303679,meudhros,meudhros,14,0.9928492849284929
baltimore,4551,24683,0.0011920094846924116,0.4548069521533039,discographya,bmoreinterested,31,0.985937156668864
AmericanHorrorStory,6604,24583,0.0005637499537909874,0.3707440100882724,mrignatiusjreily,starsurfer9,90,0.9709267110841914
whatsthisbug,11513,24510,0.00018492857607199572,0.4155854753161975,mrroarke,mrroarke,220,0.9596977329974811
Python,7778,24473,0.0004045825733805794,0.4737465778613166,alcalde,alcalde,189,0.9461301105682695
AskEngineers,7246,24461,0.0004659480388218283,0.49556436776910184,inigo93,inigo93,93,0.9726745790781121
listentothis,19095,24452,6.706528989185489e-05,0.3699492884017667,evilnight,evilnight,2135,0.7239067818800733
MotoX,5440,24401,0.0008246879833014287,0.5297323880168846,supernanocat,supernanocat,65,0.9755514705882353
Supernatural,6019,24343,0.0006720437899901668,0.4329786797025839,vio_,kishara,71,0.9749127762086726
intj,4639,24335,0.0011310354930882506,0.5097185124306555,fidelitypdx,fidelitypdx,32,0.9864194869583962
Quebec,2308,24326,0.004568643845608911,0.5827509660445613,jeannaimard,jeannaimard,7,0.9948006932409013
Scotch,4682,24317,0.0011095322863081518,0.5721922934572521,texacer,texacer,30,0.9856898761213156
Accounting,5507,24289,0.0008010476512045463,0.5220470171682655,vishtratwork,potatoriot,66,0.9751225712729253
nyjets,3028,24266,0.0026474630134164603,0.4536388362317646,sameolejets,akaneel,20,0.9864597093791282
Chromecast,9367,24228,0.00027616134634332763,0.4730064388311045,acidhax,jimbolodisc,266,0.9366926443898793
gaymers,6923,23927,0.0004993008702697101,0.4782045388055335,athildur,athildur,94,0.970533005922288
teslamotors,4158,23902,0.0013828329921666462,0.490837586812819,jonjiv,jonjiv,40,0.9797979797979798
weightroom,5786,23873,0.0007132227792713972,0.5273740208603862,gzcl,xtc46,65,0.9770134808157622
ModernMagic,3104,23861,0.002477337362246712,0.5568081807132979,mtgcardfetcher,eternalphi,7,0.9961340206185567
FancyFollicles,10854,23858,0.00020253235564314924,0.46910889429122304,graveyardgirl,graveyardgirl,293,0.9411276948590381
Redskins,3520,23825,0.0019234060554393034,0.4259391395592865,namesnag,namesnag,25,0.9863636363636363
panthers,2815,23785,0.003002622007950605,0.45600168173218414,absurdspud,purpleraptor22,13,0.9914742451154529
DeadBedrooms,5600,23766,0.0007579797412803306,0.5522174535050072,girlaboutoaktown,marriedscoundrel,65,0.97625
androidapps,10105,23766,0.00023276969492537383,0.4558613144828747,viking84,viking84,298,0.9359722909450767
CampingandHiking,9125,23720,0.00028490268027121004,0.46112984822934233,freedomweasel,freedomweasel,181,0.9568219178082191
short,3602,23455,0.0018082921934973644,0.5677254316776806,geoffreyarnold,geoffreyarnold,26,0.9855635757912271
redsox,3355,23452,0.002084127589274368,0.5135596111205867,gingerbreadmancan,gingerbreadmancan,27,0.9839046199701937
kansascity,4063,23439,0.0014202092522824596,0.44967788728188063,philo_t_farnsworth,philo_t_farnsworth,35,0.9820329805562392
steelers,3345,23341,0.0020866858340306536,0.43434300158519346,matteven,driarcher,28,0.9832585949177878
applehelp,8993,23287,0.00028797358404104737,0.6027397260273972,5ht-2a,troll__mclure,208,0.9518514400088958
dadjokes,14306,23225,0.00011348792090275499,0.2715177610333692,aeqvitas33,vantil,738,0.8775339018593598
korea,4327,23215,0.0012402101396247432,0.481154426017661,icecreammachine,icecreammachine,46,0.9782759417610354
SuicideWatch,12881,23175,0.00013968645619408623,0.7284573894282632,sqlwitch,tortiekitty,1058,0.8028103408120487
lostgeneration,4210,23085,0.0013027733242136378,0.5261425167857916,witchsbrew,witchsbrew,19,0.9897862232779098
LetsNotMeet,8546,23079,0.000316039984350687,0.4222020018198362,i_am_jacks_reddit,foolsalot,158,0.9600982915984086
mtgfinance,3437,23079,0.0019542688059103444,0.4963819922873608,haplessmagician,haplessmagician,13,0.992435263311027
Advice,10723,23073,0.00020068363424049503,0.5546742946300871,keroncyst,keroncyst,502,0.8920078336286487
chemistry,6541,23040,0.0005385928420450258,0.4453125,falconx88,falconx88,75,0.975844672068491
androiddev,5985,22982,0.0006417000612047052,0.5070925071795318,gonemad16,gonemad16,90,0.9694235588972431
CannabisExtracts,4222,22949,0.001287745926701787,0.5468647871366944,slab_amberson,slab_amberson,40,0.9812884888678352
Roadcam,5062,22946,0.0008956709963807022,0.40006972892878934,theherbalgerbil,theherbalgerbil,37,0.9853812722244172
katawashoujo,2891,22943,0.0027460236337805313,0.5613041014688576,atario,atario,11,0.9930819785541335
bigdickproblems,5631,22909,0.0007226237148896318,0.5016369112575844,kazan,hungfun,69,0.9747824542709999
miamidolphins,2594,22843,0.00339610141889037,0.47270498621021756,dropthatbass13,dropthatbass13,12,0.9911333847340016
wheredidthesodago,13130,22768,0.00013207739916582634,0.24279690794096978,camsy34,camsy34,393,0.9304645849200305
cosplay,11326,22742,0.00017730210315283868,0.45097177029285024,moonspider,lolzmaster57,455,0.907734416387074
mac,8088,22740,0.0003476657228016243,0.5353562005277045,5ht-2a,5ht-2a,196,0.9485657764589516
BasicIncome,4374,22740,0.0011888640764486653,0.5529463500439754,jonwood007,2noame,27,0.9871970736168267
texas,5497,22734,0.0007524946119876423,0.45588105920647487,maowsers93,old_army90,72,0.9727123885755867
trap,5855,22636,0.0006604197732644361,0.4324085527478353,rilesmcstylez,rilesmcstylez,81,0.9721605465414176
AbandonedPorn,14111,22614,0.00011357757249259077,0.3835677014238967,11023517141,ethan_kahn,747,0.8754872085606973
polyamory,4431,22562,0.0011494024503128737,0.5631592943887953,girlaboutoaktown,girlaboutoaktown,41,0.980365605958023
AutoDetailing,4750,22552,0.000999745098691137,0.5508158921603405,zenautodetailing,zenautodetailing,31,0.9869473684210527
pebble,5430,22543,0.0007647016720449859,0.5141285543184136,protonus,protonus,54,0.979926335174954
canucks,2630,22517,0.0032565983104507054,0.4744859439534574,imanafricancanuck,imanafricancanuck,9,0.9935361216730038
LearnJapanese,4429,22460,0.0011452398711538857,0.5477292965271594,amenohana,amenohana,31,0.984872431700158
dresdenfiles,3141,22386,0.0022697546523582695,0.4556419190565532,westenm,westenm,5,0.9974530404329831
latterdaysaints,2113,22376,0.0050140544106469336,0.5794601358598498,amertune,jgardner,5,0.9962139138665405
TeenMFA,2202,22361,0.0046137479413411705,0.6497920486561424,mickepb,mickepb,5,0.9959128065395095
law,4822,22360,0.0009618502488636961,0.5174418604651163,rdavidson24,rdavidson24,53,0.9771878888428038
xbox360,7045,22356,0.0004504989221154346,0.4718196457326892,drstephenfalken,drstephenfalken,162,0.9494677075940383
Diablo3Monks,4580,22306,0.0010636177499139322,0.5595803819600108,shifty76,shifty76,53,0.975764192139738
chess,5031,22298,0.0008811373460686883,0.439680688851018,nosher,nosher,52,0.9787318624527926
Physics,7539,22283,0.00039210626718599325,0.47776331732711036,second_foundationeer,john_hasler,129,0.9631250829022416
Anxiety,10334,22231,0.0002081920358618859,0.5354684899464711,dwade333miami,dwade333miami,434,0.9082639829688407
raspberry_pi,8103,22155,0.00033746883839707193,0.5262920334010381,b4ux1t3,bengineering101,167,0.9547081327903246
beertrade,3194,22116,0.002168566532025186,0.5669198770121179,genderchangers,genderchangers,31,0.980275516593613
GODZILLA,4053,22031,0.001341492256232754,0.4780536516726431,chickenman456,chickenman456,37,0.9819886503824328
Briggs,1065,22027,0.019438561191711674,0.6090706859763018,crushdepth5thfaction,sen7rygun,1,1.0
beerporn,5352,21914,0.0007651923183825774,0.4691065072556357,bigtool,genderchangers,57,0.9783258594917787
QuotesPorn,11631,21904,0.0001619297555758165,0.4184623813002191,kabbotta,kabbotta,484,0.9026738887455936
lakers,4085,21894,0.0013123428802971143,0.4015712067233032,stealthrus,aveydey,41,0.9789473684210527
PercyJacksonRP,709,21801,0.04343070928258947,0.9411494885555708,king_kalamari,king_kalamari,1,1.0
Gunpla,2710,21792,0.0029683751987021533,0.5400146842878121,duelistgamer,superheatedsteam,9,0.9940959409594096
PHP,4722,21749,0.0009756168896154691,0.5071497540116787,aequasi08,mattaugamer,45,0.9798814061838205
popping,9959,21734,0.00021915521442695125,0.3588846967884421,pandroidgaxie,lyinginbedalone,320,0.9293101717039863
Paleo,7495,21681,0.0003860059361698832,0.4809741248097412,billsil,billsil,117,0.9661107404936624
gonewildcurvy,7945,21627,0.00034265978907101126,0.5870439728117631,boredlittlefishie,awwfapwtf,257,0.9303964757709251
ArcherFX,9865,21608,0.00022205697434423929,0.3135875601629026,muntberg,2th,248,0.9429295489102889
arduino,6257,21588,0.0005515050764626993,0.5567908097090977,chrwei,chrwei,86,0.9715518619146556
exmuslim,2698,21567,0.0029639225199566935,0.554179997217972,_trinity-,_trinity-,17,0.9870274277242401
lgbt,8739,21504,0.0002816083134797115,0.46521577380952384,jaycatt7,jaycatt7,278,0.9290536674676736
custommagic,1997,21483,0.0053895974221853825,0.572452636968766,ba_start,ba_start,5,0.9959939909864797
HITsWorthTurkingFor,3528,21262,0.0017087167538785669,0.42714702285768036,rwebb507,martymcfly6,19,0.9895124716553289
howardstern,3324,21237,0.0019226569875639755,0.37434665913264586,hoganusrex,hoganusrex,27,0.9840553549939831
holdmybeer,12228,21215,0.00014189519652220526,0.27244873909969364,generaldisorder,kaasmaniac,480,0.9098789663068367
synthesizers,2983,21134,0.0023758598074085364,0.5537995646825021,jhoppa,jhoppa,13,0.9916191753268522
entertainment,8123,21078,0.0003194846242226943,0.3706233988044407,happyscrappy,happyscrappy,177,0.9530961467438138
AnimalsBeingJerks,12765,21071,0.0001293235246064535,0.297280622656732,daimposter,neon_overload,578,0.8959655307481394
thelastofusfactions,2169,21060,0.004478571756671924,0.6068376068376068,pepesilvia86,rocketpawnch,9,0.9921622867680959
Volkswagen,5176,20970,0.0007828774947920167,0.5251311397234144,slothscantswim,technosphere,53,0.9793276661514683
bayarea,5510,20965,0.0006906698459771653,0.4416885284998808,eugenesbluegenes,kelv37,94,0.9637023593466425
JoeRogan,5324,20878,0.0007367062940645848,0.39697289012357506,bouras,steal_from_asprey_,50,0.9806536438767843
secretsanta,7224,20834,0.0003992797708930605,0.518479408658923,theopus,theopus,207,0.9381229235880398
tea,5731,20790,0.0006330958386510034,0.5262145262145262,puerh_lover,mating_toe_nail,74,0.973477578084104
Unity3D,5025,20764,0.0008224799569033812,0.5435368907724909,wilnyl,wilnyl,47,0.9806965174129353
Meditation,7353,20735,0.0003835605876632856,0.5332047263081746,jcashish,jcashish,171,0.9484564123487013
Chargers,2995,20730,0.0023118022355227987,0.4003859141341052,timothygruich,therisingtide,16,0.9889816360601001
SRSsucks,3031,20720,0.002256114756972233,0.46052123552123553,prokiller,dr_anus_md,4,0.998020455295282
skiing,5700,20718,0.0006377850223030818,0.475238922675934,deathb4download,maladjusted_vagabond,72,0.9743859649122807
LSD,6601,20612,0.00047311472550072765,0.5023287405394915,longlivethe_king,longlivethe_king,152,0.9510680199969701
amateurradio,2614,20609,0.0030172543790376585,0.5540297928089669,molo1134,molo1134,13,0.9896710022953328
gopro,6910,20566,0.00043078105091222065,0.4881843819896917,designnomad,designnomad,134,0.9581765557163531
Honda,4321,20550,0.0011008897117436808,0.5329440389294404,monkeymanjohannon,monkeymanjohannon,36,0.9831057625549642
EA_NHL,3790,20536,0.0014300526938485312,0.4808141799766264,anonmarmot,roach_52,25,0.9870712401055409
INTP,3907,20441,0.001339449942866474,0.4988992710728438,proper-noun,nostalgicbadger,28,0.9859227028410545
tumblr,10235,20374,0.00019451049639701145,0.3542750564444881,tompeps,fazzeh,384,0.9141182217879824
photocritique,6461,20299,0.0004863426809966731,0.46396374205625895,thetabman,maxion,94,0.970592787494196
indiegameswap,2559,20256,0.003094445671671615,0.6653830963665087,raulroflcopter,raulroflcopter,15,0.9890582258694802
AskUK,3806,20234,0.001397199110885848,0.4778096273598893,collinsl02,buried_treasure,17,0.9913294797687862
IASIP,7519,20207,0.000357469864142346,0.25911812738160045,lampmonster1,grytpype,164,0.9522542891341934
ravens,3181,20170,0.0019939538810429063,0.44343083787803667,tdw96,tdw96,21,0.986167871738447
asmr,8690,20163,0.0002670333944708208,0.37315875613747956,sailorchell,sailorchell,235,0.9402761795166859
Judaism,2583,20131,0.0030184549936680067,0.6234166211315881,namer98,namer98,19,0.9849012775842044
WarshipPorn,3755,20130,0.0014280373460496996,0.47749627421758567,vepr157,vepr157,11,0.9944074567243675
Miata,2920,20115,0.002359951569077419,0.5270693512304251,sfvalet,psychonautmia,12,0.9924657534246575
askcarsales,4131,20115,0.001179002674516134,0.6046234153616704,carmicdy,carmicdy,35,0.9830549503752118
knives,5877,20111,0.0005823662364610202,0.5064889861269952,atomedge,atomedge,70,0.9737961545005955
teslore,2955,20089,0.0023013906406982644,0.5955498033749813,mareloryan,mareloryan,7,0.9956006768189509
martialarts,3005,20074,0.002223768198142909,0.5824449536714158,carlos13th,carlos13th,27,0.9820299500831947
environment,6600,20064,0.00046067585997878465,0.4906299840510367,jkdempsey,donnies1,145,0.9525757575757576
Columbus,4030,20020,0.001232996260978871,0.437962037962038,spring45,kicker774,34,0.9833746898263027
TryingForABaby,1906,19996,0.005507129027549415,0.5720144028805761,letsgetknockedup,dabeezkneez,6,0.9947534102833159
JRPG,4139,19988,0.001167033782907194,0.46547928757254353,mysticrudnin,vashxshanks,24,0.9884029958927277
lotr,7798,19976,0.00032854719541976,0.4366239487384862,wiles_,wiles_,198,0.9417799435752757
graphic_design,7297,19957,0.0003748573975365988,0.46099113093150274,doanddesign,mikeofthebeast,156,0.9554611484171578
Edmonton,3800,19905,0.0013788254526814535,0.4578749058025622,yeg,yeg,24,0.9876315789473684
wargame,2073,19869,0.00462580111639446,0.5404398812220041,aeweisafemalesheep,aeweisafemalesheep,6,0.9951760733236855
firstworldproblems,11048,19816,0.00016236333900042783,0.372426322163908,slorebear,lolwut_noway,449,0.9081281679942071
nostalgia,11512,19810,0.00014949292543030266,0.30620898536092883,undeadbread,klevenisms204,577,0.8864662960389159
wallpapers,14461,19787,9.462662153358923e-05,0.37580229443574065,digitalfruitcake,thmanwithnoname,1300,0.7751192863564069
hawks,3423,19766,0.0016874537819846593,0.46149954467267024,docblue,prisonedmuffin,28,0.983640081799591
askphilosophy,4773,19759,0.0008675072077867454,0.6366718963510299,tychocelchuuu,tychocelchuuu,42,0.9815629583071444
Paranormal,7307,19731,0.0003695986032915424,0.5088439511428716,jack_shid,jack_shid,162,0.9523744354728343
truetf2,3244,19712,0.0018737122505725126,0.5149147727272727,chainedwind,chainedwind,15,0.9892108508014796
slowcooking,8928,19700,0.0002471761194844845,0.47258883248730965,grandmagos,grandmagos,240,0.9394041218637993
portugal,2092,19679,0.004498702899524778,0.5613090096041465,morpheuspt,morpheuspt,7,0.9937858508604207
againstmensrights,1979,19665,0.005023678860594381,0.5238749046529367,chewinchawingum,chewinchawingum,6,0.9949469429004548
Torontobluejays,2600,19616,0.0029028916447154233,0.4848083197389886,allirow,allirow,13,0.9907692307692307
itookapicture,12078,19560,0.00013409567133825548,0.39734151329243356,gynoceros,markbleeblu,849,0.8390461997019374
disney,7052,19505,0.0003922680498206367,0.4393745193540118,baxman343,baxman343,164,0.9505104934770278
Screenwriting,4218,19446,0.0010932515581617587,0.5529157667386609,beardsayswhat,beardsayswhat,54,0.9736842105263158
YGOBinders,763,19442,0.03343962738602629,0.8348935294722765,sauronx,residentyam,1,1.0
mwo,2158,19402,0.004168165117944765,0.5290176270487579,victormorson,victormorson,7,0.9944392956441149
devils,1557,19373,0.007996476646639359,0.5161823155938677,animal31,vasiliizaytsev,5,0.9948619139370585
chiliadmystery,2923,19317,0.002261677371494646,0.5502924884816482,trevorsgirl,trevorsgirl,15,0.990078686281218
Hunting,5620,19306,0.0006113599068741731,0.49777271314617216,3fingerapache,3fingerapache,74,0.9731316725978648
phish,3366,19304,0.0017043081810147625,0.42219229175300454,glideonthrough,thegreatjatsby,27,0.9818775995246584
learndota2,3798,19284,0.0013372160028225493,0.5260319435801701,dangerawar,azual,27,0.9860452869931543
oaklandraiders,2687,19190,0.002658895689540744,0.4536737884314747,carlcaliente,carlcaliente,23,0.9836248604391514
dating_advice,8549,19168,0.0002622992024889085,0.5437186978297162,kschang,kschang,298,0.9218622061059774
speedrun,5736,19106,0.0005808008035029225,0.435988694650895,likefindus,likefindus,69,0.9710599721059973
AskElectronics,4684,19073,0.0008695167742473138,0.5767315052692288,bradn,fatangaboo,50,0.9780102476515798
thelastofus,4715,19064,0.0008577145039864558,0.4929710449013848,meshesareconfusing,meshesareconfusing,66,0.9709437963944857
stlouisblues,2465,19034,0.003133808382287084,0.504885993485342,thefootisconstant,thefootisconstant,8,0.9926977687626775
sgsflair,6122,18983,0.0005065812869625143,0.4813780751198441,danmero,killerninja_254,84,0.9720679516497877
google,9263,18914,0.00022045854865262809,0.42021782806386804,thirdegree,thirdegree,456,0.8773615459354421
progmetal,5506,18848,0.0006218301032677423,0.4325127334465195,whats8,whats8,63,0.9754812931347621
NYGiants,3220,18845,0.001818106390820034,0.4273812682409127,elided_ego,mrmagoo512,26,0.9832298136645963
javascript,6455,18799,0.0004512420257332053,0.4850257992446407,x-skeww,kenman,153,0.9493415956622773
PipeTobacco,2687,18780,0.002602087600290525,0.6015974440894569,flatticus,blenheim45,9,0.9925567547450689
NewOrleans,3103,18765,0.0019495079011950126,0.48622435385025314,having_said_that,swamptech,12,0.9929100870125684
HouseOfCards,8538,18708,0.0002566645738927677,0.339213170836006,alongdaysjourney,alongdaysjourney,238,0.9383930662918716
DIY_eJuice,3238,18396,0.0017551080456190706,0.5993694281365515,botboy141,botboy141,21,0.9873378628783199
CarAV,3424,18364,0.001566847139062035,0.6626007405793944,scott_fx,scott_fx,23,0.986857476635514
breastfeeding,3112,18311,0.0018913524362924824,0.48528207088635245,alwsthk,raitch,14,0.9913239074550129
PlantedTank,3278,18307,0.0017042440676350394,0.5677609657508057,cosalich,cosalich,19,0.988712629652227
financialindependence,4949,18245,0.0007450693925248529,0.5176212661003015,enphuego,enphuego,61,0.9731258840169731
excel,6018,18175,0.0005019289259803549,0.5977441540577717,midevilpancake,epicmindwarp,81,0.9707544034562978
HunterXHunter,3373,18158,0.0015964822878211911,0.44663509197048135,insan3soldiern,gearfire,31,0.9813222650459532
Rabbits,3713,18087,0.0013123014896403132,0.5116381931774202,sneaky_dragon,sneaky_dragon,27,0.9854565041745219
fitnesscirclejerk,1158,18075,0.013490759109900986,0.6260580912863071,strikerrjones,strikerrjones,2,0.998272884283247
Teachers,5246,18043,0.0006557449736091995,0.4696558222025162,anonoman925,anonoman925,101,0.9601601219977125
Gundam,2636,18021,0.0025944951381110474,0.4777759280839021,duelistgamer,expiredsushi,17,0.9871016691957512
belgium,2601,18021,0.002664803477952267,0.540147605571278,historicusxiii,historicusxiii,24,0.9819300269127259
Starcitizen_trades,3326,18007,0.0016282739319736503,0.5412339645693341,realypk,jester86,18,0.9888755261575466
Gaming4Gamers,5408,17992,0.0006152992559502639,0.4818808359270787,throwaway_4_opinions,throwaway_4_opinions,65,0.9739275147928994
LGBTeens,2491,17990,0.0029004012839797567,0.6394663702056698,deusbex,deusbex,9,0.9931754315535929
diabetes,3215,17965,0.0017386027885388671,0.5381575285276927,alan_s,alan_s,13,0.9925349922239503
tf2trade,4188,17956,0.0010240000145992428,0.5615950100245043,thecommieduck,thecommieduck,62,0.970152817574021
energy,3700,17909,0.0013085348121844472,0.5765816070132336,jamessnow,jamessnow,31,0.9829729729729729
mflb,4942,17890,0.0007326435754120394,0.5239798770262717,i_submit_this,i_submit_this,43,0.9823957911776608
Ubuntu,5840,17809,0.0005222617402585825,0.5058116682576226,gutigen,gutigen,112,0.9594178082191781
languagelearning,5306,17786,0.0006318669704383883,0.5207466546722141,galaxyrocker,galaxyrocker,106,0.9568413117225782
hometheater,5268,17784,0.0006409444112631492,0.5565677013045434,zeospantera,zeospantera,65,0.9741837509491268
surfing,3677,17775,0.0013150445835255653,0.4532208157524613,sourcreamwater,sourcreamwater,26,0.9858580364427523
mountandblade,4327,17747,0.000948094307470184,0.47748915309629797,avagantamos101,avagantamos101,41,0.9798936907788306
aves,4251,17742,0.0009820249906596372,0.505129072257919,randallwho,thecheeks,50,0.9757704069630675
chromeos,4644,17726,0.000822090917708727,0.5263454812140359,laughingman11,laughingman11,76,0.9649009474590869
shutupandtakemymoney,10274,17720,0.00016789078821712129,0.37697516930022573,dericksteinard,dericksteinard,463,0.8923496204010123
DunderMifflin,7334,17715,0.0003293961858320332,0.3065198983911939,toastfactory,toastfactory,216,0.9345514044177802
DippingTobacco,2995,17714,0.0019754589869778513,0.5027661736479621,rolodipper,rolodipper,14,0.9913188647746244
learnpython,4882,17711,0.0007432527081869259,0.5936423691491164,zahlman,novel_yet_trivial,73,0.9686603850880786
sportsbook,2941,17693,0.0020462520268222898,0.5917594528909739,jmurrrrrrrrrrrrrrrrz,jmurrrrrrrrrrrrrrrrz,22,0.9850391023461408
PlayStationPlus,5480,17675,0.0005886776717473352,0.4341725601131542,illilliii,siriusc,94,0.9633211678832116
FloridaMan,8118,17632,0.00026758205467749125,0.3506125226860254,foodbeerbikesmusic,foodbeerbikesmusic,234,0.9352057156935206
BDSMcommunity,4797,17629,0.0007662646396143823,0.527312950252425,throwawaylouisa,throwawaylouisa,56,0.9749843652282677
awwnime,3441,17616,0.0014882098903104153,0.5443914623069936,sirram,sirram,30,0.982853821563499
Damnthatsinteresting,10899,17615,0.00014830274558686306,0.3151859210899801,jhc1415,jhc1415,505,0.8910909257730067
stopsmoking,5838,17598,0.0005164277007381589,0.4577792931014888,my_vape_self,drpinkswife,119,0.9556354916067147
Cartalk,5616,17569,0.0005571474961501675,0.5638340258409699,trouserpudding,sexandliquor,69,0.9747150997150997
buffalobills,2645,17551,0.002509659134781751,0.435758646230984,moruitelda,moruitelda,22,0.9833648393194707
realmadrid,2272,17548,0.003400965015101618,0.46512423068155917,jorgemeister,fahomnom,9,0.9929577464788732
incremental_games,3937,17451,0.001126159264513651,0.5285656982407885,sjvellenga,sjvellenga,33,0.9822199644399289
IndieGaming,7596,17422,0.0003019849329937346,0.47732751693261394,wilnyl,v4nkw15h,231,0.9332543443917851
Dogtraining,4886,17416,0.0007296765433040152,0.5525953146531924,luciddreamer18,luciddreamer18,66,0.9725747032337291
TheGirlSurvivalGuide,6473,17377,0.0004147922997439015,0.4851240145019278,housedestroyer,girlwithnousername,111,0.9633863741696277
AmIFreeToGo,3060,17316,0.0018498932753879583,0.5143220143220143,hurricanesandyhook,hurricanesandyhook,26,0.9826797385620915
electronics,5161,17302,0.000649699820808719,0.475783146457057,rockets4kids,rockets4kids,93,0.9614415810889363
haskell,2343,17277,0.003148539556569289,0.5281009434508306,tomejaguar,tomejaguar,12,0.990183525394793
WaltDisneyWorld,3014,17239,0.0018983211656808552,0.5115145890132838,amberheartsdisney,amberheartsdisney,16,0.9890510948905109
nova,3845,17219,0.0011650061095331721,0.441024449735757,matchboxx,blueboybob,30,0.9841352405721716
EDM,6395,17209,0.000420864654436834,0.42512638735545355,johannessens,johannessens,191,0.9340109460516028
NHLHUT,1702,17209,0.005944177441761983,0.6383868905805102,anonmarmot,anonmarmot,3,0.9976498237367802
Pets,5938,17204,0.0004880026627404067,0.523366658916531,andreablondie,andreablondie,123,0.9570562478949141
ArtisanVideos,8044,17181,0.0002655573384060179,0.35143472440486584,verdatum,asr,198,0.9453008453505719
Astronomy,7486,17169,0.00030641030926399957,0.449065175607199,eyesontheskydotcom,eyesontheskydotcom,203,0.940555703980764
Glitch_in_the_Matrix,7715,17126,0.0002877665928290904,0.43419362373000114,triumphantgeorge,yonreadsthis,224,0.9341542449773169
LadyBoners,9969,17042,0.0001714987407995283,0.33540664241286233,helen73,helen73,568,0.8717022770588826
cincinnati,3334,17031,0.0015326367669760378,0.45775350830837885,numnumlobster,numnumlobster,29,0.9823035392921415
LawSchool,3679,17031,0.0012586316144671912,0.47689507368915507,bl1nds1ght,shanedoth,27,0.9858657243816255
perth,2665,17008,0.002395641420031664,0.4785983066792098,cyanideremark,tw33kz0r,14,0.9894934333958724
medicalschool,4287,17006,0.0009255428380040973,0.4486651769963542,i_love_ginger_women,i_love_ginger_women,52,0.9715418707721017
Madden,4997,16931,0.000678189139264183,0.48998877798121787,moruitelda,moruitelda,77,0.967180308184911
orlando,4047,16877,0.0010307092356848552,0.45707175445873083,funkengroovin,funkengroovin,32,0.9829503335804299
badphilosophy,2245,16837,0.0033421467392383154,0.5326364554255508,naejard,reallynicole,8,0.9933184855233853
RBA,3616,16834,0.0012878064602993918,0.5798978258286801,mildlymild,mildlymild,25,0.9861725663716814
halifax,2851,16778,0.002064895666032848,0.4603647633806175,shipwrekkt,shipwrekkt,12,0.9915819010873378
churning,3092,16778,0.0017555035003346108,0.5776612230301585,shinypenny01,evarga,23,0.9851228978007762
SaltLakeCity,3376,16765,0.001471388450061436,0.46143751864002386,jortr0n,jortr0n,37,0.9771919431279621
classicalmusic,5067,16695,0.0006503847262318567,0.43390236597783766,scrumptiouscakes,scrumptiouscakes,92,0.9605289125715414
linguistics,4998,16652,0.0006667465865673866,0.5121306749939947,mamashaq,mamashaq,101,0.9567827130852341
Megaten,2405,16640,0.0028780860727616133,0.5110576923076923,p1kistikman,p1kistikman,13,0.99002079002079
NewYorkMets,1860,16627,0.004808632227987067,0.5346725205990257,senor_met,senor_met,6,0.9946236559139785
LucidDreaming,7574,16545,0.00028845197301672574,0.49042006648534303,dream_hacker,zanzar1,262,0.9224980195405335
saplings,4996,16537,0.0006626722799661151,0.5063796335490113,oldhippie,oldhippie,70,0.9715772618094476
Battlefield,6502,16533,0.00039113306799782026,0.4547269098167302,patchrowcester,maxout2142,184,0.9372500768994155
windows,6292,16527,0.00041752802189790094,0.4914382525564228,segagamer,wolfcry0,195,0.9319771137952956
CryptoCurrency,5176,16434,0.0006135340366910826,0.4875258610198369,pinkdaemon,pinkdaemon,109,0.9545981452859351
LongDistance,5814,16382,0.00048472070506594384,0.5139787571725064,clever_octopus,clever_octopus,133,0.9497764017887856
premed,3407,16338,0.0014079334091791605,0.5469457705961562,celdurant,songl4a,26,0.9838567654828295
futurama,8996,16316,0.0002016336826619996,0.3182152488354989,sniper_brosef,sniper_brosef,340,0.9130724766562917
blunderyears,9224,16307,0.0001916825455874624,0.36573250751211134,kyoryuviolet,karlrolson,336,0.9173894189071986
penguins,2331,16285,0.0029983999941081488,0.5155664722136936,jpmad,jpmad,22,0.9815529815529815
PersonalFinanceCanada,3511,16277,0.001320798045377937,0.5469066781347914,palestrina,yokens,31,0.9823412133295357
peloton,1852,16247,0.004739426356426332,0.48501261771403953,schele_sjakie,schele_sjakie,7,0.9924406047516199
occult,2933,16235,0.0018878881653890038,0.5772713273791192,ulyssesontusado,ulyssesontusado,21,0.9836345039209001
OnceUponATime,2661,16192,0.0022875678485955587,0.44342885375494073,mryddinwilt,ivolunteerastribute,13,0.9902292371288989
behindthegifs,9050,16178,0.0001975493766595497,0.3085671900111262,noobtheloser,noobtheloser,351,0.9130386740331492
socialskills,8723,16177,0.00021262583428728206,0.4512579588304383,needanawesomejob,mylittlehokage,415,0.8877679697351829
Bioshock,5799,16169,0.0004808967491570105,0.47312758983239533,blakethebagel,blakethebagel,124,0.95326780479393
whatsthisplant,6043,16119,0.0004414736427992633,0.39208387617097834,blackcatblack,blackcatblack,78,0.9735230845606487
booksuggestions,7713,16031,0.0002695071316250572,0.38937059447320815,courtoftheair,troglozyte,269,0.9241540256709452
Assistance,6774,15985,0.00034840659941601953,0.5567719737253676,backpackwayne,backpackwayne,236,0.9236787717744317
canadaguns,1489,15970,0.007207875676105057,0.6056355666875392,the_crover,the_crover,3,0.9973136333109469
needadvice,7194,15962,0.0003084656525756882,0.5883974439293321,bluequail,bluequail,303,0.9093689185432304
snakes,3369,15955,0.0014061243036798418,0.5685991852083986,catman420,catman420,23,0.9866429207479964
Tribes,1554,15932,0.0066015790420169045,0.549711272909867,wordthompsonian,qhp,8,0.9903474903474904
tappedout,4272,15894,0.0008711087843543732,0.41210519692965897,dove_of_doom,dove_of_doom,87,0.9536516853932584
rule34,8693,15853,0.00020980800893006835,0.37254778275405287,rule34,rule34,233,0.9407569308639135
UFOs,4368,15841,0.0008304562775595521,0.4932769395871473,caerbannog,caerbannog,66,0.964514652014652
UIUC,3689,15838,0.0011641280961338422,0.415330218461927,almostgrad100,almostgrad100,45,0.9747899159663865
outside,9452,15812,0.00017700491650969588,0.3071085251707564,mormothemagestic,mormothemagestic,386,0.9060516292848074
shittyama,5120,15808,0.0006031451455362375,0.4418016194331984,corey561,idektbh,68,0.9705078125
ShotBow,1417,15772,0.007860563217428401,0.5821709358356582,dunkanbulk,lazertester,7,0.9908256880733946
ShitAmericansSay,2638,15768,0.0022666877120168087,0.4687975646879756,chive,chive,13,0.989764973464746
ladybonersgw,6355,15709,0.00038903240170115307,0.49894964669934433,beardedsir,vampeq,195,0.9362706530291109
sanantonio,3200,15705,0.0015341708346358236,0.45641515440942376,redbutter,redbutter,32,0.979375
litecoin,4395,15689,0.000812412002508333,0.47918924086939896,freejack2k2,freejack2k2,63,0.9686006825938567
SanJoseSharks,2172,15681,0.0033254782402895016,0.48377016771889547,sumiriously,sumiriously,10,0.9917127071823204
falcons,2393,15663,0.002736346394933942,0.4775585775394241,mehjbmeh,mehjbmeh,15,0.987881320518178
USMC,2680,15607,0.002173761650872179,0.4836291407701672,booziwan,booziwan,16,0.9884328358208955
recipes,8093,15589,0.00023804159004513705,0.44338956956828535,wendylrogers3,wendylrogers3,327,0.9065859384653404
bikesgonewild,4695,15586,0.0007072223712050777,0.4864622096753497,ride365,yudhamica17,59,0.9738019169329073
indieheads,2640,15583,0.0022367000815276677,0.44381698004235387,chairman19,chairman19,22,0.9833333333333333
shortscarystories,4900,15568,0.0006485288542851311,0.4215056526207605,queenofscots,mx-yz-pt-lk,61,0.9746938775510204
HeroesofNewerth,2549,15563,0.0023962054870534386,0.475229711495213,fatsloth,fatsloth,15,0.9878383679874461
Maplestory,3481,15558,0.0012843118802563671,0.5297596092042679,hambus,hambus,40,0.9752944556162022
playmindcrack,2394,15522,0.0027094480874145246,0.48627754155392344,its_justcolin,rurikar,12,0.9908103592314118
bengals,2624,15511,0.0022536043722046067,0.42408613242215204,pfftyeahright,pfftyeahright,19,0.9851371951219512
BurningMan,2826,15511,0.0019428943627128623,0.4943588421120495,mudclub,mudclub,26,0.9812455767869781
Dentistry,3582,15494,0.0012079074200628637,0.5918420033561379,jeremypr82,jeremypr82,37,0.9787828029034059
netflix,8573,15476,0.00021059290475545342,0.3942879296975963,wakey87433,duckmartens,466,0.8758894202729499
GiftofGames,3936,15445,0.0009972133552339335,0.6716736808028488,phy1on,phy1on,67,0.9636686991869918
somethingimade,8938,15358,0.00019226602828035727,0.42857142857142855,zhazhang,jennbella,405,0.8918102483777132
infertility,964,15277,0.01645639706484318,0.6846894023695752,vibeee,vibeee,5,0.9906639004149378
FifaCareers,2924,15228,0.0017817086337753362,0.48253217756763855,strifeblood,thejynxedone,18,0.9873461012311902
Habs,2443,15148,0.0025391372096243156,0.47280168999207817,jmpesce,jmpesce,23,0.9807613589848547
Eminem,3194,15118,0.0014823832895259883,0.45111787273448867,awhile2,awhile2,40,0.9746399499060739
aspergers,3038,15109,0.001637582391236631,0.5497385664173672,defenestrationiste,curiosityshop,22,0.9858459512837393
netsec,6257,15014,0.0003835601824166652,0.4285333688557347,catcradle5,includesec,176,0.9352724948058175
htcone,4230,15014,0.000839302195188351,0.5404289329958705,benethopper,benethopper,59,0.9711583924349881
nashville,3051,14994,0.00161129648435611,0.47232226223822865,hubbardd,hubbardd,31,0.9796787938380859
PostHardcore,4531,14970,0.00072933916609786,0.4816299265197061,manwithoutmodem,manwithoutmodem,70,0.9673361288898698
Colts,2432,14965,0.0025312100824871724,0.4322084864684263,inframidi,inframidi,15,0.9868421052631579
Design,7355,14941,0.00027623160266281277,0.4038551636436651,jessicatron,nigglereddit,268,0.9195105370496262
r4r,9871,14932,0.0001532638308752307,0.6396999732118939,notafamousactor,notafamousactor,1235,0.6936480599736602
nhl,6532,14917,0.0003496677909856267,0.4082590333176912,nicoham,commandant1,212,0.9291181873851806
ketorecipes,6025,14901,0.0004105569423550611,0.4956714314475539,craigasaurous,craigasaurous,130,0.9528630705394191
fullmoviesonyoutube,8797,14880,0.00019230169779136847,0.3629032258064516,ridleyscotttowels,ridleyscotttowels,430,0.8896214618619984
gamingsuggestions,5385,14864,0.0005126783026429974,0.45842303552206676,lolaruns,lolaruns,104,0.9600742804085423
vegetarian,4744,14855,0.0006601989832180129,0.4880511612251767,janewashington,the_withheld_name,87,0.9599494097807757
RandomActsOfPolish,1186,14851,0.010567023146270484,0.7300518483603797,ididntknowiwas,ididntknowiwas,2,0.9983136593591906
BeautyBoxes,2558,14833,0.0022677633306965534,0.5482370390345851,sarahbotts,sarahbotts,20,0.9839718530101642
IWantOut,5586,14824,0.00047516155781447477,0.5859417161359957,pyridine,pyridine,170,0.9312567132116004
strife,2961,14745,0.0016823434376625865,0.5269582909460834,infectedwithdrew,s2shade,64,0.9520432286389733
nexus4,4914,14712,0.0006093822499277415,0.5040783034257749,xenyz,xenyz,84,0.9623524623524623
RoomPorn,9217,14711,0.00017318494734970406,0.3228876351029842,cybrbeast,onlysame1,462,0.8792448736031246
gamingpc,5050,14709,0.000576881217533518,0.5217213950642464,psikeiro,psikeiro,97,0.96
bikecommuting,3258,14698,0.0013851263925477222,0.4667301673697102,shazammerbammer,shazammerbammer,13,0.9914057704112953
WWE,4522,14649,0.0007165440827956929,0.40767287869479146,bringthenoize,ectoplasmic,91,0.955108359133127
Cubers,1934,14584,0.0039011112175137,0.568431157432803,naliuj2525,naliuj2525,13,0.9870734229576008
cycling,3910,14555,0.0009522912238070843,0.49220199244245966,sgtbaxter,hagenaar,45,0.9764705882352941
DJs,3639,14553,0.0010992786139889152,0.49460592317735175,dj_soo,dj_soo,39,0.9766419345974169
GoneWildPlus,4121,14518,0.000855080419259158,0.6259815401570464,pinkiepiegiggles,pinkiepiegiggles,57,0.9711235137102645
radiohead,3461,14505,0.0012112674174492653,0.3947604274388142,seaburn,seaburn,33,0.9800635654435135
TrueFilm,4977,14490,0.0005850868981236518,0.493167701863354,lordhadri,lordhadri,97,0.9594133011854531
homelab,3490,14467,0.0011880975082555819,0.565701251123246,creamersrealm,creamersrealm,22,0.9868194842406877
WatchItForThePlot,7876,14386,0.00023194434367618724,0.30432364799110245,cereborn,cereborn,269,0.9224225495175216
bipolar,3344,14301,0.0012792745535554547,0.5754842318718971,wheredidwecomefrom,wheredidwecomefrom,39,0.9757775119617225
touhou,1352,14276,0.007815819095213276,0.5969459232277949,james7132,james7132,3,0.9970414201183432
TrueAskReddit,5813,14214,0.00042071731147252955,0.4997889404812157,inigo93,inigo93,146,0.9451230001720282
poppunkers,3728,14173,0.0010200618154725233,0.44154378042757353,stayhome,stayhome,50,0.9729077253218884
randomactsofamazon,1222,14159,0.009489552042743533,0.7234974221343315,dnd1980,dnd1980,3,0.9967266775777414
slashdiablo,1156,14152,0.010599319941880495,0.684143583945732,deepseadaddy,deepseadaddy,3,0.9965397923875432
RedditDads,881,14149,0.018250180579919513,0.704078026715669,thefidlerontheroof,thefidlerontheroof,3,0.9954597048808173
printSF,3497,14107,0.0011538985033919234,0.4220599702275466,eltaninantenna,starpilotsix,40,0.976837289104947
hockeyplayers,2363,14028,0.0025133452036995695,0.5162532078699743,kingofthediamond,stevegcook,22,0.9813796022005925
pkmntcgtrades,1396,13939,0.007157675283195202,0.7997704282947127,ad925,ad925,1,1.0
nutrition,4971,13924,0.0005635907579858552,0.5347601264004597,billsil,billsil,123,0.9462884731442366
delusionalartists,7076,13905,0.0002777516993689913,0.32606975907946784,fap-for-brains,together_apart,203,0.9347088750706614
trackers,3850,13902,0.0009381421384539077,0.514889943892965,norkamus,312c,67,0.9605194805194806
tampa,2946,13872,0.0015988990280049378,0.49149365628604386,elkanor,elkanor,20,0.9867617107942973
phoenix,3534,13846,0.001108955565049142,0.4606384515383504,smarttoaster,jmoriarty,39,0.9779286926994907
collapse,2923,13828,0.001619013029612671,0.5193809661556262,holocauster-ride,stumo,20,0.986315429353404
HighQualityGifs,5771,13816,0.00041491146643394465,0.45744064852345107,ifindkarma,ifindkarma,181,0.9313810431467683
malehairadvice,7936,13739,0.00021817577799459318,0.47179561831283207,browneggz,browneggz,451,0.8688256048387096
KingdomHearts,3449,13704,0.001152356612999901,0.4909515469935785,greyoutt,greyoutt,38,0.9765149318643085
coins,2738,13703,0.001828552426464917,0.568196745238269,born_lever_puller,born_lever_puller,24,0.9821037253469685
java,4401,13683,0.0007066059366672864,0.4864430314989403,llogiq,sh0rug0ru,98,0.9522835719154737
Spiderman,3518,13675,0.001105246457432534,0.4950639853747715,iamthezeke,iamthezeke,66,0.9610574189880614
college,5162,13637,0.000511878609134569,0.5413214050010999,sa-yu-ri,sa-yu-ri,175,0.9267725687717939
firefly,6747,13633,0.00029952590408026213,0.3864153157778919,ad1ae67f-16e2-4974-9,thereisnotruth,202,0.9310804802134282
punk,4567,13610,0.0006526663265704442,0.4583394562821455,iq_32,iq_32,98,0.9540179548938034
California,3946,13602,0.0008737731234787502,0.46346125569769153,thedurka,thedurka,80,0.9571718195641156
Nerf,1764,13592,0.004370513567499225,0.6009417304296645,torukmakto4,torukmakto4,12,0.9875283446712018
IWantToLearn,9080,13563,0.00016452499911447874,0.4528496645284966,fullchromelogic,ak0110,658,0.8210352422907489
electricians,2806,13555,0.0017221817775253689,0.5578753227591294,jim-jones,jim-jones,13,0.9907341411261582
DaftPunk,4392,13551,0.0007026605587932594,0.4089735074902221,kelsig,nikolaki8,80,0.9617486338797814
blender,3182,13526,0.0013363048316222322,0.5188525802158805,sir_richfield,sir_richfield,30,0.981458202388435
4x4,3170,13517,0.001345546814417668,0.540356588000296,tim_teboner,tim_teboner,37,0.9763406940063092
compsci,5944,13498,0.0003821069111245029,0.4579937768558305,passwordisnthamster,whackamolee,195,0.9247981157469717
answers,6589,13496,0.0003109080533202704,0.3927089508002371,the_evil_within,the_evil_within,205,0.9307937471543482
cocktails,3365,13475,0.0011903857468201903,0.49662337662337663,hebug,hebug,40,0.9765230312035661
arabs,1724,13406,0.004513117868930385,0.6162912128897509,baghdadi_guy,baghdadi_guy,8,0.9918793503480279
AlienBlue,7300,13354,0.0002506254375247501,0.4344765613299386,dothedew,dothedew,306,0.9060273972602739
HomeworkHelp,6239,13352,0.00034307254766465287,0.6560814859197124,chem44,chem44,298,0.8924507132553294
daddit,5933,13347,0.00037923478847126245,0.38840188806473364,mongo1021,mongo1021,140,0.9497724591269172
Charlotte,2650,13333,0.0018993283332264935,0.48736218405460136,phaedrus49er,phaedrus49er,18,0.9867924528301887
getdisciplined,6881,13327,0.0002815090762226961,0.49043295565393563,walls,walls,285,0.9062636244731871
ThriftStoreHauls,5781,13239,0.00039620903460746307,0.4228416043507818,beaver-damn,beaver-damn,162,0.9394568413769244
Harley,2289,13236,0.002527289224536931,0.5702629193109701,silverfox762,silverfox762,13,0.9886413280908694
comicbookmovies,2787,13222,0.0017028605016986104,0.4707306005142944,ianmazgelis,ianmazgelis,21,0.984930032292788
InsideGaming,3879,13210,0.0008781631990189036,0.39682059046177137,montezum,igadam,97,0.9476669244650683
Archery,2956,13192,0.0015102495941604903,0.5773195876288659,jjaska,nusensei,30,0.979702300405954
Audi,3376,13143,0.0011535018430753028,0.49958152628775776,silver316,adrian_elliot,30,0.9813388625592417
Aleague,1307,13142,0.007699148535802622,0.5477096332369502,shrimpinainteazy,falisimoses,3,0.9961744452945677
admincraft,2353,13138,0.002373941501802591,0.5562490485614249,dykam,ridddle,15,0.9872503187420314
HongKong,2792,13117,0.0016832912585377272,0.5057558893039567,chopsueywarrior,yc_hk,30,0.9792263610315186
kohi,1908,13105,0.0036017035329399907,0.5593285005723007,xg3txshotx,xg3txshotx,13,0.9868972746331237
Welding,2789,13103,0.0016851146618736346,0.5520873082500191,ecclectic,ecclectic,17,0.9881678020795984
smallbusiness,5206,13083,0.0004828168783303681,0.51929985477337,chr0me,chr0me,101,0.952362658470995
PhotoshopRequest,7241,13081,0.00024951912108840007,0.4796269398364039,-templeton-,-templeton-,267,0.9153431846430051
piercing,4461,13056,0.0006562103250593334,0.5531556372549019,so0ks,naidafaerie,80,0.9616677874915938
powerlifting,2973,13020,0.0014735581199843,0.5536098310291858,delph,benchpolkov,19,0.986209216279852
JonTron,3968,13018,0.0008270093188157135,0.3693347672453526,gengar4life,gengar4life,55,0.9720262096774194
Shadowrun,1709,13017,0.004459446681914044,0.6201121610202044,black-knyght,black-knyght,7,0.9912229373902867
ColoradoAvalanche,1640,13012,0.004840845845920326,0.5076852136489395,vliegs,vliegs,7,0.9926829268292683
ultimate,2964,12998,0.0014800169248896534,0.46099399907678107,jomskylark,jomskylark,46,0.9649122807017544
CityPorn,7275,12975,0.00024518905067901777,0.366859344894027,liberalguy123,liberalguy123,411,0.8709278350515464
TeraOnline,2999,12973,0.0014428870108137,0.5213905804362907,random4lyf,childrensplayground,28,0.9806602200733577
analog,3031,12939,0.0014088739787868592,0.504212072030296,iso700c,iso700c,39,0.9736060706037611
dfsports,1739,12931,0.004278413516226606,0.5170520454721212,phillycheeeeez,00oreo00,5,0.9953996549741231
lgg2,3176,12928,0.0012820563676391836,0.5852413366336634,revolcfael4,revolcfael4,35,0.9779596977329975
Cubs,2139,12886,0.0028177317237756995,0.47710693776191215,tjagra,tjagra,17,0.9841047218326321
Shitstatistssay,1730,12884,0.004307344617657974,0.4829245575908103,snex00,snex00,9,0.9907514450867052
PerfectTiming,9259,12881,0.00015026862748268423,0.3099138265662604,renegade_meister,renegade_meister,632,0.8374554487525651
dontstarve,2908,12877,0.0015232642925651642,0.5400326162926148,teoss69,teoss69,41,0.9700825309491059
psychology,6128,12871,0.00034280382043951334,0.4888509051355761,mrsamsa,lightfiend,259,0.9040469973890339
StonerEngineering,5913,12789,0.000365842606838399,0.47118617561967313,hunterhx,hunterhx,174,0.9335362760020294
leangains,2909,12783,0.0015111050796678524,0.5674724243135414,tontyboy,tontyboy,19,0.9872808525266414
spiders,4892,12774,0.0005338789536674651,0.5102552058869578,joot78,joot78,79,0.9674979558462796
losangeleskings,2013,12771,0.0031532118762832837,0.47513898676689376,woozlewuzzle,woozlewuzzle,16,0.9850968703427719
visualnovels,2313,12752,0.002384596166993539,0.55599121706399,bigfatround0,bigfatround0,16,0.9848681366191094
ipad,5730,12734,0.0003879103803343389,0.47055128003769436,hampa9,hampa9,180,0.9315881326352531
cheatatmathhomework,4746,12733,0.000565414300412482,0.663001649257834,picado,picado,92,0.9603876949009692
XWingTMG,1596,12705,0.004990925589836661,0.5434081070444707,starslinger72,starslinger72,6,0.993734335839599
humor,7377,12690,0.00023321738992359732,0.3576044129235619,bettorworse,killswithspoon,323,0.8975193167954453
Cleveland,2775,12680,0.0016472131829017194,0.46876971608832807,menschmaschine5,menschmaschine5,27,0.9805405405405405
Suomi,1571,12663,0.005134057985704266,0.5208876253652373,elukka,elukka,5,0.9949077021005729
solotravel,4544,12646,0.0006125931242307466,0.5174758817017239,somedude456,somedude456,109,0.9487235915492958
gundeals,2947,12630,0.0014547570555717194,0.5205067300079177,tnarmsco,tnarmsco,19,0.987784187309128
Harmontown,2189,12599,0.002630528410709021,0.4335264703547901,onewonderfulfish,ultraberg,13,0.9885792599360439
learnmath,4466,12561,0.0006299180218939265,0.6158745322824616,picado,picado,121,0.9404388714733543
stocks,4162,12554,0.0007249070653436102,0.5002389676597101,keroncyst,relictorum,87,0.956271023546372
WouldYouRather,4880,12544,0.0005268480842956935,0.45248724489795916,blackberrydoughnuts,blackberrydoughnuts,115,0.9493852459016393
Sacramento,2599,12536,0.001856579527685931,0.4650606253988513,awkwardcow,xilpaxim,19,0.9842247018083878
weightlifting,2359,12504,0.002247901221783932,0.513915547024952,olympic_lifter,olympic_lifter,23,0.9805002119542179
rocksmith,2951,12501,0.0014359969903910768,0.4754819614430846,toymachinesh,toymachinesh,35,0.9766180955608268
sewing,4152,12476,0.0007238778500804644,0.4762744469381212,heliotropedit,heliotropedit,68,0.9655587668593449
Stargate,3238,12461,0.001188867218768169,0.42452451649145334,ucgirl,danweber,30,0.9799258801729462
MvC3,1479,12441,0.005691315768526626,0.5878948637569327,650fosho,650fosho,4,0.9952670723461798
ifyoulikeblank,6732,12431,0.0002743357261958641,0.3977153889469874,shagga__son_of_dolf,shagga__son_of_dolf,308,0.8982471776589424
eldertrees,4383,12408,0.000646037816954494,0.4875886524822695,pocahontas_spaceman,pocahontas_spaceman,80,0.9616700889801506
Trove,3027,12405,0.0013543017010815418,0.509633212414349,uniquisher,avaremthedev,57,0.9600264288074001
Warmachine,1675,12385,0.004416983184436242,0.5693984658861526,ldukes,ebonlance,9,0.9904477611940299
yoga,4530,12375,0.0006031768777810109,0.44412121212121214,antranik,kalayna,107,0.9472406181015453
techsupportmacgyver,5295,12363,0.00044103592607377425,0.4227129337539432,grem75,grem75,107,0.9542965061378659
wisconsin,2579,12362,0.0018593214694926589,0.507361268403171,mst3kcrow,corduroyblack,32,0.9744086855370299
PleX,4252,12323,0.0006817608960583232,0.5438610727907165,eareye,eareye,82,0.9583725305738476
transformers,2146,12317,0.002675764744730262,0.5124624502719818,smb73,smb73,23,0.9790307548928239
AllThingsTerran,2103,12303,0.002783165547111575,0.5201983256116395,shalashaka1022,shalashaka1022,13,0.988112220637185
GamePhysics,6862,12293,0.0002611077416820521,0.3582526641177906,nukefudge,nukefudge,243,0.91664237831536
wine,3251,12269,0.001161204836381705,0.5048496209960062,andtheodor,condorkhan,49,0.9673946478006767
Detroit,3260,12249,0.0011529186754188965,0.46909951832802677,leftdetroitthrowaway,leftdetroitthrowaway,54,0.9598159509202454
AskNYC,3430,12231,0.0010399210302793783,0.4845065816368245,chengjih,chengjih,46,0.9723032069970845
KansasCityChiefs,2126,12228,0.002706657074871341,0.4545305855413804,skwirrlmaster,xenri,12,0.989181561618062
scuba,3140,12218,0.0012395931196393026,0.49942707480766085,sharkiteuthis,sharkiteuthis,38,0.9751592356687898
TrueChristian,2007,12215,0.0030339971614801835,0.627752762996316,evanyork,evanyork,16,0.9840558046836074
TalesFromThePizzaGuy,3451,12209,0.0010254536597247594,0.45327217626341226,unoriginalsin,williemurderface,31,0.9817444219066938
whatcarshouldIbuy,3896,12205,0.0008042876008572038,0.6108971732896354,killerhurtalot,killerhurtalot,45,0.9766427104722792
Louisville,2674,12198,0.0017065863488202057,0.43171011641252666,tazunemono,tazunemono,17,0.9865370231862378
PS2Cobalt,833,12143,0.017520950687967496,0.5958988717779791,retold,emejtiou,1,1.0
rust,1779,12117,0.003830781691917515,0.5638359329867129,dbaupp,dbaupp,8,0.9921304103428893
parrots,2366,12101,0.0021625959014152218,0.5069002561771755,stringoflights,stringoflights,20,0.9835164835164835
evangelion,2586,12096,0.0018094755123930224,0.4624669312169312,theevamonkey,theevamonkey,32,0.9756380510440835
battlefield3,4400,12081,0.0006241604496889789,0.48886681566095525,epsdude,epsdude,97,0.9536363636363636
sips,4384,12058,0.0006275282236777463,0.3295737269862332,yogscastsips,yogscastsips,92,0.9559762773722628
zen,1798,12024,0.003721441557211593,0.7250499001996008,ewk,ewk,15,0.9844271412680756
ANormalDayInRussia,6116,12003,0.0003209414925504033,0.32575189535949345,man_with_titties,man_with_titties,193,0.9270765206017004
linux4noobs,4026,11960,0.0007380597544531971,0.5785953177257525,deux3xmachina,deux3xmachina,83,0.9567809239940388
C25K,3817,11936,0.0008194609901966761,0.4487265415549598,mrcasual,mrcasual,71,0.9599161645271156
Coilporn,3460,11932,0.0009969803160725058,0.5380489440160912,iluvbutter,iluvbutter,37,0.9780346820809248
ontario,2965,11920,0.0013563549553609019,0.4802013422818792,kofclubs,robert_d,38,0.972681281618887
CookieClicker,2995,11915,0.0013287565671130798,0.521695342005875,master_sparky,master_sparky,40,0.9732888146911519
Saints,2424,11895,0.0020252489549408923,0.4400168137873056,megawatts19,baconlovr,23,0.981023102310231
curlyhair,3905,11884,0.0007795281375285993,0.5291147761696399,imacheesemonkey,imacheesemonkey,59,0.9682458386683739
LinuxActionShow,1858,11868,0.003439694914016322,0.5360633636670037,sotolf2,sotolf2,13,0.9854682454251884
navy,2657,11852,0.0016794690995823717,0.49730003374957815,thebenegesseritwitch,thebenegesseritwitch,40,0.9695144900263455
PropagandaPosters,4271,11851,0.0006498267000855945,0.4266306640789807,cassander,cassander,83,0.9590259892296886
northernireland,1628,11843,0.004471155516023371,0.5344929494215993,unlinkedhorizonzero,unlinkedhorizonzero,13,0.9852579852579852
Michigan,3876,11822,0.0007871100902160524,0.45474538995093894,kugzly,leftdetroitthrowaway,69,0.9620743034055728
ReefTank,1800,11809,0.003646779074794639,0.5482259293758998,vonbonbon,vonbonbon,5,0.9955555555555555
Awesomenauts,1785,11804,0.0037067741894964263,0.49678075228736024,tanzklaue,tanzklaue,11,0.988795518207283
economy,3385,11782,0.0010285608528796562,0.5323374639280258,christ0ph,wannabe2good,72,0.955096011816839
Cumberbitches,1521,11724,0.005071109726980172,0.6316956670078472,magicbananas00,batchme,7,0.9907955292570677
drawing,6569,11721,0.0002716641057015113,0.4110570770412081,ouranophobia,ouranophobia,336,0.8853706804688689
warriors,2136,11664,0.002557692813725232,0.4204389574759945,wavetoyou,wavetoyou,25,0.976123595505618
privacy,4496,11663,0.0005771042558160709,0.4660893423647432,dublinben,dublinben,121,0.9432829181494662
hacking,5379,11655,0.0004028931983539142,0.4954096954096954,justanothahacker,fedorawearingalien,202,0.9157836029001674
BBQ,3613,11643,0.0008921732429865207,0.47547882848063217,tx727,tx727,64,0.9642955992250207
androidcirclejerk,1989,11641,0.002944008950636954,0.4411992096898892,ladfrombrad,chinesecracker,9,0.991955756661639
sailing,3010,11638,0.0012849601803669832,0.48255714040213094,robinthebrave,tkaraszewski,29,0.9800664451827242
GunPorn,4251,11620,0.0006431704650808806,0.4820998278829604,jakesgunreviews,jakesgunreviews,89,0.9538932015996237
Hawaii,2271,11589,0.002248034497407457,0.513245318836828,pat_trick,pat_trick,21,0.9819462791721708
UnresolvedMysteries,4684,11585,0.0005281472148930494,0.4623219680621493,septicman,septicman,115,0.9410760034158838
CompanyOfHeroes,1513,11566,0.005055830072353535,0.533287221165485,thefonztm,thefonztm,9,0.9887640449438202
simracing,2235,11566,0.0023164476596187855,0.5251599515822237,sirbensalot,sirbensalot,15,0.9874720357941834
jakeandamir,2120,11563,0.0025739713463987105,0.35786560581164056,shiathebeouf,imamirblumenfeld,9,0.9919811320754717
Connecticut,2799,11497,0.0014680265927711853,0.4735148299556406,ghostbackwards,ghostbackwards,44,0.9664165773490533
Morrowind,2863,11492,0.0014025057158332057,0.4765053950574313,theflyingbastard,stained_class,21,0.9846315054139015
unixporn,3724,11476,0.0008277283516146184,0.5381666085744162,foggalong,foggalong,43,0.9755639097744361
forza,3020,11456,0.001256501319458002,0.49179469273743015,thedansandwich,hef51,36,0.976158940397351
firefox,3465,11451,0.0009540305729682173,0.5313073094052921,drdichotomous,shortkey,72,0.9552669552669553
French,3323,11432,0.0010356004879424833,0.518369489153254,avistew,cayou,63,0.9608787240445381
spaceporn,7361,11398,0.00021038463583043419,0.36620459729777155,dantonn,lntrinsic,398,0.8689036815650047
MetalMemes,3213,11392,0.0011038592827472763,0.4220505617977528,on3i11,bigdon8,45,0.9710550887021475
MDMA,3375,11382,0.0009995389580451822,0.5144965735371639,maklo_never_forget,maklo_never_forget,56,0.9638518518518518
backpacking,5459,11376,0.00038180618355520223,0.4869901547116737,goundo,biggyww,207,0.9155522989558528
SketchDaily,2127,11374,0.002515257622619362,0.6887638473711974,7ofdiamonds,7ofdiamonds,25,0.9769628584861307
blackops2,2859,11368,0.0013912580335727893,0.5390570021111893,manthatufear1423,manthatufear1423,33,0.975166142007695
buffy,2659,11324,0.0016022362259894489,0.4516072059342988,daddycatalso,clockworklycanthrope,16,0.9872132380594209
GameSale,3007,11284,0.0012483623817656784,0.7337823466855725,modestmarill,modestmarill,83,0.9408047888260725
badlinguistics,1881,11279,0.0031895098804393318,0.4722049827112333,alynnidalar,alynnidalar,11,0.9893673577884105
IdiotsFightingThings,7019,11272,0.0002288296908229103,0.2948899929027679,clearlynotlordnougat,tbonetheoriginal,294,0.9018378686422567
Gore,5400,11264,0.0003863541259355299,0.3709161931818182,the_mermaid,the_mermaid,180,0.9261111111111111
trailerparkboys,4878,11264,0.0004734761311115264,0.29634232954545453,mcdrunkin,warriorhealer,140,0.9372693726937269
SRSGaming,1576,11256,0.004534686971235194,0.5431769722814499,othellonyc,othellonyc,5,0.9949238578680203
Wordpress,3974,11249,0.0007124714875231669,0.544226153435861,summerchilde,albanydigital,83,0.9567186713638651
vegas,3137,11234,0.0011419414753469127,0.4536229303898878,lvogre,lvogre,58,0.9601530124322601
architecture,4246,11226,0.0006228268884121243,0.4493140922857652,mralistair,mralistair,120,0.9392369288742346
androidthemes,4548,11202,0.0005416891766034376,0.5595429387609355,vicky00125,vicky00125,113,0.9452506596306068
camping,5061,11178,0.00043649296761329957,0.44372875290749686,southernbenz,thesneakymonkey,157,0.9320292432325628
conlangs,1081,11171,0.009568472265049508,0.6760361650702712,arthur990807,arthur990807,4,0.9944495837187789
PandR,5951,11168,0.00031540493865164955,0.29691977077363896,theytookourjerbs,twoheadedsnoo,223,0.914468156612334
piano,3749,11151,0.0007935947629435441,0.49807192180073534,onaz,onaz,100,0.9434515870898906
NYKnicks,2203,11148,0.0022980800271119022,0.4271618227484751,yougotshumped,e-miles,27,0.9759418974126192
trance,2920,11134,0.001306273963216902,0.46829531165798455,ryan3243,ryan3243,44,0.9681506849315068
MillerPlanetside,970,11133,0.011844499058440523,0.5836701697655619,justiciadigt,justiciadigt,1,1.0
redditblack,692,11126,0.023267778121680065,0.7120258853136797,drweedthumb,drweedthumb,1,1.0
bostonceltics,1873,11125,0.00317290009628504,0.4816179775280899,dangercart,secularhuman77,8,0.9919914575547251
ContagiousLaughter,7561,11123,0.00019459017276766253,0.2918277443135845,procrastinessional,spidersnake,476,0.8522682184896178
bicycletouring,2666,11119,0.0015649784866479284,0.5254069610576491,appletart,appletart,23,0.9827456864216054
progressive,3246,11110,0.001054753177313408,0.49612961296129615,ademnus,ademnus,43,0.9722735674676525
Baking,5505,11109,0.00036663947151638045,0.466828697452516,chefpeon,chefpeon,187,0.9255222524977293
indianapolis,2603,11105,0.0016395969529629827,0.4461053579468708,sitruckram,sitruckram,23,0.9796388782174414
astrophotography,3491,11059,0.0009076963358090678,0.5966181390722488,eorequis,eorequis,84,0.9484388427384703
pinkfloyd,3090,11058,0.0011585110963739167,0.44546934346174716,maxcheater64,maxcheater64,39,0.974757281553398
prisonarchitect,3149,11042,0.0011138850073620112,0.44756384712914327,mikeyy86,mikeyy86,47,0.9691965703397905
pharmacy,2137,11027,0.002415747863135517,0.503310057132493,pharmawhore,pharmawhore,14,0.986897519887693
minnesota,3369,11027,0.0009718165275260179,0.4240500589462229,dullyouth,dullyouth,64,0.9608192341941229
MCFC,1634,11025,0.00413181017883149,0.4878004535147392,domalino,ibpants,15,0.9822521419828641
orangecounty,3428,10968,0.0009336251110424834,0.4197665937272064,road2stamfordbridge,theseekerofbacon,51,0.9682030338389732
LetsTalkMusic,3493,10964,0.000898868593019782,0.5063845311929952,feedthecollapse,feedthecollapse,54,0.9667907243057544
softwaregore,4457,10946,0.0005511472281111068,0.3683537365247579,pokechu22,pokechu22,108,0.9472739510881759
Feminism,5078,10939,0.00042430462178240835,0.49949721181095164,demmian,demmian,206,0.9102008664828672
design_critiques,4577,10935,0.0005220977951478279,0.46584362139917695,lachsvisage,lachsvisage,94,0.9549923530696963
musictheory,3646,10930,0.0008224432961841791,0.5346752058554437,crownstarr,crownstarr,81,0.9525507405375754
torontoraptors,2474,10903,0.0017820595004872347,0.381546363386224,retartedmoosegas,thatdudecalledzz,26,0.978981406628941
Omaha,2162,10902,0.002333435072415253,0.4984406530911759,drapetomania,drapetomania,12,0.9898242368177613
dvdcollection,1664,10851,0.003921246935565937,0.5907289650723435,beav0901dm,dvdjunky,5,0.9945913461538461
ftm,1318,10846,0.006248394117775834,0.6295408445509866,raptorrocket,raptorrocket,5,0.9939301972685888
gatech,2526,10827,0.0016975141694692034,0.43188325482589823,themaster332,themaster332,36,0.9711005542359462
bestofworldstar,4723,10801,0.0004843062099436257,0.3320062957133599,duggtodeath,duggtodeath,111,0.948549650645776
incest,3784,10791,0.0007538313999594269,0.4948568251320545,_tixcy_,_tixcy_,74,0.9587737843551797
croatia,1327,10783,0.006128090329517698,0.6065102476119818,rukestisak,rukestisak,13,0.9819140919366993
bikewrench,2783,10761,0.0013898959818947998,0.5296905492054642,cleansoap,cleansoap,28,0.9798778296802012
Magicdeckbuilding,3779,10749,0.0007528859929304783,0.5942878407293701,mtgcardfetcher,irons,88,0.9497221487165917
finance,4481,10727,0.0005343493958618931,0.49370746713899505,hydrocyanide,hydrocyanide,143,0.9272483820575764
RandomActsOfGaming,4669,10721,0.0004919042498581778,0.5861393526723253,niftybunny,niftybunny,159,0.9241807667594774
SCP,2992,10695,0.0011950959831365756,0.45647498831229544,the-paranoid-android,the-paranoid-android,30,0.9792780748663101
MachinePorn,4456,10691,0.0005385492668556702,0.39696941352539517,hal-42b,oldaccount,90,0.9546678635547576
GradSchool,3456,10679,0.0008943526558396313,0.4861878453038674,second_foundationeer,second_foundationeer,62,0.9629629629629629
fairytail,2751,10673,0.0014107927695713954,0.4456104188138293,undeadclown99,undeadclown99,38,0.9720101781170484
ChivalryGame,1835,10664,0.003168726358609255,0.5391972993248312,helpmeimgonadie,helpmeimgonadie,17,0.9820163487738419
malaysia,1464,10643,0.0049691105558232395,0.5554824767452786,baabaaer,thesket,7,0.9918032786885246
WoT,2310,10639,0.001994641708803684,0.474292696682019,dirkinator,mikeofthepalace,17,0.9857142857142858
KingkillerChronicle,2437,10625,0.0017897654725014538,0.48112941176470586,ggabueno,ggabueno,25,0.9794829708658186
wildhockey,1641,10600,0.003938704834945973,0.4790566037735849,isisfieldagent,isisfieldagent,12,0.9853747714808044
VapePorn,3141,10600,0.0010747520465915152,0.5166037735849056,rushilo,rushilo,39,0.9729385546004458
dirtypenpals,5031,10576,0.00041792575890315037,0.5610816944024206,captainnomad,captainnomad,430,0.8091830649970185
3dsFCswap,3958,10574,0.0006751456377380744,0.22413466994514847,brylow,alepman,39,0.9790298130368873
firstimpression,5214,10553,0.0003882551153614003,0.45314128683786603,handshape,handshape,148,0.9359416954353663
howtonotgiveafuck,6848,10549,0.000224981709705731,0.4250639871077827,biffingston,broken_toys,383,0.8685747663551402
usenet,3382,10532,0.0009210688106266084,0.529054310672237,coreeons,coreeons,50,0.9683619160260201
Bonsai,1943,10532,0.0027911862965791802,0.6612229396126091,small_trunks,small_trunks,5,0.9958826556870818
bigboobproblems,2752,10478,0.0013840104655389583,0.5275815995418973,sayitifyoumeanit,grandteton,28,0.9781976744186046
Standup,3192,10445,0.001025460077646325,0.4957395883197702,iamgarron,circusmaximo,83,0.9458020050125313
SNSD,1822,10393,0.0031324389019193686,0.46589050322332337,arthurmauk,arthurmauk,8,0.9923161361141603
nsfw_gifs,8135,10393,0.00015706492162848804,0.26383142499759454,panking92,lesnaa,784,0.7637369391518132
linuxquestions,3585,10372,0.000807244969117354,0.5967990744311609,pi3832v2,pi3832v2,78,0.9534170153417015
cableporn,4917,10348,0.0004280991224050731,0.41863161963664475,redditmoose,perpetualjon,141,0.9339027862517796
Rainmeter,5697,10337,0.0003185505184080721,0.5576085905001451,minervaxcel,minervaxcel,286,0.8795857468843251
Thailand,1890,10325,0.0028919867458776934,0.5508958837772397,umich79,umich79,13,0.9873015873015873
livesound,1795,10312,0.003202255739496868,0.5170674941815361,solomute,solomute,8,0.9916434540389972
Ebay,2552,10280,0.0015790721937060763,0.5558365758754864,nehog,nehog,22,0.9827586206896551
SourceFed,4434,10247,0.000521318715041706,0.36498487362154775,thelastevergreen,thelastevergreen,149,0.9282814614343707
tipofmypenis,8602,10231,0.00013828328846121043,0.261362525657316,gizmogiagias,gizmogiagias,1065,0.7211113694489654
LearnUselessTalents,7375,10226,0.00018803583824063475,0.3434382945433209,robotsneedhugs2,midgetcricket,494,0.8362033898305085
xbmc,3207,10204,0.0009924484824505658,0.5507644061152489,kibje,kibje,52,0.9660118490801372
HipHopImages,3955,10175,0.0006506557394870339,0.353022113022113,furr_sure,furr_sure,76,0.9587863463969659
tolkienfans,2545,10161,0.0015693924454164658,0.48302332447593743,uluithiad,uluithiad,29,0.9764243614931237
MTGLegacy,1542,10123,0.004260123843647605,0.5344265533932628,inkmothnexus,inkmothnexus,3,0.9974059662775616
archlinux,3075,10100,0.001068494744804312,0.5116831683168317,iamyourreason,iamyourreason,48,0.9665040650406505
HPMOR,1450,10088,0.004801408819399824,0.5196272799365583,alexanderwales,alexanderwales,3,0.9972413793103448
RATS,2480,10040,0.0016330726489609494,0.5189243027888446,coffeekittie,coffeekittie,28,0.9778225806451613
Toonami,980,10010,0.01043338683788122,0.6553446553446554,greyoutt,greyoutt,11,0.9795918367346939
hoggit,1354,10006,0.005461903685775141,0.5546671996801918,funkybside,funkybside,4,0.9955686853766618
ketogains,2738,9997,0.0013340172668298749,0.6003801140342102,darthluiggi,darthluiggi,22,0.9839298758217677
Miami,2379,9990,0.0017658719005766393,0.46186186186186184,digitall565,flymia,21,0.9827658680117697
skrillex,1391,9986,0.005164753890633001,0.5541758461846585,tomlube,tomlube,4,0.9942487419122933
iOSProgramming,2834,9973,0.0012421653159743232,0.534844079013336,brendan09,legolas-the-elf,38,0.9735356386732533
preppers,2701,9952,0.0013646523235564332,0.5532556270096463,pabstyloudmouth,edheler,33,0.975564605701592
Rochester,2010,9947,0.0024632932896493146,0.4465668040615261,ronisolomondds,bignosebilly,11,0.9900497512437811
Buffalo,2109,9933,0.0022342576272467414,0.48867411658109333,tomaltach,eudaimonics,20,0.9810336652441916
Rowing,2309,9923,0.0018620153374670587,0.5040814269878061,readyallrow,readyallrow,31,0.9731485491554785
DeepIntoYouTube,6797,9895,0.00021421267198603962,0.2765032844871147,markekraus,markekraus,490,0.8341915550978373
StLouisRams,1649,9893,0.0036404087207898873,0.4578995249166077,frankoftank,tre2,17,0.9799878714372346
TwinCities,2549,9890,0.0015227444751627905,0.4499494438827098,kichigai,franklin_stubbs,31,0.9764613573950569
airsoftmarket,1490,9870,0.0044487314129116875,0.6881458966565349,mclarenf1boi,mclarenf1boi,9,0.9892617449664429
pitbulls,3772,9852,0.0006926218478745958,0.47807551766138856,sincerelynow,sincerelynow,98,0.9448568398727466
videography,2593,9849,0.0014653947236862779,0.5275662503807493,brunerww,brunerww,37,0.9710759737755496
PenmanshipPorn,7148,9844,0.0001926918201656805,0.3827712312068265,jexpo1976,jexpo1976,534,0.807358701734751
StandUpComedy,4558,9830,0.00047326040212401966,0.4095625635808749,mrpantalones,mrpantalones,155,0.9232119350592365
vim,2646,9821,0.001403266620657925,0.48711943793911006,dddbbb,dddbbb,21,0.9829931972789115
madisonwi,2631,9812,0.0014180153854380284,0.42845495311863024,name_with_a_y,name_with_a_y,33,0.9722538958570885
bisexual,3435,9785,0.0008295332487268763,0.5058763413387839,reverseeffect,bicoastaltoo,73,0.9545851528384279
radiocontrol,2166,9774,0.002084279618457838,0.5496214446490689,rockets4kids,rockets4kids,18,0.9838411819021238
RandomKindness,4637,9770,0.0004544792300665968,0.5836233367451382,molly_b,molly_b,169,0.9163252102652577
biology,5095,9752,0.0003757427102562117,0.4499589827727646,biotruthologist,positronix,243,0.895387634936212
Minneapolis,2766,9752,0.0012751062697519218,0.4499589827727646,dullyouth,franklin_stubbs,38,0.9725234996384671
rant,4538,9725,0.00047234175531230265,0.4997429305912596,doctrgiggles,doctrgiggles,232,0.8867342441604231
Birmingham,1638,9700,0.0036175051446890177,0.5435051546391753,letchworth,letchworth,7,0.9926739926739927
bartenders,2351,9689,0.0017537127704824566,0.455155330787491,twice_knightley,koebs,18,0.9846873670778392
CrohnsDisease,2137,9667,0.002117804896429767,0.5323264715009828,exposure_therapy,penelopeperil,22,0.9780065512400562
BustyPetite,6185,9662,0.00025261425160609535,0.2957979714344856,aazav,lobo2ffs,360,0.8666127728375101
Ask_Politics,2618,9656,0.0014093663310323608,0.5816072908036454,auditortux,auditortux,43,0.9663865546218487
HumanPorn,6233,9644,0.0002482747939607542,0.3851099128992119,robbiekhan,yexy,366,0.8570511792074442
SolForge,1035,9635,0.009003074220465524,0.519979242345615,aureon,pwndnoob,6,0.9903381642512077
kratom,1934,9635,0.0025772906322507195,0.5245459263103269,mac_drevious,tjl2280,17,0.9819027921406411
VictoriaBC,2107,9628,0.0021697673967884376,0.4428749480681346,monkey_monkey_monkey,monkey_monkey_monkey,12,0.9895586141433318
AskFeminists,2201,9627,0.0019881458841022677,0.6519164848862574,finickypenance,finickypenance,16,0.9859154929577465
TinyHouses,3992,9618,0.0006036879572223876,0.4695362861301726,foreveralone42875,foreveralone42875,89,0.9493987975951904
Frat,2654,9609,0.0013647089032876006,0.42272869185138934,manakel93,anyways_vs_anyway,36,0.9717407686510927
Mommit,3246,9536,0.000905321899087368,0.4425335570469799,inkitupandpierceit,flewtea,47,0.9698089956869994
reloading,1573,9523,0.003851168493777793,0.5777591095243095,oberoni,ogive,4,0.996185632549269
mycology,3261,9513,0.000894847641677155,0.5005781562072953,hohenbuehelia,hohenbuehelia,45,0.9705611775528978
ronandfez,1099,9510,0.007880984700447997,0.44100946372239747,smurfboy82,abe_linkin,3,0.9963603275705186
sneakermarket,2418,9509,0.0016270537511211768,0.6009044063518771,drogotmyeyeslow,drogotmyeyeslow,44,0.9636062861869313
freemasonry,1243,9496,0.0061510319301777555,0.5791912384161753,taonzen,taonzen,4,0.995172968624296
Metroid,2249,9493,0.0018776633031050574,0.5151164015590435,phazonzim,phazonzim,25,0.9777678968430413
CallOfDuty,4348,9462,0.0005006148960390791,0.49122807017543857,wareagle33x,wareagle33x,196,0.8981140754369825
OneY,2790,9451,0.0012145769799686685,0.5440694106443763,renner1,renner1,37,0.9713261648745519
freedonuts,5717,9416,0.0002881416491617147,0.4235344095157179,tamoknhba,snowman1717,71,0.9727129613433619
infp,2310,9395,0.0017614116791249748,0.49047365620010647,elementary_vision,eyes_on_the_sky,29,0.974025974025974
Glocks,2246,9372,0.0018586866629514088,0.5388390951771234,k3r3g3,lavenderg0omz,22,0.9808548530721283
Health,4443,9370,0.0004747715902760698,0.48281750266808965,billsil,billsil,201,0.900067521944632
itmejp,2128,9361,0.0020681552258643788,0.46362568101698537,silent0siris,silent0siris,13,0.9877819548872181
flightsim,2042,9357,0.0022451113581951963,0.5373517152933632,nomofica,nomofica,25,0.9760039177277179
ICanDrawThat,4725,9356,0.00041915872567862406,0.6250534416417273,egotrahere,cliffsofinsanity,239,0.8819047619047619
emulation,3285,9339,0.0008656889081696783,0.545668701145733,reverend_sins,reverend_sins,79,0.9482496194824962
futurebeats,4523,9335,0.000456412128368808,0.41499732190680233,lustforlife,lustforlife,183,0.9131107671899182
Rift,2280,9331,0.0017957629923866269,0.5109848890794128,sheep_goes_baa,seatin,24,0.9793859649122807
caps,1372,9307,0.0049478684878140064,0.5015579671215215,vtcapsfan,biger93,4,0.9956268221574344
uwaterloo,2185,9296,0.0019480138473273484,0.45524956970740105,aetherthought,captainpajamashark,22,0.9784897025171625
PolishGauntlet,622,9296,0.02406656621671301,0.7401032702237521,silentwail,thesilverlining,3,0.9935691318327974
Awwducational,5643,9294,0.00029191710006650585,0.3849795567032494,remotectrl,remotectrl,291,0.8779018252702463
torrents,3780,9289,0.0006502798114335558,0.5389169986004952,norkamus,312c,112,0.9322751322751323
gtavcustoms,2040,9280,0.0022310052024733383,0.49116379310344827,mattverso,mattverso,14,0.986764705882353
fantasywriters,1923,9250,0.002502701564878412,0.6235675675675676,crowqueen,crowqueen,8,0.9921996879875195
RedPillWomen,1691,9237,0.003232217902645051,0.5707480783804265,tempesttcup,tempesttcup,18,0.9775280898876404
minerapocalypse,876,9235,0.012048271363339856,0.6282620465619925,oreoba,oreoba,3,0.9954337899543378
Disneyland,2479,9217,0.0015004162487086848,0.43441466854724964,mildly_interesting,mildly_interesting,18,0.9858814037918515
shrooms,3469,9213,0.0007658040918027293,0.5398892868772387,veridikal,veridikal,82,0.9481118477947535
cosplaygirls,5408,9210,0.00031496810511904904,0.3522258414766558,p_v_,p_v_,327,0.860207100591716
milwaukee,2354,9191,0.0016593361716509339,0.4251985638124252,orangutan9,orangutan9,25,0.9796091758708582
mazda,2295,9153,0.0017385506949074312,0.5606904839943188,azarashi,rustysurfsa,31,0.9729847494553376
Eugene,1456,9148,0.004318190400664628,0.5222999562745956,netalialackless24,etherbunnies,10,0.9869505494505495
YGOSales,1021,9141,0.008777438497436193,0.7261787550596215,lazyjediknight,lazyjediknight,2,0.9980411361410382
glassheads,2691,9134,0.0012618130930721848,0.5108386249178892,rastapasta808,lucksack,44,0.9650687476774433
PoliticalHumor,3448,9110,0.0007664959004669314,0.47991218441273326,jvnk,swordsknight,100,0.9353248259860789
TheWire,3662,9100,0.0006787710693150574,0.33164835164835166,bushy-top,redditisforsheep,100,0.9388312397596942
roguelikes,2424,9093,0.001548178961519759,0.4931265808863961,darrengrey,darrengrey,26,0.9777227722772277
csharp,2743,9091,0.001208699659341077,0.4996150038499615,banane9,angularbeginner,34,0.975574188844331
vmware,2262,9087,0.001776754258872333,0.5240453394959833,mcowger,mcowger,22,0.9814323607427056
MCPE,1708,9073,0.0031119278792792865,0.5299239501818582,daplayerninetynine,mojang_tommo,14,0.9824355971896955
TheFacebookDelusion,2837,9057,0.0011256899931541345,0.34912222590261677,liquidsilver,liquidsilver,51,0.9636940430031724
wikipedia,5030,9054,0.0003579240405647246,0.3735365584272145,vranak,vranak,249,0.8860834990059642
badtattoos,4808,9043,0.0003912676570184842,0.3175937188985956,chinchillazilla54,badtattoos_mod,193,0.9130615640599001
flyfishing,2156,9040,0.0019456844117102653,0.5252212389380531,_ifish,_ifish,21,0.9809833024118738
malelivingspace,4295,9025,0.0004893527151349068,0.4250415512465374,slktrx,slktrx,105,0.9464493597206054
gunpolitics,1778,9015,0.0028532941542127157,0.5069328896283971,cbruce,cbruce,13,0.9859392575928009
Nexus7,4253,8998,0.0004975736235326334,0.5058901978217382,lickitandspreddit,lickitandspreddit,153,0.9193510463202446
AmISexy,4785,8975,0.00039206795203796703,0.44880222841225625,britzy,thecasualexpositor,210,0.896969696969697
Survival,3612,8973,0.0006879588117150346,0.5021731862253427,xelbrujox,xelbrujox,100,0.9407530454042082
AustralianMakeup,1170,8943,0.006538571209229892,0.6255171642625517,panda_bear88,panda_bear88,5,0.9931623931623932
mcservers,5631,8942,0.0002820595075534981,0.435696712144934,frankenztien234,avadakedavra03,250,0.8969987568815486
AskSocialScience,3796,8929,0.0006198189342918348,0.544293873894053,urnbabyurn,urnbabyurn,109,0.934931506849315
softwareswap,4829,8905,0.0003819525879528937,0.4696238068500842,s5ean,mthilliard,78,0.9660385172913647
AnimeFigures,1590,8882,0.003515521410958199,0.5730691285746453,kingofquackz,sirram,6,0.9937106918238994
explainlikeIAmA,5658,8868,0.0002770617433407235,0.35498421290031573,wideeyedpup,unidan,234,0.8983739837398373
iosgaming,3907,8868,0.0005810988744846089,0.44677492106450156,othersilhouette,othersilhouette,138,0.9234706936268237
borussiadortmund,1091,8854,0.007445404014497263,0.5586175739778632,blahound,blahound,5,0.9926672777268561
Sherlock,4448,8818,0.00044579807258308485,0.415513721932411,dragongrrl56,punkist1984,175,0.9125449640287769
malefashion,2466,8816,0.0014503124850913601,0.5322141560798548,sisterrayvu,sisterrayvu,55,0.954176804541768
Stance,2674,8815,0.0012332807562592321,0.48099829835507657,__celli,__celli,30,0.9771877337322363
beatles,2729,8779,0.0011792262749720876,0.43262330561567375,dr_hermes,beatlesbible,44,0.9662880175888604
howto,5837,8778,0.00025768586701342607,0.3893825472772841,tomgs,polomaster1,394,0.8353606304608532
roblox,1239,8775,0.00572077904297723,0.5429059829059829,cboehmeroblox,cboehmeroblox,8,0.9887005649717514
WebGames,4534,8755,0.0004259797119803011,0.4237578526556254,gtkarber,travis-touchdown,176,0.913983237759153
gif,6444,8752,0.00021079662143499127,0.2877056672760512,bommer-sooner,sacrix,467,0.8224705152079453
Pizza,4159,8742,0.0005055188993635736,0.43125142987874626,odawg21,cdresden,166,0.9124789612887714
HalfLife,3026,8738,0.0009545918841118024,0.41474021515220877,teuast,teuast,65,0.9550561797752809
Beatmatch,2280,8733,0.001680677120620771,0.5814725752891332,dj_soo,dj_soo,32,0.9714912280701754
gay,3346,8729,0.0007799063111744876,0.4882575323633864,meowskiesqq,shakaspeare,88,0.9459055588762701
crossdressing,2141,8726,0.0019045166246884372,0.4723813889525556,pepper62,pepper62,24,0.9771134983652499
oklahoma,2173,8700,0.0018433156290282803,0.4705747126436782,normallynorman,twistedfork,31,0.9687068568798896
TheoryOfReddit,3263,8659,0.0008135171430488018,0.4938214574431228,fritzly,fritzly,74,0.9512718357339871
fitmeals,4670,8621,0.0003953819969794852,0.4614313884700151,throwamae,spacemilk,189,0.9034261241970022
NeutralPolitics,2602,8613,0.0012726436145738306,0.5756414721931963,nosecohn,nosecohn,30,0.9757878554957725
GifSound,4920,8607,0.0003556394071767512,0.32740792378296735,enleat,metabeing,275,0.8780487804878049
pkmntcg,1697,8605,0.0029898072069467763,0.5810575246949448,rahksi,fourmakestwounless,17,0.9805539186800236
verizon,2401,8584,0.0014896570873247257,0.6001863932898416,angrysmapdi,angrysmapdi,30,0.9729279466888796
reptiles,2186,8575,0.0017952813933477235,0.577259475218659,herherpsnderps,herherpsnderps,21,0.9817017383348582
SoccerBetting,1475,8564,0.003939010647839385,0.6034563288183092,essbeck,essbeck,9,0.9891525423728813
AnimalsBeingBros,6289,8558,0.0002164104132705556,0.28184155176443093,mrgminor,austintreelover,434,0.8258864684369535
Turkey,1499,8553,0.003808947843288494,0.5827195136209518,internet-dumbass,goshuk,15,0.981320880587058
leaves,3849,8506,0.0005743047442190077,0.4700211615330355,headcrab1991,stonethrownaway,139,0.9189399844115355
Scrolls,801,8498,0.013261548064918851,0.575664862320546,togoodlooking,togoodlooking,5,0.9900124843945068
Colorado,2628,8497,0.0012307793033241616,0.4855831469930564,deviatednorm,deviatednorm,74,0.9372146118721462
blackpeoplegifs,4952,8467,0.00034534724630947095,0.33683713239636237,dubteedub,dubteedub,247,0.8855008077544426
Frisson,6013,8454,0.00023385791198245453,0.3685829193281287,laboratoryone,laboratoryone,450,0.8172293364377182
allthingszerg,1879,8451,0.002394890899414582,0.530824754466927,yrimvar,komodenu,17,0.9824374667376264
seinfeld,3655,8425,0.0006308323917645112,0.28700296735905045,ireplywithseinfeld,i_run_far,122,0.9274965800273598
lost,3094,8402,0.0008779756026860494,0.4208521780528446,ohhimark108,ohhimark108,76,0.9457013574660633
hackintosh,2813,8401,0.0010620523792451123,0.6358766813474587,pieter91,jji7skyline,49,0.964095271951653
TF2fashionadvice,2350,8397,0.001521154316458792,0.4842205549601048,karhunperse,karhunperse,32,0.9731914893617021
InteriorDesign,4805,8392,0.00036355413152931005,0.4242135367016206,adonischrist,adonischrist,239,0.8894901144640999
HailCorporate,4334,8384,0.00044645087000941784,0.4310591603053435,eberkneezer,eberkneezer,209,0.891555145362252
Whatisthis,4245,8371,0.00046464821395465533,0.38513917094731814,goldnugs,goldnugs,165,0.9140164899882215
aggies,2201,8366,0.0017277270662095741,0.4475256992589051,von_dredd,oldarmymetal,18,0.9831894593366651
Finland,1853,8326,0.0024261631654464945,0.49075186163824164,grumpyfinn,grumpyfinn,11,0.9881273610361576
no_sob_story,2801,8323,0.0010612281328097107,0.33425447554968163,thefluxisthis,dotbomber95,44,0.9660835415922885
see,4809,8320,0.0003598355689848035,0.37908653846153845,therealkidkudi,therealkidkudi,286,0.8675400291120815
raleigh,2398,8316,0.0014467625816674513,0.45021645021645024,thecrash84,grand_royal,26,0.9787322768974145
feet,2621,8300,0.001208675670086879,0.5337349397590362,therealgj,therealgj,71,0.9427699351392598
triathlon,1886,8297,0.0023338237072833188,0.493431360732795,tunaboo,tunaboo,19,0.9809119830328739
swoleacceptance,3895,8263,0.0005447965435781192,0.31223526564201864,homme_de_terre,frank_caswole,94,0.9468549422336329
ExpectationVsReality,5156,8261,0.00031080718065794354,0.3549207117782351,colorfag,luvanonymouscasanova,264,0.8801396431342126
Vivillon,1649,8259,0.0030391322778736156,0.9013197723695363,shangry-la,shangry-la,6,0.9939357186173439
geology,3333,8259,0.0007436818111583067,0.4540501271340356,thanatocoenosis,thanatocoenosis,89,0.9432943294329433
Jazz,3738,8238,0.0005897383803713762,0.4110220927409565,jon-a,jon-a,144,0.9141252006420546
clothdiaps,1093,8237,0.006901226251637962,0.6004613330095909,call_me_cthulhu_,call_me_cthulhu_,3,0.9963403476669717
duolingo,2800,8234,0.0010506303271576583,0.4976924945348555,bonehead777,krispykracker1,58,0.9542857142857143
Firefighting,1963,8229,0.002136622314032849,0.5077166119820148,whatnever,whatnever,20,0.9801324503311258
pornfree,2386,8201,0.0014411460282816781,0.4782343616632118,curbedenthusiasm,curbedenthusiasm,36,0.9681475272422464
translator,4009,8199,0.0005102665708742156,0.49884132211245275,kungming2,kungming2,174,0.9054627089049638
foodhacks,4826,8194,0.0003518935644361608,0.38101049548450083,amanperson,j_kenji_lopez-alt,203,0.9034397016162453
religion,2436,8194,0.0013814008220295836,0.5933609958506224,hrafnblod,hrafnblod,59,0.9486863711001642
smoking,2707,8173,0.001115746288604371,0.5175578123088217,chaz345,cdresden,42,0.9682305134835612
xmen,2867,8166,0.0009938148836618342,0.4442811658094538,neoblackdragon,goldandblue,57,0.9577956051621904
watercooling,1717,8164,0.0027708653218263004,0.6491915727584517,bartimaeus2,bartimaeus2,5,0.9953407105416424
infj,2125,8162,0.001808352719618921,0.4957118353344768,joantheunicorn,joantheunicorn,29,0.9731764705882353
Tulpas,1221,8139,0.0054638095621702175,0.6298071016095343,falunel,falunel,5,0.9934479934479934
SimCity,3183,8074,0.0007971718074078726,0.4560317067129056,xoxide101,xoxide101,68,0.9531888155827836
overclocking,2396,8060,0.0014045678078634886,0.6727047146401985,buildzoid,buildzoid,38,0.9649415692821369
deadmau5,2189,8057,0.0016822102869340889,0.42621323073104134,zoel_jimmerman,zoel_jimmerman,32,0.968478757423481
Spanish,2240,8055,0.0016060661647419128,0.5301055245189323,isanddbox,isanddbox,45,0.9589285714285715
literature,3654,8039,0.0006022597138071429,0.486378902848613,n10w4,limited_inc,134,0.9178981937602627
introvert,4124,8028,0.0004721449755611456,0.4212755356253114,permaculture,permaculture,167,0.9061590688651794
Neverwinter,1521,7995,0.003458164642375169,0.5403377110694184,ironzerg,ironzerg,19,0.9743589743589743
Maine,1945,7978,0.0021099791593936126,0.4835798445725746,alwaysready,giantslor,24,0.9753213367609255
TexasRangers,1249,7972,0.005114347888567264,0.5514300050175615,colonel_rhombus,colonel_rhombus,11,0.9831865492393915
CrossStitch,2120,7972,0.0017745999804108382,0.4909683893627697,whitewashed_mexicant,hungrydruid,28,0.9740566037735849
computers,3495,7970,0.0006526618695609805,0.5676286072772898,silver_foxxx,silver_foxxx,132,0.9198855507868383
OttawaSenators,1044,7891,0.007246816029505222,0.512989481687999,stinky-pickle,stinky-pickle,6,0.9894636015325671
forhire,5296,7869,0.00028061158991124843,0.49053246918286947,potato_caesar_salad,potato_caesar_salad,503,0.7705815709969789
urbanexploration,4694,7865,0.0003570303103980209,0.4233947870311507,essexplorer,essexplorer,260,0.8704729441840647
BipolarReddit,2048,7811,0.0018631972856619442,0.5983868902829343,bipolartypeone,bipolartypeone,23,0.97802734375
newtothenavy,1647,7809,0.0028805272814594967,0.5903444743244973,kevin_wolf,notannsaguypromise,13,0.98421372191864
saskatoon,1381,7808,0.0040970101480758536,0.4600409836065574,pmf1985,bobnojio,5,0.9934829833454019
Liberal,2272,7805,0.001512681327950087,0.5483664317745035,ademnus,ademnus,53,0.9485035211267606
corgi,3961,7804,0.0004975276623850216,0.3869810353664787,joeharre,tokisushi,185,0.8886644786670033
SanJose,2096,7797,0.0017756289967024359,0.44119533153777096,rude_etude,toqer,27,0.9732824427480916
powerrangers,1400,7795,0.003979883590319616,0.49518922386144965,theartofpolitik,mzago1,8,0.99
berkeley,2323,7784,0.0014430833039488647,0.4234326824254882,letrainfalldown,lifebiggesttroll,28,0.9750322858372794
sailormoon,1862,7773,0.0022431722201027245,0.4904155409751705,poppy-picklesticks,poppy-picklesticks,13,0.9871106337271751
AskScienceDiscussion,2859,7752,0.0009487185323941117,0.5430856553147575,the_evil_within,the_evil_within,79,0.9398391045820217
homestead,3026,7717,0.0008430516788384961,0.4872359725281845,robincrichton,plantyhamchuk,62,0.9540647719762062
cpp,1943,7705,0.0020419759224404276,0.5230369889682025,stl,stl,36,0.9588265568708183
Everton,1235,7698,0.005051214246812643,0.4954533645102624,halt_i_am_ragnar,halt_i_am_ragnar,5,0.9935222672064777
education,2695,7689,0.0010590427707831461,0.5415528677331253,drippingyellowmadnes,drippingyellowmadnes,116,0.9076066790352505
FutureWhatIf,2565,7688,0.0011689824318118923,0.4906347554630593,dudewiththebling,sarlax,42,0.9664717348927875
uhccourtroom,972,7683,0.008140392366276335,0.5823246127814655,thedogstarlp,thedogstarlp,5,0.9917695473251029
PotterPlayRP,497,7664,0.031089764392808465,0.8880480167014614,hi__whitney,strangerthanreality,2,0.9959758551307847
drumcorps,1367,7640,0.004091420761925367,0.49921465968586387,shredder13,shredder13,8,0.9897585954645208
GTA,3997,7631,0.00047777324484855134,0.4355916655746298,rube,rube,203,0.8869151863897924
dubai,1235,7631,0.0050072507037447755,0.5469794260254226,cocoric,cocoric,4,0.9951417004048583
rit,1801,7604,0.0023456104633228455,0.4289847448711205,white-forest,white-forest,20,0.9772348695169351
transpassing,2481,7596,0.0012345438233802707,0.4789362822538178,justsallygirl,robo4536,31,0.9750100765820234
AppHookup,3607,7592,0.000583692797990473,0.44836670179135935,suqmadiqtheii,rl421403,113,0.9293041308566676
GalaxyNote3,2010,7582,0.0018776203601207503,0.5610656818781324,calcprogrammer1,calcprogrammer1,17,0.9835820895522388
allthingsprotoss,1594,7566,0.0029796293539568106,0.5461274121067935,gemini_19,gemini_19,15,0.9811794228356336
BeardedDragons,1530,7566,0.003234204080585799,0.5894792492730637,merlyn923,merlyn923,14,0.9823529411764705
editors,1997,7565,0.00189788691052611,0.5377395902181097,kichigai,kichigai,36,0.9619429143715573
cs50,2217,7564,0.001539628958377096,0.6047065044949762,delipity,delipity,34,0.9688768606224628
Gunsforsale,2522,7535,0.0011851281904484488,0.5897810218978102,firearmconcierge,firearmconcierge,72,0.9393338620142744
ECE,2637,7527,0.0010828452113986614,0.514414773482131,1wiseguy,1wiseguy,49,0.9598028062191885
glasgow,1753,7520,0.0024485096651011835,0.45611702127659576,verygneiss,meepmeep13,30,0.9652025099828865
KerbalAcademy,1804,7508,0.002308298684257452,0.5221097496004262,thejeizon,cremasterstroke,22,0.9745011086474501
blackladies,1361,7505,0.004054652720750313,0.5553630912724851,dualpollux,dualpollux,15,0.9786921381337252
windows8,3475,7499,0.0006211818110278617,0.5302040272036271,deusbex,meatwad75892,167,0.8972661870503598
ak47,1406,7498,0.0037956293060245113,0.6177647372632702,jakesgunreviews,jakesgunreviews,9,0.9886201991465149
chrome,4945,7491,0.0003064044293048779,0.4840475236951008,the_mazzter,the_mazzter,509,0.7304347826086957
hardbodies,4099,7489,0.00044583479335447195,0.3511817332087061,vladtobrazil212,vladtobrazil212,195,0.8931446694315687
Calligraphy,1985,7485,0.0019005951897294222,0.6158984635938544,gardenofwelcomelies,gardenofwelcomelies,38,0.9586901763224182
perfectloops,5095,7470,0.00028781768310232785,0.36091030789825973,orbojunglist,orbojunglist,377,0.828459273797841
youtube,4588,7469,0.00035490352269187264,0.4913643057972955,pokechu22,pokechu22,399,0.7916303400174368
TaylorSwift,1925,7461,0.0020144720144720145,0.4481972925881249,swsephy,bentley13,37,0.9615584415584416
Velo,1551,7461,0.003103512822112685,0.48009650180940894,imsowitty,imsowitty,9,0.9890393294648614
SEO,2669,7460,0.0010476215620177922,0.5096514745308312,mtjess60,mtjess60,51,0.9617834394904459
NorthCarolina,2181,7460,0.0015690134564987864,0.49115281501340485,lowready,lilsteviejobs,39,0.9624025676295277
namenerds,1605,7460,0.002897740073492282,0.4581769436997319,bgbiehl,bgbiehl,8,0.9912772585669782
Adelaide,1766,7450,0.0023901263719164965,0.4646979865771812,insanopointless,sparkyrailgun,19,0.977916194790487
HVAC,1855,7425,0.0021589511422814224,0.5818181818181818,jim-jones,jim-jones,8,0.9919137466307277
asianamerican,1684,7419,0.0026176957502932075,0.5049198005121984,popepaulfarmer,kyoppo,26,0.9596199524940617
dogpictures,4707,7408,0.00033442971021539205,0.4225161987041037,hiyosilver64,tinyirishgirl,354,0.8247291268323773
askseddit,3217,7389,0.0007141978945805631,0.553525510894573,recyclablebantha,recyclablebantha,130,0.9129623873173764
Destiny,2599,7385,0.001093717279192773,0.33933649289099527,neodestiny,neodestiny,121,0.8984224701808388
arresteddevelopment,5125,7368,0.0002805734848917576,0.2679153094462541,altogether-andrews,altogether-andrews,311,0.8536585365853658
ABDL,1294,7353,0.004394725612052055,0.5140758873929009,autieab,autieab,10,0.9860896445131375
rpg_gamers,2933,7341,0.000853648723259666,0.45797575262225854,recontheexile,mysticrudnin,70,0.9498806682577565
Marijuana,3288,7318,0.0006771125949974722,0.45859524460235035,pocahontas_spaceman,pocahontas_spaceman,127,0.9118004866180048
ShitPoliticsSays,1021,7308,0.007017341706516103,0.4701696770662288,fcdrandy,fcdrandy,4,0.9931439764936337
florida,2328,7301,0.0013477302900213688,0.4656896315573209,majesticjg,majesticjg,50,0.9561855670103093
NotTimAndEric,4753,7258,0.0003213458662648648,0.24414439239459906,merreborn,internetfree,269,0.8693456764148959
marketing,3914,7254,0.0004736383745545847,0.47615108905431486,karmacatalyst,anonjian,171,0.8965252938170669
longisland,1924,7241,0.0019571053112394767,0.4866731114486949,pumper911,dragonzim,21,0.9792099792099792
glutenfree,2384,7238,0.0012740553191369515,0.4943354517822603,happyonashelf,happyonashelf,40,0.964765100671141
wedding,3179,7199,0.0007125703587755628,0.43867203778302544,mgsoloist,thelawisi,104,0.922931739540736
MINI,1592,7198,0.002841833302275046,0.5540427896637955,_gizmo_,_gizmo_,15,0.9817839195979899
terriblefacebookmemes,3639,7186,0.0005428032790575376,0.3089340384080156,mightyvanguard,mightyvanguard,165,0.9002473206924979
retrogameswap,900,7179,0.008872821653689284,0.79314667781028,chaser1314,chaser1314,10,0.9788888888888889
ruby,2687,7168,0.0009931716676721237,0.48018973214285715,realntl,realntl,57,0.9508745813174544
tasker,2789,7163,0.000921199444631065,0.5922099678905487,1d10t3ch,1d10t3ch,69,0.9444245249193259
SelfDrivingCars,1668,7152,0.0025721474410153942,0.5302013422818792,naturalredditor,naturalredditor,16,0.9814148681055156
newhampshire,1833,7145,0.002127719132736321,0.49545136459062283,diecommiescum,diecommiescum,18,0.9814511729405346
Braveryjerk,1907,7143,0.001965201381556105,0.4023519529609408,goldmine44,goldmine44,31,0.9680125852123754
lacrosse,2186,7141,0.0014950559101919642,0.5016104187088644,nozicky,nozicky,35,0.9675205855443733
MovieSuggestions,3406,7137,0.0006153949625046239,0.3659801036850217,jupiterkansas,jupiterkansas,133,0.917204932472108
CalgaryFlames,827,7132,0.010440607698411071,0.5790802019068985,weightofthehenewyear,cpbrowner,6,0.9879081015719468
Divorce,1761,7123,0.0022982164059676836,0.597781833497122,latufu,latufu,26,0.9681998864281658
Dualsport,1753,7122,0.0023189209886769454,0.5363661892726762,noeatnosleep,rehtona_yrt,15,0.9834569309754706
classic4chan,4073,7105,0.00042839254335296363,0.31527093596059114,wsgy111,wsgy111,159,0.909648907439234
photoshop,3455,7100,0.0005949602675477666,0.5101408450704226,chain83,chain83,130,0.9166425470332851
celebnsfw,4939,7088,0.0002906254195063944,0.28442437923250563,cj105,officialgarwood,309,0.8485523385300668
GunsAreCool,1488,7078,0.003198870497718579,0.5298106809833286,praisebetoscience,praisebetoscience,15,0.9798387096774194
southafrica,1491,7076,0.0031851061627032893,0.529112492933861,cynicaltechie,cynicaltechie,19,0.9751844399731724
Breadit,2790,7061,0.0009074307539476001,0.5353349383939952,reverblueflame,reverblueflame,67,0.9480286738351255
ToolBand,2287,7057,0.0013498258060986802,0.4279438855037551,zenarchist,zenarchist,36,0.9663314385658067
OSU,1934,7050,0.00188582241384199,0.47120567375886524,bsilvereagle,bsilvereagle,16,0.9829369183040331
giftcardexchange,2119,7038,0.001568167142820856,0.5933503836317136,bg_20,bg_20,53,0.9471448796602171
microsoft,2951,7028,0.0008073103630484352,0.4280022766078543,notdapunk,notdapunk,99,0.9254490003388682
hiking,3720,7022,0.0005075650466797931,0.4847621760182284,gooutsidebook,gooutsidebook,182,0.8833333333333333
StarWarsEU,1459,6997,0.0032892664705423316,0.501357724739174,the_gv3,the_gv3,8,0.9890335846470185
KarmaCourt,2035,6995,0.001689944167820274,0.652180128663331,ghostofwhatsianame,ghostofwhatsianame,37,0.9601965601965602
Porsche,1904,6985,0.0019277942390829165,0.48647100930565496,abominati0n,m0b1u5,24,0.9732142857142857
statistics,2619,6978,0.0010177141772047776,0.5511607910576096,efrique,efrique,86,0.9301260022909508
GolfGTI,1495,6965,0.0031183821126199336,0.5409906676238334,unknownqty,unknownqty,8,0.9906354515050168
90daysgoal,1016,6924,0.006714246926030798,0.7169266320046216,dinosaurdinosrawr,dinosaurdinosrawr,3,0.9950787401574803
Enhancement,4147,6898,0.00040119901390423874,0.5201507683386489,andytuba,andytuba,202,0.8813600192910538
FreeKarma,3296,6890,0.0006344196119451361,0.4374455732946299,b6d27f0x1,b6d27f0x1,112,0.9232402912621359
Motocross,1241,6888,0.0044760988796756,0.5493612078977933,adamcr151515,adamcr151515,5,0.9935535858178888
mylittleandysonic1,595,6878,0.019460713578360638,0.6923524280314045,edriss562,edriss562,1,1.0
aoe2,1794,6873,0.0021367003228833052,0.4879965080750764,mudelta,mind_killer,20,0.9777034559643255
Tucson,1815,6870,0.0020866174018424194,0.4570596797671033,custosclavium,custosclavium,20,0.9768595041322314
taiwan,1489,6865,0.0030984387298973837,0.5214857975236707,shrimpcrackers,guohuade,20,0.9731363331094695
findareddit,5067,6862,0.0002673219521654987,0.38705916642378313,meangrampa,lookee_over_there,521,0.760410499309256
rutgers,2053,6859,0.0016281503130017498,0.49045050298877385,4waves,litecoinminer123,33,0.960058451047248
Swimming,2506,6857,0.0010923085990827603,0.48563511739827914,istillhatecraig,thegreatcthulhu,53,0.9545091779728652
ft86,1317,6856,0.003955752804684128,0.5163360560093349,stevetehpirate,quickstoprandal,10,0.9863325740318907
OpiatesRecovery,1461,6853,0.0032127553842836113,0.5912738946446812,quarkjet,quarkjet,8,0.9904175222450377
rccars,1317,6845,0.0039494060601025175,0.6024835646457268,whoknowswho2,reapergn,6,0.9916476841305999
Switzerland,1452,6834,0.003243701978117115,0.5229733684518584,p1r4nha,p1r4nha,12,0.9827823691460055
Norway,2302,6823,0.0012881114281517762,0.47662318628169426,desanti,desanti,32,0.970894874022589
AskAcademia,2463,6822,0.0011250174392545003,0.514805042509528,snowblindalbino,snowblindalbino,71,0.9382866423061307
inthenews,3032,6805,0.0007404794258798049,0.5013960323291697,ademnus,ademnus,167,0.8773087071240105
gratefuldead,1897,6802,0.0018911717146104553,0.46486327550720374,mrcompletely,mrcompletely,25,0.9715340010542962
ChronicPain,1445,6792,0.0032550872719953224,0.6210247349823321,halt_i_am_ragnar,halt_i_am_ragnar,10,0.9875432525951557
serbia,722,6792,0.013047437192880002,0.5730270906949352,vratijasesheemeh,vratijasesheemeh,3,0.9930747922437673
TrueAnime,799,6773,0.010622614107233039,0.701314041045327,novasylum,bricksalad,6,0.986232790988736
Brooklyn,2376,6749,0.0011959950381003012,0.44302859682915985,ddshroom,grandzu,36,0.9688552188552189
Volvo,1713,6741,0.002298598949211909,0.5420560747663551,fcpeuro,fcpeuro,17,0.978984238178634
modelmakers,1277,6740,0.004136359954144093,0.5878338278931751,solipsistnation,solipsistnation,8,0.9890368050117463
Supplements,2466,6722,0.0011058303680562753,0.5980362987206188,silverhydra,silverhydra,69,0.940389294403893
superman,2109,6695,0.0015059251801486896,0.4436146377893951,neoblackdragon,supermanfan122508,36,0.963963963963964
ass,5109,6671,0.0002556254850216724,0.3013041523010043,akrazyassho,akrazyassho,510,0.7627715795654727
shittyadvice,3438,6670,0.0005644694334300971,0.3391304347826087,thehalfwit,thehalfwit,133,0.9162303664921466
nl_Kripparrian,1991,6666,0.0016824453760515283,0.31173117311731174,awake283,hostik,29,0.9703666499246609
MotoG,2045,6660,0.0015933090588950186,0.5354354354354355,roygbiv856,roygbiv856,36,0.9647921760391198
TeamRedditTeams,5631,6658,0.00021001478430901255,0.4367677981375789,xlacker,fubsygamr,844,0.6135677499556029
manchester,1797,6648,0.0020598547690843312,0.47382671480144406,swissjames,captain_birdseye,18,0.9788536449638287
ActionFigures,1369,6630,0.0035401689029000553,0.5191553544494721,smb73,smb73,7,0.9905040175310446
Heavymind,4200,6627,0.0003757697410948185,0.4047080126754187,marveldeadpool,marveldeadpool,226,0.8759523809523809
projectcar,2059,6596,0.0015566068236772263,0.5567010309278351,kowalski71,kowalski71,24,0.9747450218552696
DnB,2630,6590,0.0009531013396931274,0.44461305007587254,kriegdavid,kriegdavid,84,0.9311787072243346
stalker,1700,6587,0.0022805802721323964,0.5586761803552451,celicethegreat,celicethegreat,22,0.9729411764705882
ChineseLanguage,1927,6560,0.0017675261262455537,0.48902439024390243,baozichi,baozichi,24,0.9761286974571873
TimAndEric,2842,6557,0.000812100684136306,0.26017996034772,secretidentity666,iamtimheidecker,63,0.953905700211119
linuxadmin,2250,6546,0.0012936119756929005,0.48548732050106935,mcrbids,cpbills,33,0.968
hardstyle,1278,6535,0.00400427449408887,0.5120122417750573,zman0728,zman0728,14,0.9788732394366197
grammar,2460,6534,0.0010801535424870311,0.5087235996326905,epistaxis,epistaxis,66,0.943089430894309
mead,1435,6530,0.0031733072859718436,0.6192955589586524,balathustrius,balathustrius,14,0.9804878048780488
cyanogenmod,2907,6525,0.0007723957478815049,0.5949425287356321,dummiexx,dummiexx,113,0.9112487100103199
berlin,1909,6521,0.0017903168594531256,0.4658794663395185,cyzzie,cyzzie,35,0.9612362493452069
Trucking,1047,6512,0.005946152258752587,0.562960687960688,eog_prod,vanishing_point,6,0.9904489016236867
Reformed,879,6508,0.008432651516918428,0.6659496004917025,terevos2,terevos2,4,0.9908987485779295
PanicHistory,1446,6507,0.0031141868512110727,0.3992623328722914,biffingston,askinnydude,10,0.9847856154910097
GoneMild,3112,6504,0.0006718014442491565,0.5624231242312423,chris_dk,chris_dk,178,0.8743573264781491
tabletopgamedesign,1646,6502,0.002401326601838481,0.5635189172562288,thejermtube,notnotnoveltyaccount,9,0.9902794653705954
hentai,3569,6498,0.0005102797256394438,0.41582025238534936,h1_steak_sauce,slick_throwaway,222,0.8646679742224713
retrogaming,2421,6487,0.0011072195425017323,0.49082780946508403,zadocpaet,zadocpaet,62,0.9467162329615861
HuntsvilleAlabama,1156,6427,0.0048135831872856095,0.5063015403765365,addywoot,mirathi,9,0.986159169550173
AskPhysics,2326,6412,0.001185661849684261,0.5988771054273238,the_artful_dodger_,the_artful_dodger_,37,0.9656061908856406
Bowling,1235,6411,0.004206720516538823,0.5440648884729371,seekingmorrow,redsox113,10,0.9854251012145749
TMNT,1897,6408,0.0017816272195271682,0.4753433208489388,agentxleavening,tmntman,30,0.9683711122825513
Amsterdam,1950,6398,0.0016834405546565629,0.4929665520475148,blogem,blogem,48,0.9461538461538461
Sprint,1451,6381,0.003032866750635709,0.6136969127096067,halcyoncmdr,petarmarinov37,12,0.9848380427291523
circlebroke2,1296,6346,0.0037811621144954476,0.3693665300976993,askinnydude,deleigh,11,0.9799382716049383
talesfromcallcenters,1771,6329,0.00201903230643098,0.4708484752725549,ladyacw,ladyacw,24,0.9706380575945793
BitcoinMining,2215,6324,0.0012895569136278271,0.5490196078431373,raider1284,raider1284,48,0.9530474040632054
showerbeer,3610,6302,0.0004837091635331493,0.40653760710885434,iusedtosmokadaherb,iusedtosmokadaherb,191,0.8764542936288089
PixelArt,2770,6290,0.0008200643274625071,0.4686804451510334,doomcube_art,cwearly1,77,0.9404332129963899
toosoon,4104,6288,0.00037342523584939273,0.3056615776081425,edgarallannope,mrmoustachio,257,0.8501461988304093
OFWGKTA,2166,6280,0.001339193370566321,0.48471337579617835,davidmakestunes,davidmakestunes,52,0.9515235457063712
misleadingthumbnails,4848,6273,0.0002669559817545609,0.28821935278176314,pajam,bluntbows,468,0.7646452145214522
happy,4458,6264,0.0003152601303739547,0.3879310344827586,n33hai,tinyirishgirl,305,0.8180798564378645
memphis,1530,6262,0.0026767890500433876,0.4564037048866177,alexandrathegr8,slamball,15,0.9816993464052287
Plumbing,1927,6253,0.0016848080590569278,0.6109067647529186,plumbtree,plumbtree,31,0.9688635184224182
zombies,3747,6243,0.0004447765366591191,0.4356879705269902,natomarksman,natomarksman,219,0.8638911128903123
BackYardChickens,1703,6235,0.002151108191599396,0.5071371291098636,jrwreno,jrwreno,21,0.9753376394597769
Poetry,3361,6231,0.0005517596803672377,0.49558658321296745,jessicay,jessicay,219,0.8571853614995537
budgetfood,3540,6207,0.0004954478187365004,0.4282261962300628,shaleesmo,patatasfritatas,135,0.9101694915254237
grandrapids,1602,6207,0.0024200698533454043,0.43692605123247946,gvsu__nate,gvsu__nate,14,0.9837702871410736
YMS,1855,6204,0.0018039236211062552,0.45390070921985815,anunkindness,anunkindness,18,0.9816711590296496
HomeNetworking,2225,6201,0.001253132325600194,0.6405418480890179,v-_-v,v-_-v,47,0.9555056179775281
AfterEffects,2158,6188,0.0013293787109495004,0.48028442146089206,thegreatszalam,raivion,32,0.9703429101019463
Heroclix,678,6187,0.013479126634510225,0.6377889122353322,cosmicpancakes,cosmicpancakes,3,0.9941002949852508
oakland,1583,6174,0.002465353674830472,0.45221898283122774,ochotona_princemps,ochotona_princemps,28,0.9627289955780164
norge,1519,6163,0.0026727763654231297,0.5127373032613987,desanti,desanti,15,0.9802501645819618
advertising,2296,6157,0.001168461964731692,0.46646093876888095,hathawayshirtman,hathawayshirtman,77,0.9294425087108014
Hiphopcirclejerk,1286,6154,0.003724031927189548,0.4315892102697433,shun-16,shun-16,10,0.9852255054432348
podcasts,2304,6143,0.0011577215105900516,0.5694286179391177,shakamalaka,shakamalaka,105,0.8949652777777778
longrange,1351,6140,0.0033665049209090658,0.6123778501628665,dieselgeek,dieselgeek,7,0.9896373056994818
bettafish,1626,6108,0.0023116661935850126,0.5713817943680419,feralhousewife,bahamut285,22,0.9735547355473555
Genealogy,1395,6094,0.003133758092799144,0.5927141450607154,joeyasaurus,phronimost,11,0.985663082437276
Random_Acts_Of_Pizza,3419,6090,0.000521130070129218,0.5986863711001642,supersizedme,mcredson,313,0.7850248610704884
quotes,4007,6076,0.0003785188202223742,0.42626728110599077,sahkuhnder,sahkuhnder,339,0.8003493885700025
golang,1909,6037,0.0016574364178068577,0.47010104356468446,jerf,jerf,22,0.9753797799895233
shanghai,1244,6033,0.0039015916786738856,0.5251118846345102,kinggimped,kinggimped,10,0.9855305466237942
BPD,1797,6030,0.0018683700748463475,0.5638474295190713,gotja,gotja,26,0.9710628825820813
milf,4486,6028,0.0002996067040727724,0.30656934306569344,wowmilfy,real_fake,433,0.7690592955862684
AskNetsec,2352,6028,0.00109014256489495,0.5169210351692104,catcradle5,aydiosmio,64,0.939625850340136
SampleSize,3695,6026,0.0004414868715167704,0.3899767673415201,thunderling,thunderling,265,0.8303112313937754
blackberry,1463,6026,0.0028173281107257636,0.5207434450713575,rocmon,rocmon,14,0.9822282980177717
entwives,1719,6014,0.0020364060920168413,0.47855004988360494,a_stitch_in_lime,a_stitch_in_lime,18,0.9790575916230366
MosinNagant,1430,6012,0.002942054446603082,0.5359281437125748,jakesgunreviews,jakesgunreviews,8,0.9895104895104895
Wellington,1316,5998,0.003465970159603361,0.5261753917972658,chimpwithalimp,chimpwithalimp,9,0.9855623100303952
medical,3192,5987,0.0005877864513995738,0.5505261399699348,wallbrack,wallbrack,205,0.8646616541353384
fcbayern,1210,5985,0.0040912167011873755,0.4658312447786132,dictarium,dictarium,16,0.9743801652892562
240sx,967,5982,0.00640387444038359,0.5850885991307255,chr1110,chr1110,2,0.9979317476732161
TEFL,1797,5970,0.001849779327832951,0.5849246231155779,captainenema,captainenema,40,0.9510294936004452
granturismo,1379,5961,0.0031369358541085387,0.5039422915618185,kilogttam,kilogttam,12,0.9840464104423495
Blacksmith,1688,5936,0.002084521445005998,0.543800539083558,colindavies,beammeupscotty2,23,0.9739336492890995
Dexter,3264,5920,0.00055584599760836,0.39222972972972975,thehellfish,thehellfish,149,0.8979779411764706
spicy,2402,5915,0.0010256273319367,0.463905325443787,cdresden,cdresden,45,0.9612822647793505
NUFC,912,5907,0.007109740597377087,0.48010834603013375,kicka11,kicka11,2,0.9978070175438597
eatsandwiches,3289,5899,0.0005454848758561866,0.423122563146296,jeffreyww,frankentim_the_crim,136,0.9057464274855579
ploungeafterdark,496,5891,0.023993971977842945,0.8490918350025463,sushisaki,sushisaki,2,0.9959677419354839
Delaware,1288,5888,0.003552003552003552,0.48947010869565216,theshittybeatles,theshittybeatles,11,0.984472049689441
SkyDiving,1305,5874,0.0034518017065087087,0.4794007490636704,assholeinreallife,assholeinreallife,15,0.9770114942528736
Boise,1197,5834,0.004075126500755791,0.4809736030167981,encephlavator,encephlavator,5,0.9924812030075187
GaybrosGoneWild,2710,5831,0.0007942637565910543,0.49322586177328076,ryanmatthews26,willysucks,98,0.9214022140221402
UofT,1618,5827,0.0022271859637213688,0.5048910245409302,bluebombed,saigyouji,22,0.9728059332509271
crafts,3601,5824,0.0004492579221821099,0.4254807692307692,discokittie,discokittie,180,0.8855873368508748
InfertilityBabies,332,5820,0.05296108906926801,0.711340206185567,kat_loves_tea,princesscbhammock,1,1.0
Berserk,1460,5817,0.0027308064258687224,0.4541860065325769,walterbennet,walterbennet,20,0.9698630136986301
snackexchange,3032,5791,0.0006301420066524541,0.5933344845449836,pixelationnation,pixelationnation,155,0.878957783641161
yiff,1925,5778,0.00156006156006156,0.5077881619937694,jackthatbody,jackthatbody,46,0.948051948051948
spelunky,1444,5762,0.0027652839287188318,0.45990975355779246,erekai,erekai,21,0.971606648199446
RedHotChiliPeppers,1630,5749,0.0021651282167161907,0.40633153591929033,gamerhcp,gamerhcp,25,0.9699386503067484
alaska,1690,5742,0.002011624118469316,0.4792755137582724,skiingineer2,cdresden,20,0.9763313609467456
urbanplanning,1742,5736,0.0018913078314520273,0.500697350069735,hylje,hylje,38,0.9563719862227325
Korean,1602,5733,0.002235260265704721,0.540380254665969,pikmeir,pikmeir,34,0.9563046192259675
Piracy,2641,5727,0.0008214002960311177,0.5217391304347826,norkamus,norkamus,121,0.8947368421052632
KingOfTheHill,2513,5724,0.0009067498688349247,0.27078965758211043,archfapper,denvernugs,69,0.9411062475129327
spotted,2052,5704,0.0013553033132699022,0.43934081346423565,moabroa,bender44410,46,0.952729044834308
mturk,1705,5697,0.0019608855478914543,0.5248376338423731,clickhappier,clickhappier,23,0.9706744868035191
PickAnAndroidForMe,2499,5673,0.0009087702334736938,0.6490393090075798,qandandroid,qandandroid,76,0.936374549819928
ferrets,1409,5657,0.0028514944512549197,0.5016793353367509,firexcracker,firexcracker,18,0.9751596877217885
gaybrosgonemild,2029,5652,0.0013735742969545146,0.5035385704175513,elbulldogingles,blyan,46,0.9502217841301134
Shave_Bazaar,1167,5651,0.004152942335025082,0.6568748894001062,bostonphototourist,ch4rr3d,13,0.9794344473007712
DrugNerds,2101,5645,0.0012794360961900229,0.5604960141718335,borax,borax,46,0.9533555449785817
mormon,1092,5637,0.004731519626111743,0.6191236473301401,willypete,cenosillicaphobiac,8,0.9871794871794872
Chattanooga,1303,5622,0.00331386980063731,0.4759871931696905,n0ia,simonthefish,13,0.9815809669992326
confessions,3112,5619,0.0005803893473610102,0.47125823100195763,beohh,free_blowjobs,168,0.8740359897172236
oblivion,2321,5617,0.001043136876197834,0.4899412497774613,minsctheranger,minsctheranger,60,0.9461439034898751
Albany,1205,5615,0.0038702251140734206,0.4491540516473731,vernacularry,vernacularry,11,0.983402489626556
ghettoglamourshots,3150,5603,0.0005648555600921431,0.3262537926111012,maybesaydie,sexualpie,144,0.9
climateskeptics,811,5572,0.008482136061256489,0.6450107681263461,logicalprogressive,logicalprogressive,7,0.9827373612823674
MST3K,1803,5571,0.0017146782739090047,0.3313588224735236,saxonjf,saxonjf,16,0.9833610648918469
AsiansGoneWild,2689,5569,0.0007704725158936762,0.5289998204345484,applesoey,applesoey,114,0.9062848642618073
DataHoarder,1672,5566,0.0019921887303537117,0.5734818541142652,sirmaster,sirmaster,26,0.9683014354066986
FortWorth,1454,5561,0.0026322241797315424,0.47761194029850745,hoodoooperator,hoodoooperator,16,0.9773039889958735
ShitRConservativeSays,879,5560,0.007204293551638977,0.5356115107913669,pocahontas_spaceman,pocahontas_spaceman,5,0.9908987485779295
gamemaker,1221,5557,0.0037304815993340584,0.6161597984524024,zecatox,zecatox,14,0.9778869778869779
dubstep,3444,5548,0.00046788194532291783,0.43799567411679885,dddamnsonnn,dddamnsonnn,291,0.8008130081300813
javahelp,1921,5529,0.0014990564809994795,0.6153011394465545,desrtfx,desrtfx,29,0.9682457053617908
CableManagement,2162,5517,0.0011808440005975922,0.5434112742432481,lavins,lavins,37,0.9643848288621647
Hammocks,2168,5517,0.0011743155041148935,0.5115098785571869,elevatedmovement,purple-is-delicious,72,0.9285055350553506
iran,1070,5499,0.004807532587884563,0.5895617384979087,marmulak,marmulak,11,0.9803738317757009
Trophies,1219,5461,0.0036780800974175985,0.5519135689434169,360walkaway,360walkaway,13,0.9803117309269893
rails,1881,5455,0.001542581469793116,0.501558203483043,materialdesigner,materialdesigner,28,0.9691653375863902
lfg,3118,5447,0.0005604597931062725,0.6058380760051404,new_pathfinderplayer,new_pathfinderplayer,222,0.8162283515073765
DecidingToBeBetter,3903,5445,0.00035752965329275945,0.4202020202020202,samp615,dorsk,321,0.789648987957981
Ford,1939,5444,0.0014487269351974117,0.5558412931667891,c-c-x-v-i,c-c-x-v-i,51,0.9422382671480144
counterstrike,3225,5444,0.0005235924365706811,0.4313005143277002,stinglock,stinglock,192,0.8629457364341085
PrettyGirls,4258,5427,0.00029939911640021965,0.2848719366132301,littlemisfit,littlemisfit,390,0.7761860028182245
htpc,2012,5400,0.001334607966324381,0.5907407407407408,boxsterguy,majesticjg,47,0.9502982107355865
Muse,1339,5379,0.0030023744377873857,0.44208960773377953,sidious911,sidious911,17,0.9753547423450336
MtF,1036,5378,0.005015574580791972,0.6054295277054668,willownd96,willownd96,8,0.9845559845559846
calvinandhobbes,3911,5376,0.00035155613944798625,0.38318452380952384,surefif,surefif,307,0.802352339555101
ACMilan,677,5370,0.011733806473040651,0.49757914338919923,junaid96,junaid96,1,1.0
boulder,1774,5368,0.0017066723640528,0.4262295081967213,i_am_not_sam,i_am_not_sam,28,0.9684329199549042
help,3226,5353,0.0005145210667204929,0.5484774892583598,redtaboo,redtaboo,193,0.8583384996900186
LeagueOfMemes,2763,5353,0.0007014434823674694,0.40276480478236504,mahlazah,mahlazah,143,0.8805646036916395
gamedesign,2044,5350,0.0012811634017354855,0.53196261682243,keith-burgun,keith-burgun,51,0.9427592954990215
MachineLearning,2148,5346,0.0011592113719806512,0.49382716049382713,dwf,beatlejuce,69,0.9301675977653632
pakistan,1020,5337,0.005134791895168273,0.5767284991568297,ryzvonusef,ryzvonusef,15,0.9705882352941176
RedditDayOf,3136,5332,0.000542346125052892,0.4036009002250563,georgy_k_zhukov,georgy_k_zhukov,183,0.8651147959183674
animation,2869,5317,0.0006461851378147494,0.46454767726161367,sanchini,sanchini,160,0.8717323109097247
MuayThai,1438,5314,0.002571614677851303,0.5144900263455024,sylviemuay,sharked,18,0.9749652294853964
deadpool,2456,5311,0.0008808388119705182,0.450762568254566,fohacidal,fohacidal,82,0.9299674267100977
kindle,2441,5291,0.0008883419184558868,0.48913248913248913,destinyisntfree,destinyisntfree,96,0.9147890208930766
Perfectfit,3935,5291,0.00034178946260050684,0.35267435267435265,joshguillen,joshguillen,333,0.7921219822109276
Pareidolia,4851,5288,0.00022475969456823655,0.28252647503782147,kimjongilsunglasses,asterix1806,697,0.6359513502370645
jacksonville,1445,5286,0.0025333320553249817,0.49564888384411654,youarecaught,youarecaught,15,0.9792387543252595
COents,1438,5282,0.0025561288536715436,0.5301022340022719,sonowruhappy1,deviatednorm,14,0.9812239221140473
galaxys4,2310,5279,0.0009897277545610158,0.56677401022921,stealer0517,scimit4r4563,87,0.9173160173160173
whatstheword,2826,5271,0.0006602408733066531,0.33428191993929046,chiliflake,carbon_rod,112,0.9083510261854211
CanadianForces,1318,5267,0.003034325264459277,0.5278146952724511,flotiste,flotiste,9,0.9871016691957512
CivcraftExchange,683,5264,0.011300841981425743,0.712386018237082,geohash,geohash,3,0.9941434846266471
russian,1485,5258,0.0023859438953778575,0.5310003803727653,mutalibun,mutalibun,18,0.9764309764309764
MLPCCG,596,5256,0.014821499069426428,0.6308980213089802,ebugle,vikingerik,2,0.9966442953020134
cumsluts,4336,5252,0.00027941282873036345,0.28065498857578064,panking92,panking92,493,0.7216328413284133
NewSkaters,1482,5244,0.0023892380408248063,0.5781845919145691,ixap0c,ixap0c,25,0.9662618083670715
mindcrackcirclejerk,958,5225,0.005699133731672786,0.41607655502392343,wildfallen,lemonszz,7,0.9874739039665971
socialanxiety,2876,5206,0.000629618431396263,0.4821359969266231,finnianwhitefir,finnianwhitefir,180,0.8616133518776078
MAA,501,5204,0.020774451097804392,0.5941583397386626,vishalb777,mc2157,2,0.9960079840319361
Veterans,1508,5199,0.0022877324035139287,0.5289478745912676,scoveterandretired,janedoe2893,17,0.9754641909814323
bdsm,2865,5184,0.0006317821521542017,0.48032407407407407,pikachuuuuu,pikachuuuuu,156,0.8785340314136125
shorthairedhotties,2543,5184,0.000801942234789009,0.41550925925925924,allthatshimmers,honestassessment,89,0.9248918600078647
thinkpad,1334,5175,0.002910210311198489,0.5677294685990338,qazplu33,qazplu33,19,0.972263868065967
Republican,1673,5166,0.0018468098736762026,0.5532326751838947,keypuncher,keypuncher,28,0.9653317393903168
Vaping101,1956,5159,0.0013491179347172317,0.6272533436712541,innokin_mike,innokin_mike,42,0.9570552147239264
londonontario,1218,5153,0.0034763402428378484,0.4207257908014749,stumpyraccoon,stumpyraccoon,10,0.9844006568144499
ImaginaryMonsters,3340,5148,0.00046161047177881436,0.37684537684537683,lol33ta,one_giant_nostril,205,0.8455089820359282
singing,2010,5143,0.0012736219351227932,0.6058720591094692,keakealani,keakealani,68,0.927860696517413
TheRedLion,736,5132,0.009486838213546287,0.72564302416212,girlwithnousername,girlwithnousername,3,0.9945652173913043
billiards,1078,5132,0.004420304460097536,0.5303975058456742,petermgates,petermgates,12,0.9786641929499073
tulsa,1361,5131,0.002772075031335091,0.4755408302475151,bkdotcom,bkdotcom,21,0.9684055841293167
Swingers,1394,5129,0.002641306553262315,0.5693117566777149,feetinthewater,feetinthewater,30,0.9562410329985653
Thetruthishere,2355,5120,0.0009235758982767733,0.498046875,voodoomoocow,jtronzero,78,0.9290870488322718
Cinemagraphs,3700,5111,0.00037343913256322015,0.3823126589708472,bigmurph26,bigmurph26,298,0.792972972972973
kickstarter,3410,5104,0.00043906547185344297,0.46199059561128525,tryusingscience,tryusingscience,347,0.7627565982404693
ucf,1665,5104,0.0018422268422268423,0.49608150470219436,oen386,oen386,26,0.9681681681681682
freelance,2057,5088,0.001203066685078379,0.5082547169811321,g-solutions,sonofaresiii,61,0.9348565872630044
paris,1611,5086,0.001960897710229748,0.5320487613055447,beer_lips,beer_lips,29,0.9584109248913718
shittybattlestations,3230,5080,0.00048707197830803853,0.40393700787401576,bender44410,bender44410,184,0.8613003095975232
rct,1552,5079,0.002109962312309318,0.5008860011813349,inthemanual,valdair,18,0.9768041237113402
Albuquerque,1404,5073,0.0025753726751588475,0.44983244628424995,vanity_plate,vanity_plate,13,0.9829059829059829
Iceland,1784,5058,0.001590130002087478,0.49387109529458284,always_wear_pyjamas,always_wear_pyjamas,46,0.945067264573991
Brazil,1517,5047,0.0021945653743066706,0.5064394689914801,donnutz,donnutz,36,0.9499011206328279
Wicca,1162,5045,0.003739579951403992,0.5990089197224975,karmachallenged,karmachallenged,9,0.9853700516351118
Throwers,801,5043,0.007869850187265917,0.6147134642078128,gengunner02,gengunner02,3,0.9950062421972534
sousvide,1299,5030,0.0029832121662865,0.531610337972167,pagingjimmypage,pagingjimmypage,13,0.9815242494226328
Hotwife,2336,5030,0.0009221642075621132,0.4882703777335984,o01lo80,o01lo80,95,0.913527397260274
MarkMyWords,2746,5029,0.000667173447849961,0.3957049115132233,adamup27,pitchingataint,132,0.8900218499635834
webcomics,3051,5025,0.0005400003223882522,0.4059701492537313,manvsmagic,manvsmagic,196,0.8459521468371026
triangle,1987,5008,0.0012690747664451361,0.4524760383386581,bulldurham27701,bulldurham27701,39,0.9547055863110216
spotify,3150,4964,0.0005004360164728536,0.43513295729250606,swanny246,parla,300,0.7803174603174603
marchingband,1685,4963,0.0017490502336530939,0.5230707233528108,colonelbutterscotch,colonelbutterscotch,31,0.9590504451038576
magicskyfairy,1341,4948,0.002753569957817178,0.3856103476151981,garoldwilsonsnailjr,garoldwilsonsnailjr,13,0.9806114839671887
Whiskyporn,828,4944,0.007220090075881044,0.6245954692556634,dustlesswalnut,dustlesswalnut,9,0.9794685990338164
Hair,3019,4934,0.0005415228623840484,0.5156059991892987,graveyardgirl,firefox7275,241,0.8168267638290825
whatsthisbird,1692,4932,0.0017237691407577034,0.4967558799675588,tinylongwing,tinylongwing,27,0.9680851063829787
oregon,1815,4920,0.0014943460869089817,0.4772357723577236,zoidberg1339,coastscribbler,47,0.9454545454545454
webhosting,1735,4919,0.0016350395048678906,0.5635291725960561,osujacob,osujacob,26,0.9694524495677234
VideoEditing,2429,4913,0.0008330490374748288,0.5345003053124364,kichigai,kichigai,113,0.8954302181967888
emacs,1348,4892,0.002694194594427886,0.5073589533932952,tuhdo,tuhdo,18,0.9747774480712166
entp,1075,4891,0.004236282534320731,0.539766918830505,wittyoriginalname,wittyoriginalname,15,0.9720930232558139
asheville,1375,4887,0.002586740770146884,0.4608144055657868,jadeycakes,ashevillain7,16,0.9781818181818182
playstation,2882,4872,0.0005867728960060662,0.46921182266009853,steppingsplash,steppingsplash,197,0.8455933379597502
AntiJokes,3165,4867,0.0004860166605752312,0.3147729607561126,ilikeeatingbrains,pieman2201,194,0.8477093206951026
cancer,1639,4858,0.0018095252994581854,0.5446685878962536,nikkip0p,nikkip0p,45,0.9426479560707749
Boobies,3995,4837,0.00030314558195240293,0.282819929708497,devilbunnies,devilbunnies,445,0.7306633291614518
acting,1677,4818,0.0017141930057509788,0.5736820257368203,thisisnotarealperson,thisisnotarealperson,41,0.9469290399522957
resumes,3031,4809,0.0005236320398783527,0.5527136618839675,moonpuncher,moonpuncher,246,0.8003959089409436
memes,3524,4809,0.0003873523848309294,0.3946766479517571,molonlabe88,molonlabe88,380,0.7448921679909194
shittyreactiongifs,3329,4806,0.00043379710931903785,0.31002913025384937,ilikeeatingbrains,ilikeeatingbrains,239,0.8182637428657255
festivals,2185,4793,0.0010043922515318396,0.4848737742541206,universitycustoms,toughbeats88,95,0.9070938215102975
needamod,2764,4784,0.0006264295662184763,0.5986622073578596,greypo,greypo,195,0.8306801736613604
bmx,1351,4780,0.0026208295638347453,0.4916317991631799,music1979,sweetandsour,19,0.9681717246484086
Frugal_Jerk,2441,4770,0.0008008676906132262,0.2918238993710692,cynycal,cynycal,98,0.9123310118803769
whitepeoplegifs,3807,4755,0.0003281699874984834,0.2801261829652997,brutaljones,icouldbetheone,328,0.7759390596270029
AnimeSketch,1056,4752,0.0042654028436018955,0.5858585858585859,elleran,elleran,10,0.9820075757575758
fifthworldproblems,2385,4717,0.0008296047725577926,0.34937460250158997,hades_lordofdeath,hades_lordofdeath,90,0.9111111111111111
football,2619,4714,0.0006875185771486559,0.43445057276198557,todevils,chive,164,0.8633066055746468
Charleston,1324,4712,0.002690032038327248,0.4431239388794567,wisertime07,wisertime07,19,0.9720543806646526
TheWayWeWere,2875,4711,0.0005701491634141176,0.3472723413288049,michaelconfoy,michaelconfoy,157,0.8726956521739131
awwwtf,3300,4705,0.0004321787134760763,0.34048884165781085,gmajj,jaygryph,214,0.8409090909090909
geocaching,1601,4703,0.0018359618988132418,0.46183287263448863,scattermycaches,scattermycaches,31,0.9612742036227357
shittydarksouls,961,4695,0.005089099895941728,0.4549520766773163,inferno12,inferno12,6,0.9885535900104059
mashups,2953,4676,0.0005364073281775825,0.40633019674935844,bronyacovooper,bronyacovooper,242,0.8039282086014223
traps,2012,4675,0.001155424489364163,0.5048128342245989,partialasian,estatikk_shyv,56,0.9433399602385686
gamemusic,2964,4671,0.0005318632909801179,0.39948619139370584,psycosulu,cosmic_bard,220,0.8269230769230769
FL_Studio,1603,4658,0.0018138586903613154,0.5538857878917991,laboratoryone,saltoric,32,0.9594510293200249
weather,2274,4657,0.000900982471373444,0.4187245007515568,alexoobers,alexoobers,107,0.8984168865435356
PowerMetal,1117,4649,0.003729427582201429,0.48225424822542484,mushmancat,mushmancat,11,0.981199641897941
AskPhotography,1665,4645,0.001676556364056364,0.570075349838536,apatheticabsurdist,av4rice,41,0.9471471471471471
metacanada,785,4637,0.00753444689977902,0.5727841276687513,pocahontas_spaceman,pocahontas_spaceman,5,0.9898089171974522
Magic,1314,4629,0.002683039642215012,0.5301360985093972,giantjim,giantjim,26,0.9604261796042618
Anarchy101,1027,4627,0.00439118460437581,0.644045818024638,all-the-post-leftist,all-the-post-leftist,7,0.9883154819863681
Scrubs,2393,4623,0.0008076440901346877,0.36426562837983995,remlap,remlap,92,0.9143334726284998
vfx,1488,4620,0.002087988372345272,0.49653679653679655,hydrogenjoule,hydrogenjoule,22,0.9711021505376344
birthcontrol,1947,4606,0.0012156684513714145,0.5918367346938775,paintedlady318,sympathyboner,74,0.9183359013867488
Luthier,1557,4603,0.001899952614694728,0.5435585487725396,luthier42,luthier42,21,0.9736673089274245
Djent,1619,4593,0.0017533599384930649,0.44458959285869804,stangstag,westgateil,32,0.9567634342186535
GNV,1237,4584,0.002998171272496095,0.48080279232111695,lilusa,carlidew,18,0.9692805173807599
Anticonsumption,2071,4578,0.0010678871090770404,0.4456094364351245,theorymeltfool,theorymeltfool,57,0.9425398358281024
typography,2399,4578,0.0007957861230057979,0.4351245085190039,adrientetar,adrientetar,108,0.8949562317632347
rotmgtradingpost,993,4570,0.0046393301497579835,0.5991247264770241,pixled,pixled,8,0.9859013091641491
occupywallstreet,1887,4540,0.0012756815202077507,0.5251101321585903,rspix000,zifnab25,56,0.9321674615792263
gis,1486,4536,0.0020555487581059586,0.5229276895943563,geo-special,geo-special,26,0.9616419919246298
GYBB,469,4525,0.020615785541158674,0.6992265193370166,luc1fer,passlake,1,1.0
wallpaper,3845,4511,0.00030520602590766824,0.4176457548215473,chootz,redw04,543,0.5914174252275682
MeanJokes,2793,4504,0.000577579848105733,0.32149200710479575,finrod_the_awesome,finrod_the_awesome,166,0.8646616541353384
software,2738,4500,0.0006004879164483781,0.4653333333333333,wolfcry0,wolfcry0,208,0.8235938641344047
GameDealsMeta,1498,4486,0.0020004405785313396,0.4823896567097637,silico,silico,51,0.9165554072096128
Equestrian,1025,4484,0.004272103658536586,0.5156110615521855,auntiechichi,atomicpenny,5,0.9921951219512195
Drifting,1616,4483,0.0017177298225178556,0.5103725184028552,desolatemindspace,protomor,32,0.9610148514851485
cade,1554,4476,0.0018546741019374632,0.5326184092940125,amoore2600,amoore2600,26,0.9658944658944659
KDRAMA,987,4472,0.0045952350125670225,0.5290697674418605,skylaarr,skylaarr,11,0.977710233029382
Roku,2067,4458,0.001043924932945737,0.5105428443248093,protuhj,mister_kurtz,71,0.9240445089501693
braswap,1139,4456,0.0034377888290378976,0.7015260323159784,vmbuford,alexa_b,23,0.9604916593503073
whiskey,2275,4453,0.0008607575362192776,0.46620256007186167,amity0,amity0,75,0.9265934065934066
lockpicking,1996,4444,0.0011160164941411645,0.5045004500450045,darksim905,black_skin_head,69,0.9258517034068137
ukulele,1792,4431,0.0013806009212730319,0.5271947641615888,bazmaz,bazmaz,64,0.9246651785714286
Images,2942,4424,0.0005113019221669956,0.4000904159132007,fett4evr,fett4evr,227,0.8215499660095174
glitch_art,2869,4422,0.0005374140830199025,0.4468566259611036,danecarney,danecarney,211,0.8229348204949459
snes,1712,4421,0.0015092693238364186,0.4722913368016286,grantagonist,snesdrunk,42,0.9491822429906542
quilting,1047,4416,0.004032280155812564,0.5072463768115942,girlntheotherrm,goldie2000,14,0.9751671442215855
Infographics,3091,4415,0.000462246065673492,0.3669309173272933,jonathanrdt,jonathanrdt,242,0.8133290197347137
guineapigs,1273,4406,0.0027210027321189485,0.5020426690876079,ellaya,ellaya,17,0.9732914375490966
3amjokes,2872,4397,0.0005332597902956178,0.32158289743006596,ilikeeatingbrains,theoriginalmawz,209,0.8318245125348189
GalaxyS3,1810,4390,0.0013407486813935235,0.5776765375854214,super_midget,super_midget,59,0.9276243093922651
classiccars,1771,4388,0.0013998283710885038,0.5045578851412944,henry_fords_ghost,henry_fords_ghost,47,0.9424054206662902
learnart,2002,4386,0.0010948571668211848,0.5367077063383493,meadtastic,zombiebutch,62,0.9265734265734266
Dreadlocks,1249,4375,0.0028067325655396114,0.5101714285714286,gensyms,gensyms,11,0.9823859087269816
predaddit,1604,4373,0.0017007543524221263,0.44225931854562084,thewingedwheel,klevenisms204,22,0.9719451371571073
batonrouge,1100,4373,0.003617338075936802,0.4765607134690144,heyanntastic,soybotones,10,0.9818181818181818
NSFWFunny,3498,4370,0.0003572448687129195,0.28466819221967965,zombie_feeder,zombie_feeder,340,0.7630074328187536
AppalachianTrail,1173,4356,0.0031685622757783925,0.4921946740128558,prettycoolguy,simco_,14,0.9735720375106565
malegrooming,2926,4353,0.0005086141928247191,0.4442912933609005,pricezombie,raggedclaws,215,0.8178400546821599
xbox,2479,4350,0.0007081274473128761,0.4960919540229885,spaztichero,kinothemystic,174,0.8338039532069382
Blink182,1459,4337,0.002038809301520951,0.4094996541388056,therhymerr,therhymerr,25,0.9623029472241261
Cinema4D,1050,4336,0.003936628989059876,0.544280442804428,sageofshadow,sageofshadow,8,0.9866666666666667
Nissan,1633,4336,0.0016269826975493199,0.5285977859778598,raybrant,raybrant,45,0.9412124923453766
Pmsforsale,646,4324,0.010377516979864162,0.6267345050878816,zuizide,zuizide,2,0.9969040247678018
baconreader,2535,4279,0.0006661280354438025,0.47581210563215703,onelouderchic,onelouderchic,148,0.8552268244575937
crypto,1528,4279,0.0018339179241369144,0.5253563916802991,natanael_l,pint,39,0.944371727748691
latin,1327,4276,0.0024300949873891937,0.5551917680074836,translostation,translostation,17,0.972871137905049
mtgcube,878,4269,0.005544112643278105,0.5312719606465214,jimmyd101,jimmyd101,5,0.989749430523918
Bombing,961,4259,0.0046165019077349986,0.5343977459497534,honestlyimeanreally,acidbathvampire,7,0.9864724245577523
eFreebies,2792,4232,0.0005430882523543235,0.43809073724007563,banned_accounts,banned_accounts,187,0.8445558739255015
Denton,1264,4231,0.002650285135852952,0.4481210115811865,weedbu710,weedbu710,19,0.9699367088607594
autism,1524,4231,0.0018228803146159585,0.5544788466083668,grammerpants,grammerpants,34,0.9560367454068242
postrock,2051,4220,0.0010036745906220642,0.43601895734597157,dustbink,dustbink,94,0.8917601170160897
Kayaking,1866,4219,0.0012123249686071338,0.5233467646361697,eloth,doplebanger,60,0.927652733118971
Dreams,2584,4216,0.0006316604519428653,0.642314990512334,radowl,radowl,202,0.8123065015479877
VinylCollectors,1673,4216,0.0015071913332208422,0.5531309297912713,cannonfunk,cannonfunk,56,0.9252839210998207
robotics,1999,4196,0.0010505753377189095,0.501906577693041,i-make-robots,i-make-robots,78,0.9114557278639319
discexchange,658,4185,0.009680642877961445,0.7120669056152927,cdaddyphresh,cdaddyphresh,3,0.993920972644377
EmmaWatson,2990,4170,0.0004665937870295879,0.32182254196642684,zeospantera,zeospantera,252,0.7976588628762542
comiccodes,417,4166,0.024015403062165652,0.5204032645223235,keklar,keklar,2,0.9952038369304557
cablefail,2100,4147,0.0009408108169423081,0.3776223776223776,brokenwirefixer,redsquirrelftw,83,0.9080952380952381
Transmogrification,2511,4146,0.0006578227115433131,0.4312590448625181,gnomeish,crazyjeffy,160,0.8510553564317005
Needafriend,2933,4144,0.0004818853438479847,0.6776061776061776,brienanza,cayal3,437,0.6133651551312649
tattoo,2885,4139,0.0004974556328226972,0.4406861560763469,stormin217,tattedspyder,281,0.7746967071057193
ConfusedBoners,2903,4137,0.000491067369410147,0.30891950688905,ilikeeatingbrains,kingeryck,225,0.8191526007578367
migraine,1191,4121,0.002907661805276267,0.5459839844697889,tinyrussia,peggyi,22,0.9622166246851386
ableton,1945,4116,0.001088577866641277,0.5082604470359572,diddleherontheroof,warriorbob,65,0.922879177377892
girlsinyogapants,3456,4113,0.0003444585142305837,0.2727935813274982,toss_away12,jandklo,360,0.7416087962962963
judo,994,4110,0.004163956548961442,0.5435523114355231,ryvai,ryvai,12,0.9768611670020121
germanshepherds,1773,4089,0.0013015014533273748,0.44509660063585227,alanak168,alanak168,53,0.934010152284264
DumpsterDiving,1716,4073,0.0013839901595003635,0.48318192978148783,elongated_smiley,elongated_smiley,55,0.9254079254079254
teaching,1853,4071,0.0011862731499558826,0.5094571358388602,hoybowdy,hoybowdy,64,0.9249865083648138
guitarlessons,2276,4071,0.0007862260762085015,0.4657332350773766,joshfrets,rcochrane,105,0.8958699472759226
selfharm,1425,4041,0.001991425192193968,0.5726305369957931,suicidejunkie,suicidejunkie,36,0.9452631578947368
penpals,3217,4029,0.0003894306830782364,0.6026309257880368,cayal3,cayal3,552,0.5498912029841467
BritishTV,1983,4013,0.0010210400920437237,0.3837528033889858,dalatedentarthurdent,heartybeast,75,0.9223398890569844
WhiteRights,1004,4011,0.003983070708194143,0.5450012465719272,slippery_people,slippery_people,18,0.9651394422310757
Miniswap,974,3999,0.004219680870146945,0.6636659164791198,iamdickburns,iamdickburns,14,0.973305954825462
csshelp,1945,3989,0.0010549895796968063,0.7144647781398847,gavin19,gavin19,46,0.950642673521851
MaleFashionMarket,1783,3984,0.0012538924485082645,0.5296184738955824,fearandflashbacks,dihsu,71,0.9125070106561974
Hardcore,1614,3977,0.001527628292736141,0.48126728689967313,holladaddy,holladaddy,45,0.9355638166047088
asatru,711,3969,0.007862364057764307,0.6409674981103552,thorinruriksson,thorinruriksson,4,0.9915611814345991
progrockmusic,1482,3961,0.0018046857131401714,0.43120424135319363,mooshtonk,mooshtonk,44,0.937246963562753
demonssouls,1407,3960,0.0020017773356343664,0.5292929292929293,stereopathic,stereopathic,33,0.9509594882729211
rapbattles,627,3947,0.010055999714651136,0.5644793514061313,prodigy-ii,prodigy-ii,1,1.0
selfpublish,1240,3946,0.00256840844593715,0.5843892549417131,michaeljsullivan,wyndes,24,0.9596774193548387
asstastic,2547,3927,0.0006055828353120024,0.48128342245989303,turn_me_on,cleverer_belle,213,0.7887711032587358
peacecorps,962,3924,0.004244539104060436,0.5591233435270132,shawn131871,shawn131871,12,0.9760914760914761
drunkvapes,1243,3919,0.0025385313957841855,0.5756570553712682,weender,weender,29,0.9541432019308126
CODZombies,1169,3912,0.002865111264750343,0.5061349693251533,keadant,keadant,26,0.9538066723695466
thick,2630,3910,0.0005654971529893973,0.3099744245524297,rob1150,nvr_ndr21_13,208,0.8140684410646388
GameTrade,2228,3904,0.0007868182151641476,0.5973360655737705,marcus95,marcus95,210,0.7809694793536804
catpictures,2542,3903,0.0006042523387491559,0.35972328977709456,pumpmar,mizzpkat,204,0.8127458693941778
penis,2370,3903,0.0006951605922490395,0.5262618498590828,biasso,maxxamillian,203,0.8059071729957806
moviescirclejerk,752,3888,0.006884437770915375,0.4547325102880658,ukol12,a_fish_called_walter,3,0.9946808510638298
911truth,868,3886,0.005163735323351352,0.6212043232115285,sister_lauren,sovereignman,19,0.945852534562212
PrettyGirlsUglyFaces,2806,3885,0.0004935947034810814,0.38764478764478766,rhaenysx,cellcow,270,0.7729864575908767
askdrugs,1752,3884,0.001266073659148458,0.5478887744593203,hans_wermhat4,hans_wermhat4,69,0.9115296803652968
RandomActsOfPizza,2630,3880,0.0005611583001531615,0.5835051546391753,menmybabies,menmybabies,346,0.6897338403041825
onetruegod,3210,3855,0.000374239507460035,0.28793774319066145,beaglemaster,arcwinter,382,0.6993769470404985
gonewildstories,2639,3851,0.0005531709147300897,0.4030122046221761,collegeexp,ryewheats,187,0.8200075786282682
OnOff,3395,3850,0.0003341251085906603,0.28779220779220777,bacoxtc,lobo2ffs,423,0.6774668630338734
ArtistLounge,820,3848,0.00572977158343012,0.6533264033264033,funisher,funisher,7,0.9829268292682927
NewsOfTheStupid,1969,3838,0.0009904536577107772,0.4007295466388744,aweeleprechan,gaggamaggot,85,0.9111223971559167
kpics,1260,3836,0.0024181449121878033,0.4061522419186653,trevarr,thatguylester,29,0.9515873015873015
AnnArbor,1360,3825,0.0020695364238410598,0.43084967320261436,arcsine,arcsine,31,0.9536764705882353
MassiveCock,2154,3808,0.0008211210976802035,0.49684873949579833,sissyboi333,sissyboi333,140,0.8546889507892294
Toyota,1542,3804,0.0016008605256579561,0.5404837013669821,tim_teboner,tim_teboner,46,0.9299610894941635
SkyrimPorn,1438,3803,0.0018403934173632868,0.5385222193005522,thedrdocter,thedrdocter,39,0.9436717663421419
gaybears,1269,3794,0.002357851508801237,0.4623089088033738,elbulldogingles,lascruces,27,0.959022852639874
FullmetalAlchemist,1597,3790,0.0014869672616105072,0.5029023746701847,supersharp,boogiepop_homunculus,55,0.9267376330619912
24hoursupport,2101,3785,0.0008578681353550463,0.614002642007926,1800k001,cheesysnipsnap,126,0.8672060923369824
highdeas,2159,3777,0.0008106677610073314,0.3796664019062748,deathcomesilent,smokiepots,120,0.8772579898100973
marijuanaenthusiasts,2195,3775,0.0007838731848923238,0.43337748344370863,small_trunks,vainamo-,145,0.8341685649202734
Dachshund,1696,3769,0.0013110842099404464,0.41337224728044575,picklemagic,liquidfromastream,63,0.9192216981132075
Attackontitangame,844,3760,0.005284669398953186,0.5925531914893617,tnoodler,tnoodler,9,0.981042654028436
sushi,1753,3723,0.0012122076440387907,0.46091861402095086,smartsushy,smartsushy,67,0.9161437535653166
puppy101,1201,3691,0.002561060227588121,0.572744513681929,jourtney,jourtney,20,0.9625312239800167
Graffiti,2388,3685,0.0006464735351102671,0.4260515603799186,mightybulger,mightybulger,224,0.7768006700167505
vintageaudio,1129,3673,0.002884150286766045,0.5505036754696433,madscientistee,madscientistee,12,0.9778565101860053
PJRP_Community,241,3643,0.06298409405255878,0.8910238814164151,goomy_,gridley117,1,1.0
StockMarket,1667,3640,0.001310662237300439,0.5010989010989011,stockjock-e,stockjock-e,49,0.9358128374325135
AnythingGoesNews,1635,3636,0.0013609872772393967,0.5176017601760176,onionman69,onionman69,81,0.8941896024464832
BBWGW,1192,3630,0.002556928642672392,0.6319559228650138,potatooncouch,jimmy_serrano,29,0.9521812080536913
Cigarettes,1423,3626,0.0017919393369725614,0.5273028130170987,boxpopper,boxpopper,51,0.9248067463106114
misc,2286,3596,0.0006884259817632205,0.40155728587319245,giveitago,giveitago,165,0.8167104111986002
flashlight,1169,3570,0.002614633746206218,0.5854341736694678,mcfarlie6996,mcfarlie6996,19,0.9657827202737382
pugs,1903,3565,0.0009849410389152554,0.37699859747545583,firstname_m_lastname,aronnyc,110,0.8660010509721492
ploompax,1474,3555,0.0016373418963320778,0.48438818565400843,firentxxx,cheebachiefer,40,0.9416553595658074
macgaming,1764,3537,0.001137323902902057,0.5162567147299971,alvalentyn,alvalentyn,77,0.9058956916099773
curvy,2657,3526,0.000499646308228775,0.3142370958593307,maklovyn,nvr_ndr21_13,254,0.7685359427926233
greenday,982,3513,0.0036466799952664785,0.47879305436948477,ihavethisusername,ihavethisusername,13,0.9755600814663951
alternativeart,2468,3503,0.0005753416737893189,0.36597202397944617,ilikeeatingbrains,maclimes,200,0.8063209076175041
OrthodoxChristianity,555,3498,0.011376719679968778,0.6369353916523728,giziti,giziti,4,0.9891891891891892
hugeboobs,1993,3486,0.0008780732563973909,0.31899024670109005,breastofthebreast,blackinthmiddle,120,0.870546914199699
ExposurePorn,2218,3457,0.0007030272266968946,0.4911773213769164,hakka69,om3n1r,146,0.8300270513976555
cocaine,1379,3430,0.0018050142559289193,0.5282798833819242,serdanksy,johnsmcjohn,42,0.934010152284264
DoctorWhumour,1831,3424,0.0010218668767701367,0.37792056074766356,thegallifreyan,thegallifreyan,88,0.8962315674494812
DMT,1408,3406,0.0017192850681656653,0.5384615384615384,dmtpsychonaut,thouartnaught,40,0.9417613636363636
Portal,2129,3374,0.0007447281896615658,0.4072317723770006,famixofpower,quantumplatypus,130,0.8511038046031001
Sidehugs,517,3348,0.012550042733120418,0.5137395459976105,metaphoricallyhitler,emprags,3,0.9922630560928434
Libraries,1145,3345,0.002553669038385196,0.5022421524663677,jemlibrarian,jemlibrarian,22,0.9624454148471616
anal,2190,3343,0.0006973430873754409,0.27639844451091833,stevejablonski687,jebclampit,155,0.8406392694063927
shittyaskreddit,1980,3331,0.000850087535282078,0.3512458721104773,ekolis,gerwer,141,0.843939393939394
tonightsdinner,1903,3325,0.0009186336477961357,0.4637593984962406,jeffreyww,jeffreyww,93,0.884393063583815
ImaginaryLandscapes,2567,3316,0.0005034217803095285,0.3576598311218335,ethan_kahn,one_giant_nostril,239,0.7639267627580834
awesome,2747,3310,0.0004388022051998194,0.33353474320241694,neebat,catherder9000,309,0.7022206042955952
GWCouples,2249,3269,0.0006465902599652831,0.4417252982563475,cumsweatandtears,cumsweatandtears,210,0.7794575366829702
Ohio,1398,3257,0.0016676856087487698,0.4777402517654283,burroughowl,pabstyloudmouth,42,0.9377682403433476
asexuality,1139,3244,0.0025027349554306417,0.5098643649815043,mundabit,pizza_rolls,27,0.9499561018437226
graffhelp,668,3244,0.007280790742353375,0.5684340320591862,notthesable,notthesable,5,0.9880239520958084
audio,1644,3229,0.0011954424358740835,0.5679777020749458,zeospantera,zeospantera,82,0.8868613138686131
Hotchickswithtattoos,2654,3225,0.00045802749642028434,0.3144186046511628,sirblake1,sirblake1,292,0.720422004521477
pornvids,2804,3215,0.00040905327133196903,0.24883359253499224,angelawhitexxx,angelawhitexxx,352,0.6825962910128388
GiveMeTheVirus,1651,3213,0.0011794504707890534,0.7450980392156863,vyss,vyss,50,0.9230769230769231
Stretched,1108,3208,0.002615453350682725,0.5673316708229427,so0ks,so0ks,22,0.9620938628158845
ClopClop,1221,3205,0.002151555430243955,0.5273010920436817,clopping_now,clopping_now,33,0.9475839475839476
realdubstep,1053,3194,0.0028833064321023764,0.4627426424546024,brainchild95,brainchild95,21,0.9553656220322887
AskGames,1906,3190,0.0008785627924526223,0.46206896551724136,nawara_ven,sirsaltie,132,0.8431269674711438
Amateur,3058,3180,0.00034016858241482466,0.2710691823899371,upay46,upay46,505,0.5693263570961413
esports,1264,3171,0.001986304458943444,0.5190791548407443,jus7addwater,jus7addwater,39,0.9359177215189873
transtimelines,1484,3169,0.0014399492541708092,0.4291574629220574,myredditname,justsallygirl,36,0.9494609164420486
animegifs,1400,3167,0.001616971306034923,0.43763814335333123,gothicmaster,x-skeww,38,0.9442857142857143
GoneWildCD,1264,3165,0.00198254607775339,0.5055292259083728,llygoden74,sigziggy,29,0.9549050632911392
shroomers,1033,3156,0.002960444854679304,0.5608365019011406,knotheadtoo,knotheadtoo,24,0.9506292352371732
Helicopters,1037,3144,0.0029264696574243343,0.5318066157760815,iamkokonutz,iamkokonutz,20,0.9623915139826422
alcohol,1979,3139,0.0008018981918843509,0.45237336731443134,rustypipes,rustypipes,127,0.8534613441131885
uglyduckling,2311,3130,0.0005863168996011921,0.39424920127795526,undertheridge,bigmac7,192,0.7866724361748161
trapmuzik,1063,3120,0.0027637376362602377,0.46474358974358976,chrussell,chrussell,24,0.9529633113828786
razer,1491,3119,0.0014039494236110174,0.5617184995190766,dark_skeleton,dark_skeleton,67,0.9027498323272971
gmod,1559,3119,0.0012841087527718058,0.5238858608528374,zeaga,zeaga,84,0.876844130853111
mathrock,1216,3103,0.002100254494260342,0.5117628101836932,asiwyfa,asiwyfa,46,0.921875
stencils,1296,3103,0.0018488726822060155,0.4911376087657106,jay-eff-gee,papasmoustache,30,0.9529320987654321
productivity,2303,3103,0.0005853053830364429,0.43893006767644216,jtcchan,jtcchan,208,0.7594442032132002
baduk,842,3069,0.004333998943684845,0.49266862170087977,kqr,kqr,15,0.9655581947743468
ScotchSwap,428,3066,0.01677646698330014,0.6777560339204175,dustlesswalnut,dustlesswalnut,1,1.0
UBC,1079,3037,0.002610986259867499,0.48205465920316104,advic,wounderby,16,0.9712696941612604
Tgirls,1741,3032,0.0010008780790535232,0.3951187335092348,trans_actions,juliettestray,111,0.8644457208500862
HogwartsRP,269,3031,0.04204349997225767,0.8795776971296602,hrp_sorting_hat,emeraldlight,1,1.0
Fibromyalgia,737,3030,0.005585953631054215,0.5531353135313531,vibes86,bradburysauce,8,0.9810040705563093
Scholar,1647,3020,0.0011139956959927877,0.3609271523178808,paper_fairy,ribs415,40,0.9502125075895568
MMFB,2024,2961,0.0007231560375835989,0.5748058088483621,mattz0r98,mattz0r98,208,0.7529644268774703
StarcraftCirclejerk,640,2949,0.0072109741784037555,0.4889793150220414,default1355,riskychris,27,0.9015625
BeardPorn,1738,2930,0.0009705502589348592,0.45733788395904434,colossus_of_loads,julepmint,102,0.8705408515535098
painting,1680,2916,0.0010337786097166682,0.4348422496570645,fgrissim78,fgrissim78,96,0.8648809523809524
AsianHotties,2032,2898,0.0007022063527140348,0.3243616287094548,paplootheewok,paplootheewok,170,0.8026574803149606
Techno,1305,2897,0.0017023952236560657,0.4556437694166379,inf0,inf0,51,0.9203065134099617
sixwordstories,1960,2887,0.0007518934066735423,0.3851749220644267,neshalchanderman,stringmaster94,146,0.8280612244897959
dayzlfg,2121,2872,0.0006387161627213934,0.4568245125348189,kyledeeds,reidlosdog,211,0.7472890146157473
wifesharing,1683,2821,0.0009965359689077951,0.5104572846508331,paarasian,paarasian,106,0.8508615567439097
House,1470,2816,0.0013040478274359438,0.48082386363636365,elliottp1707,elliottp1707,102,0.8489795918367347
Greyhounds,784,2804,0.004567727474131415,0.4893009985734665,wmwid,wmwid,9,0.9770408163265306
crappymusic,1915,2802,0.0007644646701097588,0.32905067808708066,seraphslaughter,hughristik,155,0.8057441253263707
lookatmydog,1912,2786,0.0007624871641608044,0.4235463029432879,buttkyler,teenmom86,183,0.7850418410041841
POLITIC,1572,2777,0.0011244681350754693,0.5487936622254231,waylaidbyjackassery,waylaidbyjackassery,138,0.8034351145038168
anonymous,1180,2771,0.0019917770014807146,0.6012269938650306,ninjanetizen,ninjanetizen,47,0.9127118644067796
AskTechnology,1567,2762,0.001125545147726782,0.5459811730629979,qriff,qriff,109,0.8430121250797703
BlackMetal,1104,2735,0.002246015478208312,0.47751371115173674,n3phxx,n3phxx,33,0.9402173913043478
gaymersgonewild,1346,2731,0.001508531405182366,0.5236177224459905,xxtoushiroxx,xxtoushiroxx,60,0.9034175334323923
MakeNewFriendsHere,1752,2702,0.0008807752386763988,0.7372316802368616,831_you,831_you,220,0.6797945205479452
Sissies,1396,2686,0.0013792607655256698,0.5309009679821296,sigziggy,sigziggy,81,0.8696275071633238
IDAP,1962,2666,0.0006929207206167567,0.3705926481620405,firez_hn,mrgminor,149,0.8103975535168195
StonerPhilosophy,1653,2663,0.0009751878234452291,0.4198272624859181,throwaway92715,throwaway92715,101,0.8578342407743497
BigBoobsGW,1557,2654,0.0010954756114272884,0.5162019593067069,tits_mcgee223,tits_mcgee223,83,0.8741168914579319
selfimprovement,2001,2650,0.0006621689155422289,0.4633962264150943,dolphinesque,dolphinesque,201,0.7426286856571714
burlington,749,2627,0.004688961395943254,0.5123715264560335,pween,pween,12,0.9692923898531375
Pegging,1451,2626,0.0012481285201644526,0.5102817974105103,rubyryder,rubyryder,88,0.8669882839421089
barstoolsports,706,2623,0.0052699254615956445,0.40792985131528786,mm_31,mm_31,8,0.9773371104815864
ObscureMedia,1725,2615,0.0008793167221493661,0.3877629063097514,aajax,aajax,130,0.8330434782608696
Cuckold,1683,2592,0.0009156402805420081,0.44367283950617287,njperv,njperv,141,0.8003565062388592
goldenretrievers,1423,2582,0.001276003135152552,0.33462432223082883,emzx,k1012,53,0.9198875614898102
RandomActsOfBlowJob,1985,2581,0.000655368895750386,0.4695854320030996,bobbyjo_babe,bobbyjo_babe,309,0.6342569269521411
DAE,1971,2487,0.0006405056053898277,0.40611178126256536,grapp,grapp,232,0.7026889903602233
pornID,1968,2467,0.0006372938030346242,0.24239967571949736,pnlsj,rawchappedweiner,212,0.7530487804878049
TinyTits,1888,2453,0.0006885312530875841,0.33509987770077454,geezra,cammajammies,199,0.7547669491525424
gats,871,2439,0.003218654736925452,0.4034440344403444,lost_thought,tacticaloperatorr,16,0.9632606199770379
conservatives,755,2427,0.0042633548228432905,0.6485372888339513,keypuncher,keypuncher,3,0.9947019867549669
alcoholism,1034,2419,0.0022647225691447234,0.5845390657296403,somuch2learn,somuch2learn,36,0.9187620889748549
Blowjobs,2082,2340,0.0005400861645157851,0.24871794871794872,katelowell,cartoonbumrush,288,0.675312199807877
boltedontits,1601,2311,0.0009021705184259838,0.31674599740372134,vanderfaart,vanderfaart,134,0.811367895065584
GWNerdy,1504,2295,0.0010152567206013505,0.5333333333333333,haut3couture,coinlaundryloser,112,0.8218085106382979
ginger,1928,2271,0.0006112633961159069,0.3531483927785117,natural_red,natural_red,258,0.6664937759336099
randomsexiness,1885,2191,0.0006169502216064922,0.33044272021907806,newuploader1,newuploader1,235,0.6949602122015915
twinks,1045,2168,0.0019872041650626044,0.47601476014760147,porndirector,porndirector,36,0.9244019138755981
AsianLadyboners,663,2133,0.0048598105289059616,0.5794655414908579,saltinyourwound,saltinyourwound,15,0.9577677224736049
tightdresses,1720,2126,0.000719049744984239,0.3142050799623706,ddannyboy,coredumperror,196,0.7209302325581395
pantyselling,982,2119,0.002199634190142234,0.5134497404436055,amberfellows,chocthunder4,51,0.8778004073319755
Stacked,1525,2119,0.0009117507852502044,0.3058046248230297,boobsrbest,boobsrbest,147,0.7665573770491804
Argentinacirclejerk,235,2040,0.03709765411893071,0.6862745098039216,mortiphago,mortiphago,1,1.0
redheads,1778,2027,0.0006415559900819939,0.3334977799703996,devilbunnies,devilbunnies,260,0.6231721034870641
NewsOfTheWeird,1324,1971,0.0011252235032986003,0.3602232369355657,freddiefreelance,buttsexeurope,104,0.823262839879154
Kikpals,1679,1956,0.0006942664804877755,0.50920245398773,ryuguy,ryuguy,352,0.48183442525312686
treesgonewild,1507,1953,0.0008605260444618342,0.45570916538658474,littledreadhead,captain-zebra-tits,148,0.7485069674850697
shittyadviceanimals,790,1951,0.0031300636922237733,0.5248590466427473,puripurihakase,puripurihakase,30,0.9139240506329114
AmateurArchives,1543,1946,0.000817885551501152,0.34224049331963,pictureformat,newstufffuckyeah,195,0.6934543097861309
Bondage,1404,1915,0.0009721739942695039,0.35195822454308096,ace1999,parkerlreed,136,0.7656695156695157
burstingout,1567,1871,0.0007624529223015238,0.3067878140032068,loojit,loojit,194,0.6834716017868538
bakchodi,578,1827,0.0054781623119224245,0.45977011494252873,palakkadan,palakkadan,13,0.9567474048442907
randomsuperpowers,110,1795,0.14970809007506256,0.9626740947075209,galihan,galihan,2,0.9818181818181818
BBW,1116,1739,0.0013975280068148576,0.4703852788959172,abruptlyblue,abruptlyblue,86,0.8315412186379928
BDSMGW,1124,1736,0.0013753196667543406,0.4608294930875576,kinkykusco,shopdog,82,0.8309608540925267
SmiteLFM,1228,1727,0.0011461709792428237,0.4238563983786914,yogiyogabear,yogiyogabear,99,0.7874592833876222
DWMA,110,1648,0.13744787322768975,0.9283980582524272,ravenluna,ravenluna,1,1.0
TributeMe,891,1437,0.0018121287784209133,0.5260960334029228,natalieastak,natalieastak,48,0.8686868686868687
altgonewild,959,1393,0.0015162366853085046,0.548456568557071,83290200,gcupmeltdown,89,0.7831074035453598
pantsu,489,1331,0.0055776258003955885,0.5755071374906086,sirram,sirram,18,0.9263803680981595
TheNarutoWorld,134,1300,0.07294355291213107,0.803076923076923,hjgduyhwsgah_rp,hjgduyhwsgah_rp,1,1.0
GLRP_EastBlue,83,1252,0.1839553335292389,0.9105431309904153,damie904,damie904,1,1.0
DirtySnapchat,1244,1249,0.0008077387712023343,0.3875100080064051,brd_drb,throwaway_52194,288,0.40112540192926044
Musicthemetime,300,1243,0.013857302118171683,0.585679806918745,g_yore,g_yore,5,0.9733333333333334
dirtykikpals,1124,1076,0.0008524446782417457,0.47026022304832715,dreamingmostdarkly,dreamingmostdarkly,321,0.24466192170818504
snapchat,1072,1028,0.000895383028833424,0.44357976653696496,bunnybinta,highhhhclimber,290,0.30130597014925375
pussy,964,941,0.0010136459801019463,0.35494155154091395,detroitchainsaw,rave420,209,0.40767634854771784
workgonewild,655,868,0.0020262856876065083,0.4838709677419355,mrsfieldscookies,mrsfieldscookies,82,0.7007633587786259
ExploreFiction,63,326,0.08346134152585766,0.9447852760736196,morbiusgreen,morbiusgreen,1,1.0
